scheme,designed,active,snr,rep,user,image_index,psnr,err
oma_e40,4,4,-5,0,0,0,14.1389,1
oma_e40,4,4,-5,0,0,1,14.3365,0
oma_e40,4,4,-5,0,0,2,17.5050,1
oma_e40,4,4,-5,0,0,3,15.0482,1
oma_e40,4,4,-5,0,0,4,11.6805,0
oma_e40,4,4,-5,0,0,5,12.7660,1
oma_e40,4,4,-5,0,0,6,18.5573,0
oma_e40,4,4,-5,0,0,7,16.4629,1
oma_e40,4,4,-5,0,0,8,17.5690,1
oma_e40,4,4,-5,0,0,9,17.9966,1
oma_e40,4,4,-5,0,0,10,19.2707,1
oma_e40,4,4,-5,0,0,11,14.6164,1
oma_e40,4,4,-5,0,0,12,18.7245,1
oma_e40,4,4,-5,0,0,13,14.7622,1
oma_e40,4,4,-5,0,0,14,16.3747,1
oma_e40,4,4,-5,0,0,15,19.3108,1
oma_e40,4,4,-5,0,0,16,20.5846,0
oma_e40,4,4,-5,0,0,17,15.4424,1
oma_e40,4,4,-5,0,0,18,16.3638,1
oma_e40,4,4,-5,0,0,19,15.9675,1
oma_e40,4,4,-5,0,0,20,15.6424,1
oma_e40,4,4,-5,0,0,21,15.2441,1
oma_e40,4,4,-5,0,0,22,18.9340,1
oma_e40,4,4,-5,0,0,23,12.8482,1
oma_e40,4,4,-5,0,0,24,16.7820,1
oma_e40,4,4,-5,0,1,0,14.1923,1
oma_e40,4,4,-5,0,1,1,13.5464,1
oma_e40,4,4,-5,0,1,2,17.8427,1
oma_e40,4,4,-5,0,1,3,18.2354,0
oma_e40,4,4,-5,0,1,4,15.7709,1
oma_e40,4,4,-5,0,1,5,9.8897,1
oma_e40,4,4,-5,0,1,6,16.4572,0
oma_e40,4,4,-5,0,1,7,18.9088,0
oma_e40,4,4,-5,0,1,8,17.6846,1
oma_e40,4,4,-5,0,1,9,16.1639,1
oma_e40,4,4,-5,0,1,10,16.8213,1
oma_e40,4,4,-5,0,1,11,17.4893,1
oma_e40,4,4,-5,0,1,12,18.6449,1
oma_e40,4,4,-5,0,1,13,16.5482,0
oma_e40,4,4,-5,0,1,14,17.1912,1
oma_e40,4,4,-5,0,1,15,19.2147,0
oma_e40,4,4,-5,0,1,16,18.3274,0
oma_e40,4,4,-5,0,1,17,16.4848,1
oma_e40,4,4,-5,0,1,18,16.1404,1
oma_e40,4,4,-5,0,1,19,16.1610,1
oma_e40,4,4,-5,0,1,20,17.4634,0
oma_e40,4,4,-5,0,1,21,17.8682,0
oma_e40,4,4,-5,0,1,22,16.4665,1
oma_e40,4,4,-5,0,1,23,10.7120,1
oma_e40,4,4,-5,0,1,24,16.0178,1
oma_e40,4,4,-5,0,2,0,14.0147,1
oma_e40,4,4,-5,0,2,1,13.0639,1
oma_e40,4,4,-5,0,2,2,18.3973,1
oma_e40,4,4,-5,0,2,3,15.0963,1
oma_e40,4,4,-5,0,2,4,15.3345,0
oma_e40,4,4,-5,0,2,5,9.9068,1
oma_e40,4,4,-5,0,2,6,16.1634,0
oma_e40,4,4,-5,0,2,7,18.9394,0
oma_e40,4,4,-5,0,2,8,14.5650,1
oma_e40,4,4,-5,0,2,9,18.3907,1
oma_e40,4,4,-5,0,2,10,18.4700,1
oma_e40,4,4,-5,0,2,11,20.7362,1
oma_e40,4,4,-5,0,2,12,18.8006,1
oma_e40,4,4,-5,0,2,13,14.6099,1
oma_e40,4,4,-5,0,2,14,16.3927,1
oma_e40,4,4,-5,0,2,15,21.2794,1
oma_e40,4,4,-5,0,2,16,19.0427,0
oma_e40,4,4,-5,0,2,17,15.1490,1
oma_e40,4,4,-5,0,2,18,15.4991,1
oma_e40,4,4,-5,0,2,19,16.1785,1
oma_e40,4,4,-5,0,2,20,14.3586,1
oma_e40,4,4,-5,0,2,21,17.6505,1
oma_e40,4,4,-5,0,2,22,16.7308,1
oma_e40,4,4,-5,0,2,23,14.1124,1
oma_e40,4,4,-5,0,2,24,18.7362,1
oma_e40,4,4,-5,0,3,0,15.3762,1
oma_e40,4,4,-5,0,3,1,12.6925,1
oma_e40,4,4,-5,0,3,2,17.4087,1
oma_e40,4,4,-5,0,3,3,14.4532,1
oma_e40,4,4,-5,0,3,4,14.5019,1
oma_e40,4,4,-5,0,3,5,11.2563,1
oma_e40,4,4,-5,0,3,6,15.1794,1
oma_e40,4,4,-5,0,3,7,18.8106,1
oma_e40,4,4,-5,0,3,8,18.4068,1
oma_e40,4,4,-5,0,3,9,20.3907,0
oma_e40,4,4,-5,0,3,10,20.0925,1
oma_e40,4,4,-5,0,3,11,17.7174,1
oma_e40,4,4,-5,0,3,12,17.5742,1
oma_e40,4,4,-5,0,3,13,12.6296,1
oma_e40,4,4,-5,0,3,14,14.4957,1
oma_e40,4,4,-5,0,3,15,17.4807,1
oma_e40,4,4,-5,0,3,16,19.7272,1
oma_e40,4,4,-5,0,3,17,15.1757,1
oma_e40,4,4,-5,0,3,18,17.7014,1
oma_e40,4,4,-5,0,3,19,13.7449,0
oma_e40,4,4,-5,0,3,20,18.3352,1
oma_e40,4,4,-5,0,3,21,21.4432,1
oma_e40,4,4,-5,0,3,22,19.6027,1
oma_e40,4,4,-5,0,3,23,13.9582,0
oma_e40,4,4,-5,0,3,24,19.0657,1
oma_e40,4,4,-5,0,0,25,13.4303,1
oma_e40,4,4,-5,0,0,26,15.4805,1
oma_e40,4,4,-5,0,0,27,17.8570,1
oma_e40,4,4,-5,0,0,28,18.1239,0
oma_e40,4,4,-5,0,0,29,15.7148,1
oma_e40,4,4,-5,0,0,30,14.2764,0
oma_e40,4,4,-5,0,0,31,16.3422,1
oma_e40,4,4,-5,0,0,32,14.7324,1
oma_e40,4,4,-5,0,0,33,12.9648,1
oma_e40,4,4,-5,0,0,34,13.2304,1
oma_e40,4,4,-5,0,0,35,17.5092,1
oma_e40,4,4,-5,0,0,36,17.4522,1
oma_e40,4,4,-5,0,0,37,18.6605,1
oma_e40,4,4,-5,0,0,38,18.9791,1
oma_e40,4,4,-5,0,0,39,20.4233,1
oma_e40,4,4,-5,0,0,40,19.3315,1
oma_e40,4,4,-5,0,0,41,17.4608,0
oma_e40,4,4,-5,0,0,42,17.6912,1
oma_e40,4,4,-5,0,0,43,14.1333,1
oma_e40,4,4,-5,0,0,44,12.7830,1
oma_e40,4,4,-5,0,0,45,14.9738,1
oma_e40,4,4,-5,0,0,46,16.5493,1
oma_e40,4,4,-5,0,0,47,14.7834,1
oma_e40,4,4,-5,0,0,48,16.8012,1
oma_e40,4,4,-5,0,0,49,19.6735,0
oma_e40,4,4,-5,0,1,25,14.6365,1
oma_e40,4,4,-5,0,1,26,16.2429,1
oma_e40,4,4,-5,0,1,27,16.1254,1
oma_e40,4,4,-5,0,1,28,16.9678,0
oma_e40,4,4,-5,0,1,29,17.8305,1
oma_e40,4,4,-5,0,1,30,16.6279,1
oma_e40,4,4,-5,0,1,31,16.3895,1
oma_e40,4,4,-5,0,1,32,16.8695,1
oma_e40,4,4,-5,0,1,33,12.7261,1
oma_e40,4,4,-5,0,1,34,13.6510,1
oma_e40,4,4,-5,0,1,35,17.8091,1
oma_e40,4,4,-5,0,1,36,18.6795,0
oma_e40,4,4,-5,0,1,37,16.0393,1
oma_e40,4,4,-5,0,1,38,16.9312,0
oma_e40,4,4,-5,0,1,39,18.2903,1
oma_e40,4,4,-5,0,1,40,19.7767,1
oma_e40,4,4,-5,0,1,41,21.5485,1
oma_e40,4,4,-5,0,1,42,20.8632,1
oma_e40,4,4,-5,0,1,43,15.2403,1
oma_e40,4,4,-5,0,1,44,11.1327,1
oma_e40,4,4,-5,0,1,45,15.1947,1
oma_e40,4,4,-5,0,1,46,16.4012,1
oma_e40,4,4,-5,0,1,47,13.7726,1
oma_e40,4,4,-5,0,1,48,17.1929,1
oma_e40,4,4,-5,0,1,49,17.1754,0
oma_e40,4,4,-5,0,2,25,14.9784,1
oma_e40,4,4,-5,0,2,26,15.2739,1
oma_e40,4,4,-5,0,2,27,18.1397,1
oma_e40,4,4,-5,0,2,28,17.7690,1
oma_e40,4,4,-5,0,2,29,16.0762,1
oma_e40,4,4,-5,0,2,30,11.4646,1
oma_e40,4,4,-5,0,2,31,19.6721,1
oma_e40,4,4,-5,0,2,32,12.5007,1
oma_e40,4,4,-5,0,2,33,10.4103,0
oma_e40,4,4,-5,0,2,34,12.8402,1
oma_e40,4,4,-5,0,2,35,16.9787,1
oma_e40,4,4,-5,0,2,36,16.2360,1
oma_e40,4,4,-5,0,2,37,14.3706,1
oma_e40,4,4,-5,0,2,38,16.8032,1
oma_e40,4,4,-5,0,2,39,17.4823,1
oma_e40,4,4,-5,0,2,40,19.2661,1
oma_e40,4,4,-5,0,2,41,17.0905,1
oma_e40,4,4,-5,0,2,42,14.5539,1
oma_e40,4,4,-5,0,2,43,14.7431,1
oma_e40,4,4,-5,0,2,44,11.6426,1
oma_e40,4,4,-5,0,2,45,18.0508,1
oma_e40,4,4,-5,0,2,46,15.9312,1
oma_e40,4,4,-5,0,2,47,17.8293,1
oma_e40,4,4,-5,0,2,48,19.0615,1
oma_e40,4,4,-5,0,2,49,16.8972,1
oma_e40,4,4,-5,0,3,25,17.6551,1
oma_e40,4,4,-5,0,3,26,14.6694,1
oma_e40,4,4,-5,0,3,27,15.6442,1
oma_e40,4,4,-5,0,3,28,18.1098,1
oma_e40,4,4,-5,0,3,29,16.9596,1
oma_e40,4,4,-5,0,3,30,14.8089,0
oma_e40,4,4,-5,0,3,31,16.4032,1
oma_e40,4,4,-5,0,3,32,17.3001,0
oma_e40,4,4,-5,0,3,33,12.9369,1
oma_e40,4,4,-5,0,3,34,13.7907,1
oma_e40,4,4,-5,0,3,35,18.4771,1
oma_e40,4,4,-5,0,3,36,17.5824,1
oma_e40,4,4,-5,0,3,37,15.9107,1
oma_e40,4,4,-5,0,3,38,19.9448,1
oma_e40,4,4,-5,0,3,39,19.9550,0
oma_e40,4,4,-5,0,3,40,19.5292,1
oma_e40,4,4,-5,0,3,41,16.8649,1
oma_e40,4,4,-5,0,3,42,16.5139,0
oma_e40,4,4,-5,0,3,43,14.9597,1
oma_e40,4,4,-5,0,3,44,13.5577,0
oma_e40,4,4,-5,0,3,45,17.6445,1
oma_e40,4,4,-5,0,3,46,17.0807,1
oma_e40,4,4,-5,0,3,47,15.6516,1
oma_e40,4,4,-5,0,3,48,17.0276,1
oma_e40,4,4,-5,0,3,49,17.5717,0
oma_e40,4,4,-5,0,0,50,14.5743,1
oma_e40,4,4,-5,0,0,51,17.4702,1
oma_e40,4,4,-5,0,0,52,14.0940,1
oma_e40,4,4,-5,0,0,53,15.3706,1
oma_e40,4,4,-5,0,0,54,16.6501,1
oma_e40,4,4,-5,0,0,55,14.5255,1
oma_e40,4,4,-5,0,0,56,13.0647,1
oma_e40,4,4,-5,0,0,57,14.0687,1
oma_e40,4,4,-5,0,0,58,17.2266,1
oma_e40,4,4,-5,0,0,59,16.2722,1
oma_e40,4,4,-5,0,0,60,17.6904,1
oma_e40,4,4,-5,0,0,61,18.7300,0
oma_e40,4,4,-5,0,0,62,14.4346,1
oma_e40,4,4,-5,0,0,63,15.8797,1
oma_e40,4,4,-5,0,0,64,19.3039,1
oma_e40,4,4,-5,0,0,65,16.4298,1
oma_e40,4,4,-5,0,0,66,16.2874,1
oma_e40,4,4,-5,0,0,67,15.2242,1
oma_e40,4,4,-5,0,0,68,14.1441,1
oma_e40,4,4,-5,0,0,69,17.1315,1
oma_e40,4,4,-5,0,0,70,14.5656,1
oma_e40,4,4,-5,0,0,71,17.4407,1
oma_e40,4,4,-5,0,0,72,17.5114,1
oma_e40,4,4,-5,0,0,73,19.2680,1
oma_e40,4,4,-5,0,0,74,19.2635,1
oma_e40,4,4,-5,0,1,50,16.2278,1
oma_e40,4,4,-5,0,1,51,16.5556,1
oma_e40,4,4,-5,0,1,52,14.9351,0
oma_e40,4,4,-5,0,1,53,12.2136,1
oma_e40,4,4,-5,0,1,54,13.7955,0
oma_e40,4,4,-5,0,1,55,18.3076,1
oma_e40,4,4,-5,0,1,56,15.3698,0
oma_e40,4,4,-5,0,1,57,13.9053,0
oma_e40,4,4,-5,0,1,58,18.8242,1
oma_e40,4,4,-5,0,1,59,12.6219,1
oma_e40,4,4,-5,0,1,60,16.2509,1
oma_e40,4,4,-5,0,1,61,17.4683,1
oma_e40,4,4,-5,0,1,62,14.0124,1
oma_e40,4,4,-5,0,1,63,18.1741,1
oma_e40,4,4,-5,0,1,64,16.6114,1
oma_e40,4,4,-5,0,1,65,17.6519,1
oma_e40,4,4,-5,0,1,66,15.1081,1
oma_e40,4,4,-5,0,1,67,11.2051,1
oma_e40,4,4,-5,0,1,68,12.8855,1
oma_e40,4,4,-5,0,1,69,17.2951,1
oma_e40,4,4,-5,0,1,70,15.1759,1
oma_e40,4,4,-5,0,1,71,18.2169,1
oma_e40,4,4,-5,0,1,72,17.9293,1
oma_e40,4,4,-5,0,1,73,16.2343,1
oma_e40,4,4,-5,0,1,74,18.7185,0
oma_e40,4,4,-5,0,2,50,14.9341,1
oma_e40,4,4,-5,0,2,51,17.1067,1
oma_e40,4,4,-5,0,2,52,16.2771,1
oma_e40,4,4,-5,0,2,53,12.2666,1
oma_e40,4,4,-5,0,2,54,15.6458,0
oma_e40,4,4,-5,0,2,55,21.3105,1
oma_e40,4,4,-5,0,2,56,16.3071,0
oma_e40,4,4,-5,0,2,57,15.7540,1
oma_e40,4,4,-5,0,2,58,16.0484,1
oma_e40,4,4,-5,0,2,59,15.8691,1
oma_e40,4,4,-5,0,2,60,14.0592,1
oma_e40,4,4,-5,0,2,61,17.9253,0
oma_e40,4,4,-5,0,2,62,14.2195,1
oma_e40,4,4,-5,0,2,63,16.1102,1
oma_e40,4,4,-5,0,2,64,15.4364,1
oma_e40,4,4,-5,0,2,65,19.4116,1
oma_e40,4,4,-5,0,2,66,14.3083,0
oma_e40,4,4,-5,0,2,67,13.9732,1
oma_e40,4,4,-5,0,2,68,12.1933,1
oma_e40,4,4,-5,0,2,69,17.0998,1
oma_e40,4,4,-5,0,2,70,13.1408,1
oma_e40,4,4,-5,0,2,71,16.2812,1
oma_e40,4,4,-5,0,2,72,17.6882,1
oma_e40,4,4,-5,0,2,73,15.4856,1
oma_e40,4,4,-5,0,2,74,16.7428,1
oma_e40,4,4,-5,0,3,50,15.0922,1
oma_e40,4,4,-5,0,3,51,19.0497,1
oma_e40,4,4,-5,0,3,52,15.1385,1
oma_e40,4,4,-5,0,3,53,12.9486,1
oma_e40,4,4,-5,0,3,54,18.8017,1
oma_e40,4,4,-5,0,3,55,19.3180,1
oma_e40,4,4,-5,0,3,56,15.4679,1
oma_e40,4,4,-5,0,3,57,13.3430,1
oma_e40,4,4,-5,0,3,58,17.9842,1
oma_e40,4,4,-5,0,3,59,14.3176,1
oma_e40,4,4,-5,0,3,60,17.1876,0
oma_e40,4,4,-5,0,3,61,18.5623,1
oma_e40,4,4,-5,0,3,62,14.6171,1
oma_e40,4,4,-5,0,3,63,14.5846,1
oma_e40,4,4,-5,0,3,64,17.1307,1
oma_e40,4,4,-5,0,3,65,19.7245,0
oma_e40,4,4,-5,0,3,66,14.0550,0
oma_e40,4,4,-5,0,3,67,12.6454,1
oma_e40,4,4,-5,0,3,68,14.4826,1
oma_e40,4,4,-5,0,3,69,17.9896,1
oma_e40,4,4,-5,0,3,70,16.6812,1
oma_e40,4,4,-5,0,3,71,16.3911,1
oma_e40,4,4,-5,0,3,72,17.2849,1
oma_e40,4,4,-5,0,3,73,18.3586,0
oma_e40,4,4,-5,0,3,74,18.9455,1
oma_e40,4,4,-5,0,0,75,16.8129,0
oma_e40,4,4,-5,0,0,76,20.5713,1
oma_e40,4,4,-5,0,0,77,19.0291,1
oma_e40,4,4,-5,0,0,78,14.4251,1
oma_e40,4,4,-5,0,0,79,20.0015,1
oma_e40,4,4,-5,0,0,80,16.2771,1
oma_e40,4,4,-5,0,0,81,15.3261,1
oma_e40,4,4,-5,0,0,82,15.8190,1
oma_e40,4,4,-5,0,0,83,13.9949,1
oma_e40,4,4,-5,0,0,84,11.3944,1
oma_e40,4,4,-5,0,0,85,16.6204,0
oma_e40,4,4,-5,0,0,86,17.3017,1
oma_e40,4,4,-5,0,0,87,17.3379,1
oma_e40,4,4,-5,0,0,88,13.2912,1
oma_e40,4,4,-5,0,0,89,17.9644,1
oma_e40,4,4,-5,0,0,90,14.6550,1
oma_e40,4,4,-5,0,0,91,16.1967,1
oma_e40,4,4,-5,0,0,92,13.0467,1
oma_e40,4,4,-5,0,0,93,13.5802,1
oma_e40,4,4,-5,0,0,94,17.2621,1
oma_e40,4,4,-5,0,0,95,18.8226,0
oma_e40,4,4,-5,0,0,96,20.9184,0
oma_e40,4,4,-5,0,0,97,16.6345,1
oma_e40,4,4,-5,0,0,98,20.1543,0
oma_e40,4,4,-5,0,0,99,19.6669,1
oma_e40,4,4,-5,0,1,75,17.1742,1
oma_e40,4,4,-5,0,1,76,19.9428,0
oma_e40,4,4,-5,0,1,77,21.9380,1
oma_e40,4,4,-5,0,1,78,13.7909,1
oma_e40,4,4,-5,0,1,79,17.4721,1
oma_e40,4,4,-5,0,1,80,15.9093,1
oma_e40,4,4,-5,0,1,81,18.9496,1
oma_e40,4,4,-5,0,1,82,18.8712,1
oma_e40,4,4,-5,0,1,83,15.6236,1
oma_e40,4,4,-5,0,1,84,12.0129,1
oma_e40,4,4,-5,0,1,85,20.0800,1
oma_e40,4,4,-5,0,1,86,17.7640,1
oma_e40,4,4,-5,0,1,87,20.3366,1
oma_e40,4,4,-5,0,1,88,12.3958,1
oma_e40,4,4,-5,0,1,89,19.6034,1
oma_e40,4,4,-5,0,1,90,13.8884,1
oma_e40,4,4,-5,0,1,91,16.0739,1
oma_e40,4,4,-5,0,1,92,10.0085,1
oma_e40,4,4,-5,0,1,93,14.2915,1
oma_e40,4,4,-5,0,1,94,18.0600,0
oma_e40,4,4,-5,0,1,95,18.4149,0
oma_e40,4,4,-5,0,1,96,19.4142,0
oma_e40,4,4,-5,0,1,97,18.8752,1
oma_e40,4,4,-5,0,1,98,17.7902,0
oma_e40,4,4,-5,0,1,99,18.6893,1
oma_e40,4,4,-5,0,2,75,14.5940,1
oma_e40,4,4,-5,0,2,76,19.0890,1
oma_e40,4,4,-5,0,2,77,19.0032,1
oma_e40,4,4,-5,0,2,78,14.8170,0
oma_e40,4,4,-5,0,2,79,15.7844,1
oma_e40,4,4,-5,0,2,80,17.7915,1
oma_e40,4,4,-5,0,2,81,17.7154,1
oma_e40,4,4,-5,0,2,82,14.5352,0
oma_e40,4,4,-5,0,2,83,13.4058,1
oma_e40,4,4,-5,0,2,84,12.1512,0
oma_e40,4,4,-5,0,2,85,16.3535,1
oma_e40,4,4,-5,0,2,86,17.1382,1
oma_e40,4,4,-5,0,2,87,18.7650,1
oma_e40,4,4,-5,0,2,88,13.9632,1
oma_e40,4,4,-5,0,2,89,18.8278,1
oma_e40,4,4,-5,0,2,90,15.3865,1
oma_e40,4,4,-5,0,2,91,16.7182,1
oma_e40,4,4,-5,0,2,92,12.6632,0
oma_e40,4,4,-5,0,2,93,12.8175,1
oma_e40,4,4,-5,0,2,94,16.1059,0
oma_e40,4,4,-5,0,2,95,22.1162,0
oma_e40,4,4,-5,0,2,96,18.8886,1
oma_e40,4,4,-5,0,2,97,18.2108,1
oma_e40,4,4,-5,0,2,98,20.8451,0
oma_e40,4,4,-5,0,2,99,17.0131,1
oma_e40,4,4,-5,0,3,75,18.7209,1
oma_e40,4,4,-5,0,3,76,18.6582,1
oma_e40,4,4,-5,0,3,77,19.7276,1
oma_e40,4,4,-5,0,3,78,14.6424,1
oma_e40,4,4,-5,0,3,79,17.7341,0
oma_e40,4,4,-5,0,3,80,18.6349,0
oma_e40,4,4,-5,0,3,81,16.6667,1
oma_e40,4,4,-5,0,3,82,16.4717,1
oma_e40,4,4,-5,0,3,83,16.5306,1
oma_e40,4,4,-5,0,3,84,14.6490,1
oma_e40,4,4,-5,0,3,85,16.1237,1
oma_e40,4,4,-5,0,3,86,17.7901,1
oma_e40,4,4,-5,0,3,87,15.2984,1
oma_e40,4,4,-5,0,3,88,13.4047,1
oma_e40,4,4,-5,0,3,89,21.1664,0
oma_e40,4,4,-5,0,3,90,13.3892,1
oma_e40,4,4,-5,0,3,91,16.8749,1
oma_e40,4,4,-5,0,3,92,10.5495,1
oma_e40,4,4,-5,0,3,93,12.8556,0
oma_e40,4,4,-5,0,3,94,19.4406,1
oma_e40,4,4,-5,0,3,95,17.0490,1
oma_e40,4,4,-5,0,3,96,19.1720,1
oma_e40,4,4,-5,0,3,97,17.5724,1
oma_e40,4,4,-5,0,3,98,20.2712,1
oma_e40,4,4,-5,0,3,99,21.3302,1
oma_e40,4,4,-5,0,0,100,15.1867,1
oma_e40,4,4,-5,0,0,101,14.5742,1
oma_e40,4,4,-5,0,0,102,17.1655,1
oma_e40,4,4,-5,0,0,103,15.5814,1
oma_e40,4,4,-5,0,0,104,17.7522,1
oma_e40,4,4,-5,0,0,105,14.9407,0
oma_e40,4,4,-5,0,0,106,16.3900,1
oma_e40,4,4,-5,0,0,107,14.0476,1
oma_e40,4,4,-5,0,0,108,17.1442,0
oma_e40,4,4,-5,0,0,109,18.0371,1
oma_e40,4,4,-5,0,0,110,14.5148,1
oma_e40,4,4,-5,0,0,111,16.4002,1
oma_e40,4,4,-5,0,0,112,17.9905,1
oma_e40,4,4,-5,0,0,113,12.8547,1
oma_e40,4,4,-5,0,0,114,19.2577,1
oma_e40,4,4,-5,0,0,115,15.7091,1
oma_e40,4,4,-5,0,0,116,11.8516,1
oma_e40,4,4,-5,0,0,117,20.6846,1
oma_e40,4,4,-5,0,0,118,20.3455,1
oma_e40,4,4,-5,0,0,119,18.4531,1
oma_e40,4,4,-5,0,0,120,16.5596,1
oma_e40,4,4,-5,0,0,121,15.9069,1
oma_e40,4,4,-5,0,0,122,13.8322,1
oma_e40,4,4,-5,0,0,123,16.9012,1
oma_e40,4,4,-5,0,0,124,17.8641,1
oma_e40,4,4,-5,0,1,100,17.2827,1
oma_e40,4,4,-5,0,1,101,14.0240,0
oma_e40,4,4,-5,0,1,102,16.6042,1
oma_e40,4,4,-5,0,1,103,17.3867,1
oma_e40,4,4,-5,0,1,104,17.4780,1
oma_e40,4,4,-5,0,1,105,19.9766,0
oma_e40,4,4,-5,0,1,106,15.5331,1
oma_e40,4,4,-5,0,1,107,14.0097,1
oma_e40,4,4,-5,0,1,108,16.0450,1
oma_e40,4,4,-5,0,1,109,17.9752,1
oma_e40,4,4,-5,0,1,110,13.9075,1
oma_e40,4,4,-5,0,1,111,16.9588,1
oma_e40,4,4,-5,0,1,112,19.6806,1
oma_e40,4,4,-5,0,1,113,14.2948,1
oma_e40,4,4,-5,0,1,114,17.5193,1
oma_e40,4,4,-5,0,1,115,15.8685,1
oma_e40,4,4,-5,0,1,116,11.1355,1
oma_e40,4,4,-5,0,1,117,21.6472,1
oma_e40,4,4,-5,0,1,118,21.4485,1
oma_e40,4,4,-5,0,1,119,13.9200,1
oma_e40,4,4,-5,0,1,120,16.8723,0
oma_e40,4,4,-5,0,1,121,13.7398,1
oma_e40,4,4,-5,0,1,122,14.0911,0
oma_e40,4,4,-5,0,1,123,20.2588,1
oma_e40,4,4,-5,0,1,124,19.8693,0
oma_e40,4,4,-5,0,2,100,18.3992,1
oma_e40,4,4,-5,0,2,101,12.3535,1
oma_e40,4,4,-5,0,2,102,16.8795,0
oma_e40,4,4,-5,0,2,103,15.4826,1
oma_e40,4,4,-5,0,2,104,19.4533,0
oma_e40,4,4,-5,0,2,105,15.9853,1
oma_e40,4,4,-5,0,2,106,18.1140,1
oma_e40,4,4,-5,0,2,107,13.7177,1
oma_e40,4,4,-5,0,2,108,14.9211,1
oma_e40,4,4,-5,0,2,109,19.3059,1
oma_e40,4,4,-5,0,2,110,15.3614,1
oma_e40,4,4,-5,0,2,111,16.1723,1
oma_e40,4,4,-5,0,2,112,19.4455,1
oma_e40,4,4,-5,0,2,113,15.6624,1
oma_e40,4,4,-5,0,2,114,19.6888,1
oma_e40,4,4,-5,0,2,115,15.2152,0
oma_e40,4,4,-5,0,2,116,10.6995,1
oma_e40,4,4,-5,0,2,117,20.7979,1
oma_e40,4,4,-5,0,2,118,19.4561,1
oma_e40,4,4,-5,0,2,119,15.4405,1
oma_e40,4,4,-5,0,2,120,15.9292,1
oma_e40,4,4,-5,0,2,121,14.1396,1
oma_e40,4,4,-5,0,2,122,15.5197,1
oma_e40,4,4,-5,0,2,123,22.7520,0
oma_e40,4,4,-5,0,2,124,20.1557,1
oma_e40,4,4,-5,0,3,100,17.8561,1
oma_e40,4,4,-5,0,3,101,13.8494,1
oma_e40,4,4,-5,0,3,102,16.7689,1
oma_e40,4,4,-5,0,3,103,16.3783,1
oma_e40,4,4,-5,0,3,104,19.7618,1
oma_e40,4,4,-5,0,3,105,15.6839,1
oma_e40,4,4,-5,0,3,106,16.9989,1
oma_e40,4,4,-5,0,3,107,12.7543,1
oma_e40,4,4,-5,0,3,108,14.3496,1
oma_e40,4,4,-5,0,3,109,16.5222,1
oma_e40,4,4,-5,0,3,110,14.8292,1
oma_e40,4,4,-5,0,3,111,17.5800,1
oma_e40,4,4,-5,0,3,112,19.2558,1
oma_e40,4,4,-5,0,3,113,13.3330,1
oma_e40,4,4,-5,0,3,114,16.6799,1
oma_e40,4,4,-5,0,3,115,14.1920,1
oma_e40,4,4,-5,0,3,116,13.5114,1
oma_e40,4,4,-5,0,3,117,19.6441,1
oma_e40,4,4,-5,0,3,118,20.8690,0
oma_e40,4,4,-5,0,3,119,14.6661,1
oma_e40,4,4,-5,0,3,120,15.5110,1
oma_e40,4,4,-5,0,3,121,13.9733,1
oma_e40,4,4,-5,0,3,122,20.0147,1
oma_e40,4,4,-5,0,3,123,19.7239,0
oma_e40,4,4,-5,0,3,124,18.3262,0
oma_e40,4,4,-5,0,0,125,12.9167,1
oma_e40,4,4,-5,0,0,126,17.4828,1
oma_e40,4,4,-5,0,0,127,16.5312,1
oma_e40,4,4,-5,0,0,128,15.6486,1
oma_e40,4,4,-5,0,0,129,14.7340,0
oma_e40,4,4,-5,0,0,130,14.9516,1
oma_e40,4,4,-5,0,0,131,15.9654,1
oma_e40,4,4,-5,0,0,132,15.9132,1
oma_e40,4,4,-5,0,0,133,15.7965,1
oma_e40,4,4,-5,0,0,134,15.7168,1
oma_e40,4,4,-5,0,0,135,17.0167,0
oma_e40,4,4,-5,0,0,136,16.5467,1
oma_e40,4,4,-5,0,0,137,16.7531,1
oma_e40,4,4,-5,0,0,138,14.6838,1
oma_e40,4,4,-5,0,0,139,15.7827,1
oma_e40,4,4,-5,0,0,140,13.7795,1
oma_e40,4,4,-5,0,0,141,13.2228,1
oma_e40,4,4,-5,0,0,142,23.6441,1
oma_e40,4,4,-5,0,0,143,20.8706,0
oma_e40,4,4,-5,0,0,144,20.3080,0
oma_e40,4,4,-5,0,0,145,15.7289,0
oma_e40,4,4,-5,0,0,146,18.6951,1
oma_e40,4,4,-5,0,0,147,14.3057,1
oma_e40,4,4,-5,0,0,148,17.8820,0
oma_e40,4,4,-5,0,0,149,17.5020,1
oma_e40,4,4,-5,0,1,125,13.9271,0
oma_e40,4,4,-5,0,1,126,16.4821,1
oma_e40,4,4,-5,0,1,127,17.6761,1
oma_e40,4,4,-5,0,1,128,15.9512,0
oma_e40,4,4,-5,0,1,129,15.6963,1
oma_e40,4,4,-5,0,1,130,11.3543,1
oma_e40,4,4,-5,0,1,131,14.5982,0
oma_e40,4,4,-5,0,1,132,15.1904,1
oma_e40,4,4,-5,0,1,133,16.2677,1
oma_e40,4,4,-5,0,1,134,14.1201,1
oma_e40,4,4,-5,0,1,135,18.3702,0
oma_e40,4,4,-5,0,1,136,16.7626,1
oma_e40,4,4,-5,0,1,137,16.5392,1
oma_e40,4,4,-5,0,1,138,13.9899,1
oma_e40,4,4,-5,0,1,139,15.3989,1
oma_e40,4,4,-5,0,1,140,14.9071,1
oma_e40,4,4,-5,0,1,141,13.8354,1
oma_e40,4,4,-5,0,1,142,19.2407,0
oma_e40,4,4,-5,0,1,143,17.8532,1
oma_e40,4,4,-5,0,1,144,21.6146,1
oma_e40,4,4,-5,0,1,145,14.0124,1
oma_e40,4,4,-5,0,1,146,19.3093,1
oma_e40,4,4,-5,0,1,147,15.0023,1
oma_e40,4,4,-5,0,1,148,17.4894,1
oma_e40,4,4,-5,0,1,149,15.8594,1
oma_e40,4,4,-5,0,2,125,14.1861,1
oma_e40,4,4,-5,0,2,126,16.6923,1
oma_e40,4,4,-5,0,2,127,14.9566,0
oma_e40,4,4,-5,0,2,128,16.1507,1
oma_e40,4,4,-5,0,2,129,13.9324,1
oma_e40,4,4,-5,0,2,130,12.3181,1
oma_e40,4,4,-5,0,2,131,18.5869,1
oma_e40,4,4,-5,0,2,132,17.5085,1
oma_e40,4,4,-5,0,2,133,13.9868,0
oma_e40,4,4,-5,0,2,134,13.9891,1
oma_e40,4,4,-5,0,2,135,18.3019,1
oma_e40,4,4,-5,0,2,136,15.7381,1
oma_e40,4,4,-5,0,2,137,16.2520,1
oma_e40,4,4,-5,0,2,138,15.4375,1
oma_e40,4,4,-5,0,2,139,15.6632,1
oma_e40,4,4,-5,0,2,140,15.7535,1
oma_e40,4,4,-5,0,2,141,15.0898,1
oma_e40,4,4,-5,0,2,142,20.5049,0
oma_e40,4,4,-5,0,2,143,20.1920,1
oma_e40,4,4,-5,0,2,144,19.5283,1
oma_e40,4,4,-5,0,2,145,12.7321,1
oma_e40,4,4,-5,0,2,146,15.9782,0
oma_e40,4,4,-5,0,2,147,13.8939,1
oma_e40,4,4,-5,0,2,148,18.4349,1
oma_e40,4,4,-5,0,2,149,14.4493,1
oma_e40,4,4,-5,0,3,125,14.5313,1
oma_e40,4,4,-5,0,3,126,15.8122,1
oma_e40,4,4,-5,0,3,127,16.6642,0
oma_e40,4,4,-5,0,3,128,17.0679,1
oma_e40,4,4,-5,0,3,129,15.1095,1
oma_e40,4,4,-5,0,3,130,14.1840,1
oma_e40,4,4,-5,0,3,131,18.7461,1
oma_e40,4,4,-5,0,3,132,15.7866,1
oma_e40,4,4,-5,0,3,133,13.4167,1
oma_e40,4,4,-5,0,3,134,13.4057,1
oma_e40,4,4,-5,0,3,135,17.7224,1
oma_e40,4,4,-5,0,3,136,15.0615,1
oma_e40,4,4,-5,0,3,137,16.2300,1
oma_e40,4,4,-5,0,3,138,13.6703,1
oma_e40,4,4,-5,0,3,139,14.2917,1
oma_e40,4,4,-5,0,3,140,12.9725,1
oma_e40,4,4,-5,0,3,141,16.0440,0
oma_e40,4,4,-5,0,3,142,20.4141,1
oma_e40,4,4,-5,0,3,143,21.9673,0
oma_e40,4,4,-5,0,3,144,21.8058,1
oma_e40,4,4,-5,0,3,145,14.0220,1
oma_e40,4,4,-5,0,3,146,15.7718,1
oma_e40,4,4,-5,0,3,147,13.4460,1
oma_e40,4,4,-5,0,3,148,17.5026,1
oma_e40,4,4,-5,0,3,149,15.3794,1
oma_e40,4,4,-5,0,0,150,15.7286,1
oma_e40,4,4,-5,0,0,151,17.1567,0
oma_e40,4,4,-5,0,0,152,17.0589,1
oma_e40,4,4,-5,0,0,153,15.8515,1
oma_e40,4,4,-5,0,0,154,14.3090,0
oma_e40,4,4,-5,0,0,155,18.4226,1
oma_e40,4,4,-5,0,0,156,19.4550,1
oma_e40,4,4,-5,0,0,157,16.4628,1
oma_e40,4,4,-5,0,0,158,21.2217,0
oma_e40,4,4,-5,0,0,159,15.9881,0
oma_e40,4,4,-5,0,0,160,16.5388,0
oma_e40,4,4,-5,0,0,161,22.7511,1
oma_e40,4,4,-5,0,0,162,17.5799,1
oma_e40,4,4,-5,0,0,163,16.3666,1
oma_e40,4,4,-5,0,0,164,16.0387,1
oma_e40,4,4,-5,0,0,165,16.7891,1
oma_e40,4,4,-5,0,0,166,14.9262,1
oma_e40,4,4,-5,0,0,167,17.1401,1
oma_e40,4,4,-5,0,0,168,15.9420,1
oma_e40,4,4,-5,0,0,169,20.1887,1
oma_e40,4,4,-5,0,0,170,18.5089,1
oma_e40,4,4,-5,0,0,171,14.5449,1
oma_e40,4,4,-5,0,0,172,15.0637,1
oma_e40,4,4,-5,0,0,173,20.0725,1
oma_e40,4,4,-5,0,0,174,15.0262,1
oma_e40,4,4,-5,0,1,150,16.1714,1
oma_e40,4,4,-5,0,1,151,19.6095,0
oma_e40,4,4,-5,0,1,152,16.7752,1
oma_e40,4,4,-5,0,1,153,15.4476,1
oma_e40,4,4,-5,0,1,154,15.7005,1
oma_e40,4,4,-5,0,1,155,18.6549,1
oma_e40,4,4,-5,0,1,156,18.2001,0
oma_e40,4,4,-5,0,1,157,15.3461,1
oma_e40,4,4,-5,0,1,158,16.8475,1
oma_e40,4,4,-5,0,1,159,19.3688,1
oma_e40,4,4,-5,0,1,160,16.7432,1
oma_e40,4,4,-5,0,1,161,23.1027,1
oma_e40,4,4,-5,0,1,162,18.9856,1
oma_e40,4,4,-5,0,1,163,13.8930,1
oma_e40,4,4,-5,0,1,164,15.1695,1
oma_e40,4,4,-5,0,1,165,16.9613,1
oma_e40,4,4,-5,0,1,166,17.0917,0
oma_e40,4,4,-5,0,1,167,17.6644,1
oma_e40,4,4,-5,0,1,168,16.5829,1
oma_e40,4,4,-5,0,1,169,18.1469,1
oma_e40,4,4,-5,0,1,170,20.3523,1
oma_e40,4,4,-5,0,1,171,13.1496,1
oma_e40,4,4,-5,0,1,172,16.4095,1
oma_e40,4,4,-5,0,1,173,17.7567,0
oma_e40,4,4,-5,0,1,174,18.8687,0
oma_e40,4,4,-5,0,2,150,18.5566,0
oma_e40,4,4,-5,0,2,151,14.3426,1
oma_e40,4,4,-5,0,2,152,21.5601,1
oma_e40,4,4,-5,0,2,153,15.3156,1
oma_e40,4,4,-5,0,2,154,20.8388,0
oma_e40,4,4,-5,0,2,155,17.9712,1
oma_e40,4,4,-5,0,2,156,19.2929,1
oma_e40,4,4,-5,0,2,157,15.7838,1
oma_e40,4,4,-5,0,2,158,20.4973,1
oma_e40,4,4,-5,0,2,159,18.5149,1
oma_e40,4,4,-5,0,2,160,16.8975,0
oma_e40,4,4,-5,0,2,161,20.8872,0
oma_e40,4,4,-5,0,2,162,15.9729,1
oma_e40,4,4,-5,0,2,163,16.1679,1
oma_e40,4,4,-5,0,2,164,17.0651,1
oma_e40,4,4,-5,0,2,165,19.6938,0
oma_e40,4,4,-5,0,2,166,12.9238,1
oma_e40,4,4,-5,0,2,167,19.3180,0
oma_e40,4,4,-5,0,2,168,16.4004,1
oma_e40,4,4,-5,0,2,169,17.0924,1
oma_e40,4,4,-5,0,2,170,20.5350,0
oma_e40,4,4,-5,0,2,171,13.9798,1
oma_e40,4,4,-5,0,2,172,17.1490,1
oma_e40,4,4,-5,0,2,173,15.9522,1
oma_e40,4,4,-5,0,2,174,15.0678,1
oma_e40,4,4,-5,0,3,150,15.8454,1
oma_e40,4,4,-5,0,3,151,16.9862,1
oma_e40,4,4,-5,0,3,152,19.2915,1
oma_e40,4,4,-5,0,3,153,14.0369,1
oma_e40,4,4,-5,0,3,154,21.2841,1
oma_e40,4,4,-5,0,3,155,18.7416,1
oma_e40,4,4,-5,0,3,156,16.9274,1
oma_e40,4,4,-5,0,3,157,22.3160,1
oma_e40,4,4,-5,0,3,158,16.6610,1
oma_e40,4,4,-5,0,3,159,19.3124,1
oma_e40,4,4,-5,0,3,160,18.8951,0
oma_e40,4,4,-5,0,3,161,18.6041,0
oma_e40,4,4,-5,0,3,162,15.0746,1
oma_e40,4,4,-5,0,3,163,14.1139,1
oma_e40,4,4,-5,0,3,164,17.5583,1
oma_e40,4,4,-5,0,3,165,18.2574,1
oma_e40,4,4,-5,0,3,166,16.0943,1
oma_e40,4,4,-5,0,3,167,20.2848,0
oma_e40,4,4,-5,0,3,168,15.8015,1
oma_e40,4,4,-5,0,3,169,18.6319,1
oma_e40,4,4,-5,0,3,170,20.4321,1
oma_e40,4,4,-5,0,3,171,13.2164,1
oma_e40,4,4,-5,0,3,172,16.4360,1
oma_e40,4,4,-5,0,3,173,17.1241,1
oma_e40,4,4,-5,0,3,174,18.9863,0
oma_e40,4,4,-5,0,0,175,19.1650,1
oma_e40,4,4,-5,0,0,176,21.0751,1
oma_e40,4,4,-5,0,0,177,18.1669,1
oma_e40,4,4,-5,0,0,178,18.5442,1
oma_e40,4,4,-5,0,0,179,16.8534,1
oma_e40,4,4,-5,0,0,180,13.1353,0
oma_e40,4,4,-5,0,0,181,16.1969,1
oma_e40,4,4,-5,0,0,182,17.8867,0
oma_e40,4,4,-5,0,0,183,17.0179,1
oma_e40,4,4,-5,0,0,184,15.8498,1
oma_e40,4,4,-5,0,0,185,15.7936,1
oma_e40,4,4,-5,0,0,186,11.9774,1
oma_e40,4,4,-5,0,0,187,22.9430,1
oma_e40,4,4,-5,0,0,188,14.1218,1
oma_e40,4,4,-5,0,0,189,18.6156,0
oma_e40,4,4,-5,0,0,190,17.6955,1
oma_e40,4,4,-5,0,0,191,18.7857,1
oma_e40,4,4,-5,0,0,192,18.7816,1
oma_e40,4,4,-5,0,0,193,21.2100,1
oma_e40,4,4,-5,0,0,194,16.7809,1
oma_e40,4,4,-5,0,0,195,18.3896,0
oma_e40,4,4,-5,0,0,196,10.3233,1
oma_e40,4,4,-5,0,0,197,16.8541,1
oma_e40,4,4,-5,0,0,198,17.1163,1
oma_e40,4,4,-5,0,0,199,18.3752,0
oma_e40,4,4,-5,0,1,175,16.4598,1
oma_e40,4,4,-5,0,1,176,17.1206,1
oma_e40,4,4,-5,0,1,177,17.9189,1
oma_e40,4,4,-5,0,1,178,20.0160,1
oma_e40,4,4,-5,0,1,179,17.0728,1
oma_e40,4,4,-5,0,1,180,14.4473,1
oma_e40,4,4,-5,0,1,181,13.9300,1
oma_e40,4,4,-5,0,1,182,16.2247,1
oma_e40,4,4,-5,0,1,183,14.2929,1
oma_e40,4,4,-5,0,1,184,16.6940,1
oma_e40,4,4,-5,0,1,185,10.8231,1
oma_e40,4,4,-5,0,1,186,12.9975,1
oma_e40,4,4,-5,0,1,187,21.3082,1
oma_e40,4,4,-5,0,1,188,15.5565,1
oma_e40,4,4,-5,0,1,189,17.4597,1
oma_e40,4,4,-5,0,1,190,18.9237,1
oma_e40,4,4,-5,0,1,191,16.6525,1
oma_e40,4,4,-5,0,1,192,16.2978,1
oma_e40,4,4,-5,0,1,193,19.3247,1
oma_e40,4,4,-5,0,1,194,17.6797,1
oma_e40,4,4,-5,0,1,195,17.3766,1
oma_e40,4,4,-5,0,1,196,13.6775,1
oma_e40,4,4,-5,0,1,197,14.9440,1
oma_e40,4,4,-5,0,1,198,16.7912,0
oma_e40,4,4,-5,0,1,199,15.4653,1
oma_e40,4,4,-5,0,2,175,15.2554,1
oma_e40,4,4,-5,0,2,176,18.0251,1
oma_e40,4,4,-5,0,2,177,20.1093,0
oma_e40,4,4,-5,0,2,178,16.1888,1
oma_e40,4,4,-5,0,2,179,16.3281,1
oma_e40,4,4,-5,0,2,180,13.0067,1
oma_e40,4,4,-5,0,2,181,14.9806,1
oma_e40,4,4,-5,0,2,182,16.2255,0
oma_e40,4,4,-5,0,2,183,17.0338,0
oma_e40,4,4,-5,0,2,184,15.3373,0
oma_e40,4,4,-5,0,2,185,15.9338,0
oma_e40,4,4,-5,0,2,186,11.5401,1
oma_e40,4,4,-5,0,2,187,21.8043,1
oma_e40,4,4,-5,0,2,188,16.1458,1
oma_e40,4,4,-5,0,2,189,18.2889,1
oma_e40,4,4,-5,0,2,190,18.4435,1
oma_e40,4,4,-5,0,2,191,17.8915,1
oma_e40,4,4,-5,0,2,192,17.8493,1
oma_e40,4,4,-5,0,2,193,20.2266,0
oma_e40,4,4,-5,0,2,194,17.8055,1
oma_e40,4,4,-5,0,2,195,22.4123,1
oma_e40,4,4,-5,0,2,196,12.4248,1
oma_e40,4,4,-5,0,2,197,18.1457,1
oma_e40,4,4,-5,0,2,198,17.5894,1
oma_e40,4,4,-5,0,2,199,15.8576,1
oma_e40,4,4,-5,0,3,175,18.1406,1
oma_e40,4,4,-5,0,3,176,17.0276,1
oma_e40,4,4,-5,0,3,177,18.8191,1
oma_e40,4,4,-5,0,3,178,19.0231,1
oma_e40,4,4,-5,0,3,179,12.4677,1
oma_e40,4,4,-5,0,3,180,12.0446,1
oma_e40,4,4,-5,0,3,181,14.1714,1
oma_e40,4,4,-5,0,3,182,16.3970,1
oma_e40,4,4,-5,0,3,183,12.5144,1
oma_e40,4,4,-5,0,3,184,18.2592,1
oma_e40,4,4,-5,0,3,185,16.9814,1
oma_e40,4,4,-5,0,3,186,14.0927,1
oma_e40,4,4,-5,0,3,187,21.2214,0
oma_e40,4,4,-5,0,3,188,14.6203,1
oma_e40,4,4,-5,0,3,189,19.1699,1
oma_e40,4,4,-5,0,3,190,17.8111,1
oma_e40,4,4,-5,0,3,191,18.3880,1
oma_e40,4,4,-5,0,3,192,17.1546,1
oma_e40,4,4,-5,0,3,193,18.7357,1
oma_e40,4,4,-5,0,3,194,18.5263,1
oma_e40,4,4,-5,0,3,195,21.0442,0
oma_e40,4,4,-5,0,3,196,13.4583,1
oma_e40,4,4,-5,0,3,197,13.7858,1
oma_e40,4,4,-5,0,3,198,16.7791,0
oma_e40,4,4,-5,0,3,199,17.3884,0
oma_e40,4,4,-5,1,0,0,14.6189,1
oma_e40,4,4,-5,1,0,1,18.6677,1
oma_e40,4,4,-5,1,0,2,17.9538,1
oma_e40,4,4,-5,1,0,3,16.8708,1
oma_e40,4,4,-5,1,0,4,13.1367,1
oma_e40,4,4,-5,1,0,5,13.3688,1
oma_e40,4,4,-5,1,0,6,18.9103,0
oma_e40,4,4,-5,1,0,7,13.8354,1
oma_e40,4,4,-5,1,0,8,18.0372,0
oma_e40,4,4,-5,1,0,9,13.3815,1
oma_e40,4,4,-5,1,0,10,19.2988,1
oma_e40,4,4,-5,1,0,11,15.2517,0
oma_e40,4,4,-5,1,0,12,9.2917,1
oma_e40,4,4,-5,1,0,13,15.4949,1
oma_e40,4,4,-5,1,0,14,15.2650,0
oma_e40,4,4,-5,1,0,15,16.1245,1
oma_e40,4,4,-5,1,0,16,19.5777,1
oma_e40,4,4,-5,1,0,17,16.0479,1
oma_e40,4,4,-5,1,0,18,18.3039,0
oma_e40,4,4,-5,1,0,19,17.6176,1
oma_e40,4,4,-5,1,0,20,17.0113,1
oma_e40,4,4,-5,1,0,21,14.3931,1
oma_e40,4,4,-5,1,0,22,18.6966,1
oma_e40,4,4,-5,1,0,23,13.5807,1
oma_e40,4,4,-5,1,0,24,16.6189,1
oma_e40,4,4,-5,1,1,0,16.2798,1
oma_e40,4,4,-5,1,1,1,16.2456,1
oma_e40,4,4,-5,1,1,2,19.0699,1
oma_e40,4,4,-5,1,1,3,20.3570,0
oma_e40,4,4,-5,1,1,4,16.4482,1
oma_e40,4,4,-5,1,1,5,11.7443,1
oma_e40,4,4,-5,1,1,6,16.8336,0
oma_e40,4,4,-5,1,1,7,16.1227,1
oma_e40,4,4,-5,1,1,8,18.4906,1
oma_e40,4,4,-5,1,1,9,12.5816,1
oma_e40,4,4,-5,1,1,10,16.5250,1
oma_e40,4,4,-5,1,1,11,18.2314,1
oma_e40,4,4,-5,1,1,12,13.3472,0
oma_e40,4,4,-5,1,1,13,17.9854,0
oma_e40,4,4,-5,1,1,14,16.5944,1
oma_e40,4,4,-5,1,1,15,14.4847,1
oma_e40,4,4,-5,1,1,16,17.1088,1
oma_e40,4,4,-5,1,1,17,16.2592,1
oma_e40,4,4,-5,1,1,18,17.9670,1
oma_e40,4,4,-5,1,1,19,18.3142,1
oma_e40,4,4,-5,1,1,20,20.2353,1
oma_e40,4,4,-5,1,1,21,17.0572,1
oma_e40,4,4,-5,1,1,22,15.3177,1
oma_e40,4,4,-5,1,1,23,10.4846,1
oma_e40,4,4,-5,1,1,24,15.0738,0
oma_e40,4,4,-5,1,2,0,13.9386,1
oma_e40,4,4,-5,1,2,1,17.1006,1
oma_e40,4,4,-5,1,2,2,19.2852,1
oma_e40,4,4,-5,1,2,3,16.4444,1
oma_e40,4,4,-5,1,2,4,17.0483,1
oma_e40,4,4,-5,1,2,5,11.9586,1
oma_e40,4,4,-5,1,2,6,16.6481,1
oma_e40,4,4,-5,1,2,7,15.4472,0
oma_e40,4,4,-5,1,2,8,15.0231,1
oma_e40,4,4,-5,1,2,9,13.3025,1
oma_e40,4,4,-5,1,2,10,18.5051,1
oma_e40,4,4,-5,1,2,11,20.9753,1
oma_e40,4,4,-5,1,2,12,12.6639,1
oma_e40,4,4,-5,1,2,13,16.2779,1
oma_e40,4,4,-5,1,2,14,14.9955,1
oma_e40,4,4,-5,1,2,15,18.0759,1
oma_e40,4,4,-5,1,2,16,17.9593,0
oma_e40,4,4,-5,1,2,17,14.9234,1
oma_e40,4,4,-5,1,2,18,16.0763,1
oma_e40,4,4,-5,1,2,19,17.5159,1
oma_e40,4,4,-5,1,2,20,15.8635,1
oma_e40,4,4,-5,1,2,21,16.7006,1
oma_e40,4,4,-5,1,2,22,15.8543,1
oma_e40,4,4,-5,1,2,23,12.0397,1
oma_e40,4,4,-5,1,2,24,18.3999,1
oma_e40,4,4,-5,1,3,0,14.4140,1
oma_e40,4,4,-5,1,3,1,16.1923,1
oma_e40,4,4,-5,1,3,2,18.4482,0
oma_e40,4,4,-5,1,3,3,16.5650,1
oma_e40,4,4,-5,1,3,4,15.2905,1
oma_e40,4,4,-5,1,3,5,12.6094,1
oma_e40,4,4,-5,1,3,6,16.0201,1
oma_e40,4,4,-5,1,3,7,16.0649,1
oma_e40,4,4,-5,1,3,8,18.6581,1
oma_e40,4,4,-5,1,3,9,14.8436,1
oma_e40,4,4,-5,1,3,10,19.6365,1
oma_e40,4,4,-5,1,3,11,17.1384,1
oma_e40,4,4,-5,1,3,12,13.2464,1
oma_e40,4,4,-5,1,3,13,14.5144,1
oma_e40,4,4,-5,1,3,14,13.3818,1
oma_e40,4,4,-5,1,3,15,15.1432,1
oma_e40,4,4,-5,1,3,16,18.8047,1
oma_e40,4,4,-5,1,3,17,16.6484,1
oma_e40,4,4,-5,1,3,18,20.1741,0
oma_e40,4,4,-5,1,3,19,14.3886,1
oma_e40,4,4,-5,1,3,20,19.8537,1
oma_e40,4,4,-5,1,3,21,19.5641,1
oma_e40,4,4,-5,1,3,22,18.0871,1
oma_e40,4,4,-5,1,3,23,12.3856,0
oma_e40,4,4,-5,1,3,24,17.1650,1
oma_e40,4,4,-5,1,0,25,13.5220,1
oma_e40,4,4,-5,1,0,26,15.7995,1
oma_e40,4,4,-5,1,0,27,14.6932,1
oma_e40,4,4,-5,1,0,28,17.7965,1
oma_e40,4,4,-5,1,0,29,15.7176,1
oma_e40,4,4,-5,1,0,30,13.5435,0
oma_e40,4,4,-5,1,0,31,15.2779,1
oma_e40,4,4,-5,1,0,32,15.7718,1
oma_e40,4,4,-5,1,0,33,16.6125,1
oma_e40,4,4,-5,1,0,34,12.9953,0
oma_e40,4,4,-5,1,0,35,16.8937,1
oma_e40,4,4,-5,1,0,36,15.8672,1
oma_e40,4,4,-5,1,0,37,22.5382,0
oma_e40,4,4,-5,1,0,38,16.3200,1
oma_e40,4,4,-5,1,0,39,14.3861,1
oma_e40,4,4,-5,1,0,40,15.7480,1
oma_e40,4,4,-5,1,0,41,15.6520,1
oma_e40,4,4,-5,1,0,42,18.0634,1
oma_e40,4,4,-5,1,0,43,12.3274,1
oma_e40,4,4,-5,1,0,44,14.2333,1
oma_e40,4,4,-5,1,0,45,12.5894,1
oma_e40,4,4,-5,1,0,46,15.1074,1
oma_e40,4,4,-5,1,0,47,13.4889,1
oma_e40,4,4,-5,1,0,48,16.8356,1
oma_e40,4,4,-5,1,0,49,20.9961,0
oma_e40,4,4,-5,1,1,25,15.0623,1
oma_e40,4,4,-5,1,1,26,16.1099,1
oma_e40,4,4,-5,1,1,27,14.3937,1
oma_e40,4,4,-5,1,1,28,16.4506,1
oma_e40,4,4,-5,1,1,29,17.3041,1
oma_e40,4,4,-5,1,1,30,14.0124,1
oma_e40,4,4,-5,1,1,31,15.4384,1
oma_e40,4,4,-5,1,1,32,17.4034,1
oma_e40,4,4,-5,1,1,33,17.0141,1
oma_e40,4,4,-5,1,1,34,14.5241,1
oma_e40,4,4,-5,1,1,35,16.8099,1
oma_e40,4,4,-5,1,1,36,17.2369,1
oma_e40,4,4,-5,1,1,37,18.7543,0
oma_e40,4,4,-5,1,1,38,14.0841,1
oma_e40,4,4,-5,1,1,39,13.2252,1
oma_e40,4,4,-5,1,1,40,13.2969,1
oma_e40,4,4,-5,1,1,41,18.8656,1
oma_e40,4,4,-5,1,1,42,23.3129,1
oma_e40,4,4,-5,1,1,43,12.8089,1
oma_e40,4,4,-5,1,1,44,12.2035,1
oma_e40,4,4,-5,1,1,45,12.1000,1
oma_e40,4,4,-5,1,1,46,14.7211,1
oma_e40,4,4,-5,1,1,47,12.8903,1
oma_e40,4,4,-5,1,1,48,17.6036,1
oma_e40,4,4,-5,1,1,49,18.2998,0
oma_e40,4,4,-5,1,2,25,15.3482,1
oma_e40,4,4,-5,1,2,26,16.2552,1
oma_e40,4,4,-5,1,2,27,15.3927,1
oma_e40,4,4,-5,1,2,28,17.5350,1
oma_e40,4,4,-5,1,2,29,16.0280,1
oma_e40,4,4,-5,1,2,30,10.5403,1
oma_e40,4,4,-5,1,2,31,17.9958,1
oma_e40,4,4,-5,1,2,32,13.4436,1
oma_e40,4,4,-5,1,2,33,12.8764,1
oma_e40,4,4,-5,1,2,34,11.3508,1
oma_e40,4,4,-5,1,2,35,16.6941,1
oma_e40,4,4,-5,1,2,36,15.2001,1
oma_e40,4,4,-5,1,2,37,16.6365,1
oma_e40,4,4,-5,1,2,38,14.0692,1
oma_e40,4,4,-5,1,2,39,13.8585,1
oma_e40,4,4,-5,1,2,40,14.7429,1
oma_e40,4,4,-5,1,2,41,15.1434,1
oma_e40,4,4,-5,1,2,42,16.0867,1
oma_e40,4,4,-5,1,2,43,12.5945,0
oma_e40,4,4,-5,1,2,44,12.4744,1
oma_e40,4,4,-5,1,2,45,15.1147,1
oma_e40,4,4,-5,1,2,46,13.6097,1
oma_e40,4,4,-5,1,2,47,17.3606,1
oma_e40,4,4,-5,1,2,48,18.4160,1
oma_e40,4,4,-5,1,2,49,17.5372,1
oma_e40,4,4,-5,1,3,25,17.0152,1
oma_e40,4,4,-5,1,3,26,15.0267,1
oma_e40,4,4,-5,1,3,27,13.6534,0
oma_e40,4,4,-5,1,3,28,18.3303,1
oma_e40,4,4,-5,1,3,29,16.1440,1
oma_e40,4,4,-5,1,3,30,14.5448,1
oma_e40,4,4,-5,1,3,31,15.3299,1
oma_e40,4,4,-5,1,3,32,17.8974,1
oma_e40,4,4,-5,1,3,33,17.2633,1
oma_e40,4,4,-5,1,3,34,12.7235,1
oma_e40,4,4,-5,1,3,35,17.3987,1
oma_e40,4,4,-5,1,3,36,16.8385,1
oma_e40,4,4,-5,1,3,37,18.0831,1
oma_e40,4,4,-5,1,3,38,16.3934,1
oma_e40,4,4,-5,1,3,39,15.3011,0
oma_e40,4,4,-5,1,3,40,12.0927,1
oma_e40,4,4,-5,1,3,41,15.0300,1
oma_e40,4,4,-5,1,3,42,17.7664,0
oma_e40,4,4,-5,1,3,43,13.1296,1
oma_e40,4,4,-5,1,3,44,13.5778,0
oma_e40,4,4,-5,1,3,45,15.4568,1
oma_e40,4,4,-5,1,3,46,14.8097,1
oma_e40,4,4,-5,1,3,47,14.4990,1
oma_e40,4,4,-5,1,3,48,17.6183,1
oma_e40,4,4,-5,1,3,49,18.2491,1
oma_e40,4,4,-5,1,0,50,12.3777,1
oma_e40,4,4,-5,1,0,51,15.5631,0
oma_e40,4,4,-5,1,0,52,13.1714,1
oma_e40,4,4,-5,1,0,53,17.3996,0
oma_e40,4,4,-5,1,0,54,13.7351,1
oma_e40,4,4,-5,1,0,55,13.1166,1
oma_e40,4,4,-5,1,0,56,14.7228,1
oma_e40,4,4,-5,1,0,57,16.3886,0
oma_e40,4,4,-5,1,0,58,15.3057,1
oma_e40,4,4,-5,1,0,59,14.1468,1
oma_e40,4,4,-5,1,0,60,16.3379,1
oma_e40,4,4,-5,1,0,61,19.1777,0
oma_e40,4,4,-5,1,0,62,15.2330,1
oma_e40,4,4,-5,1,0,63,17.2218,1
oma_e40,4,4,-5,1,0,64,15.5599,1
oma_e40,4,4,-5,1,0,65,16.5513,1
oma_e40,4,4,-5,1,0,66,12.7385,1
oma_e40,4,4,-5,1,0,67,18.1006,0
oma_e40,4,4,-5,1,0,68,13.6611,1
oma_e40,4,4,-5,1,0,69,16.7066,1
oma_e40,4,4,-5,1,0,70,13.4591,1
oma_e40,4,4,-5,1,0,71,16.8334,1
oma_e40,4,4,-5,1,0,72,18.3911,1
oma_e40,4,4,-5,1,0,73,16.9627,1
oma_e40,4,4,-5,1,0,74,18.4154,1
oma_e40,4,4,-5,1,1,50,14.5700,1
oma_e40,4,4,-5,1,1,51,15.0956,1
oma_e40,4,4,-5,1,1,52,12.3116,1
oma_e40,4,4,-5,1,1,53,17.9715,1
oma_e40,4,4,-5,1,1,54,11.2208,1
oma_e40,4,4,-5,1,1,55,16.6988,1
oma_e40,4,4,-5,1,1,56,18.7845,1
oma_e40,4,4,-5,1,1,57,17.5245,0
oma_e40,4,4,-5,1,1,58,14.8241,1
oma_e40,4,4,-5,1,1,59,11.6240,1
oma_e40,4,4,-5,1,1,60,15.4249,1
oma_e40,4,4,-5,1,1,61,17.7000,0
oma_e40,4,4,-5,1,1,62,16.3455,1
oma_e40,4,4,-5,1,1,63,20.5827,1
oma_e40,4,4,-5,1,1,64,13.2219,1
oma_e40,4,4,-5,1,1,65,18.4817,1
oma_e40,4,4,-5,1,1,66,13.9820,1
oma_e40,4,4,-5,1,1,67,14.3939,1
oma_e40,4,4,-5,1,1,68,13.1411,1
oma_e40,4,4,-5,1,1,69,17.4234,1
oma_e40,4,4,-5,1,1,70,14.1844,0
oma_e40,4,4,-5,1,1,71,18.4847,1
oma_e40,4,4,-5,1,1,72,17.8333,1
oma_e40,4,4,-5,1,1,73,14.4641,0
oma_e40,4,4,-5,1,1,74,17.9728,1
oma_e40,4,4,-5,1,2,50,12.6382,1
oma_e40,4,4,-5,1,2,51,15.3473,1
oma_e40,4,4,-5,1,2,52,14.8048,1
oma_e40,4,4,-5,1,2,53,15.9224,0
oma_e40,4,4,-5,1,2,54,13.3482,1
oma_e40,4,4,-5,1,2,55,20.3506,1
oma_e40,4,4,-5,1,2,56,18.7937,1
oma_e40,4,4,-5,1,2,57,19.2818,1
oma_e40,4,4,-5,1,2,58,13.2865,1
oma_e40,4,4,-5,1,2,59,14.2657,1
oma_e40,4,4,-5,1,2,60,13.4002,1
oma_e40,4,4,-5,1,2,61,18.2052,0
oma_e40,4,4,-5,1,2,62,15.2450,1
oma_e40,4,4,-5,1,2,63,17.1820,0
oma_e40,4,4,-5,1,2,64,13.0095,1
oma_e40,4,4,-5,1,2,65,19.1007,1
oma_e40,4,4,-5,1,2,66,13.7875,0
oma_e40,4,4,-5,1,2,67,16.0687,1
oma_e40,4,4,-5,1,2,68,11.1382,1
oma_e40,4,4,-5,1,2,69,15.6483,1
oma_e40,4,4,-5,1,2,70,11.2542,1
oma_e40,4,4,-5,1,2,71,16.6647,1
oma_e40,4,4,-5,1,2,72,17.8225,1
oma_e40,4,4,-5,1,2,73,13.4704,1
oma_e40,4,4,-5,1,2,74,15.3668,1
oma_e40,4,4,-5,1,3,50,14.2316,1
oma_e40,4,4,-5,1,3,51,16.4771,0
oma_e40,4,4,-5,1,3,52,14.0519,1
oma_e40,4,4,-5,1,3,53,15.2339,1
oma_e40,4,4,-5,1,3,54,15.3161,1
oma_e40,4,4,-5,1,3,55,16.9955,1
oma_e40,4,4,-5,1,3,56,20.3544,0
oma_e40,4,4,-5,1,3,57,16.9013,1
oma_e40,4,4,-5,1,3,58,15.1768,0
oma_e40,4,4,-5,1,3,59,13.2657,1
oma_e40,4,4,-5,1,3,60,15.5369,1
oma_e40,4,4,-5,1,3,61,18.5401,1
oma_e40,4,4,-5,1,3,62,15.6615,1
oma_e40,4,4,-5,1,3,63,17.2384,1
oma_e40,4,4,-5,1,3,64,12.7675,1
oma_e40,4,4,-5,1,3,65,20.3440,1
oma_e40,4,4,-5,1,3,66,12.2197,0
oma_e40,4,4,-5,1,3,67,14.5207,1
oma_e40,4,4,-5,1,3,68,13.2119,1
oma_e40,4,4,-5,1,3,69,16.2919,1
oma_e40,4,4,-5,1,3,70,15.4929,1
oma_e40,4,4,-5,1,3,71,16.9034,1
oma_e40,4,4,-5,1,3,72,17.7363,1
oma_e40,4,4,-5,1,3,73,16.8563,1
oma_e40,4,4,-5,1,3,74,18.1759,1
oma_e40,4,4,-5,1,0,75,16.9633,0
oma_e40,4,4,-5,1,0,76,18.3584,1
oma_e40,4,4,-5,1,0,77,17.8441,1
oma_e40,4,4,-5,1,0,78,19.4705,0
oma_e40,4,4,-5,1,0,79,17.9001,1
oma_e40,4,4,-5,1,0,80,17.2447,1
oma_e40,4,4,-5,1,0,81,15.8717,1
oma_e40,4,4,-5,1,0,82,17.4303,1
oma_e40,4,4,-5,1,0,83,12.6762,1
oma_e40,4,4,-5,1,0,84,13.7747,1
oma_e40,4,4,-5,1,0,85,15.0474,1
oma_e40,4,4,-5,1,0,86,16.9394,0
oma_e40,4,4,-5,1,0,87,15.4826,1
oma_e40,4,4,-5,1,0,88,16.7034,1
oma_e40,4,4,-5,1,0,89,14.0816,1
oma_e40,4,4,-5,1,0,90,14.5897,1
oma_e40,4,4,-5,1,0,91,13.2454,1
oma_e40,4,4,-5,1,0,92,18.3001,1
oma_e40,4,4,-5,1,0,93,16.5353,1
oma_e40,4,4,-5,1,0,94,20.3600,1
oma_e40,4,4,-5,1,0,95,15.7284,1
oma_e40,4,4,-5,1,0,96,16.1890,1
oma_e40,4,4,-5,1,0,97,10.8080,1
oma_e40,4,4,-5,1,0,98,18.7054,0
oma_e40,4,4,-5,1,0,99,18.6159,1
oma_e40,4,4,-5,1,1,75,17.9584,0
oma_e40,4,4,-5,1,1,76,17.6344,1
oma_e40,4,4,-5,1,1,77,20.0040,1
oma_e40,4,4,-5,1,1,78,18.8788,1
oma_e40,4,4,-5,1,1,79,15.5163,1
oma_e40,4,4,-5,1,1,80,17.1032,1
oma_e40,4,4,-5,1,1,81,19.1820,1
oma_e40,4,4,-5,1,1,82,19.9980,0
oma_e40,4,4,-5,1,1,83,15.3178,1
oma_e40,4,4,-5,1,1,84,14.7182,1
oma_e40,4,4,-5,1,1,85,18.0511,1
oma_e40,4,4,-5,1,1,86,18.7267,0
oma_e40,4,4,-5,1,1,87,17.6896,1
oma_e40,4,4,-5,1,1,88,16.3545,1
oma_e40,4,4,-5,1,1,89,15.5520,0
oma_e40,4,4,-5,1,1,90,13.5776,1
oma_e40,4,4,-5,1,1,91,14.0605,1
oma_e40,4,4,-5,1,1,92,17.7227,1
oma_e40,4,4,-5,1,1,93,17.0084,1
oma_e40,4,4,-5,1,1,94,20.7247,0
oma_e40,4,4,-5,1,1,95,15.0350,0
oma_e40,4,4,-5,1,1,96,12.5857,1
oma_e40,4,4,-5,1,1,97,11.9350,1
oma_e40,4,4,-5,1,1,98,17.1858,1
oma_e40,4,4,-5,1,1,99,17.2767,1
oma_e40,4,4,-5,1,2,75,14.7820,1
oma_e40,4,4,-5,1,2,76,17.6952,1
oma_e40,4,4,-5,1,2,77,17.7650,1
oma_e40,4,4,-5,1,2,78,19.8450,1
oma_e40,4,4,-5,1,2,79,13.9865,1
oma_e40,4,4,-5,1,2,80,18.6466,1
oma_e40,4,4,-5,1,2,81,17.9867,1
oma_e40,4,4,-5,1,2,82,15.9665,0
oma_e40,4,4,-5,1,2,83,11.9403,1
oma_e40,4,4,-5,1,2,84,17.1052,1
oma_e40,4,4,-5,1,2,85,14.4597,1
oma_e40,4,4,-5,1,2,86,17.7976,1
oma_e40,4,4,-5,1,2,87,15.9332,1
oma_e40,4,4,-5,1,2,88,19.2395,0
oma_e40,4,4,-5,1,2,89,14.4494,1
oma_e40,4,4,-5,1,2,90,15.9138,1
oma_e40,4,4,-5,1,2,91,14.8371,1
oma_e40,4,4,-5,1,2,92,17.1724,1
oma_e40,4,4,-5,1,2,93,14.9855,1
oma_e40,4,4,-5,1,2,94,18.7794,0
oma_e40,4,4,-5,1,2,95,17.3112,0
oma_e40,4,4,-5,1,2,96,15.4808,1
oma_e40,4,4,-5,1,2,97,13.9362,0
oma_e40,4,4,-5,1,2,98,20.4250,1
oma_e40,4,4,-5,1,2,99,15.5453,1
oma_e40,4,4,-5,1,3,75,20.9315,1
oma_e40,4,4,-5,1,3,76,16.2916,0
oma_e40,4,4,-5,1,3,77,17.8105,1
oma_e40,4,4,-5,1,3,78,18.8539,1
oma_e40,4,4,-5,1,3,79,15.3451,0
oma_e40,4,4,-5,1,3,80,20.2619,0
oma_e40,4,4,-5,1,3,81,16.9824,1
oma_e40,4,4,-5,1,3,82,17.9002,1
oma_e40,4,4,-5,1,3,83,14.9208,1
oma_e40,4,4,-5,1,3,84,17.8073,1
oma_e40,4,4,-5,1,3,85,13.9599,1
oma_e40,4,4,-5,1,3,86,17.9712,0
oma_e40,4,4,-5,1,3,87,13.4180,1
oma_e40,4,4,-5,1,3,88,17.7132,0
oma_e40,4,4,-5,1,3,89,16.2428,0
oma_e40,4,4,-5,1,3,90,13.8954,1
oma_e40,4,4,-5,1,3,91,14.8147,1
oma_e40,4,4,-5,1,3,92,16.2805,1
oma_e40,4,4,-5,1,3,93,16.3677,1
oma_e40,4,4,-5,1,3,94,23.2575,1
oma_e40,4,4,-5,1,3,95,14.9374,1
oma_e40,4,4,-5,1,3,96,15.7361,1
oma_e40,4,4,-5,1,3,97,14.0216,1
oma_e40,4,4,-5,1,3,98,18.4264,1
oma_e40,4,4,-5,1,3,99,18.7840,1
oma_e40,4,4,-5,1,0,100,15.6935,1
oma_e40,4,4,-5,1,0,101,15.7212,1
oma_e40,4,4,-5,1,0,102,14.2495,1
oma_e40,4,4,-5,1,0,103,14.1663,1
oma_e40,4,4,-5,1,0,104,15.0692,1
oma_e40,4,4,-5,1,0,105,15.4159,1
oma_e40,4,4,-5,1,0,106,12.1719,1
oma_e40,4,4,-5,1,0,107,18.8216,0
oma_e40,4,4,-5,1,0,108,15.9733,0
oma_e40,4,4,-5,1,0,109,15.8357,1
oma_e40,4,4,-5,1,0,110,15.9936,1
oma_e40,4,4,-5,1,0,111,17.7497,1
oma_e40,4,4,-5,1,0,112,16.3181,1
oma_e40,4,4,-5,1,0,113,17.3791,1
oma_e40,4,4,-5,1,0,114,16.1980,1
oma_e40,4,4,-5,1,0,115,12.4821,1
oma_e40,4,4,-5,1,0,116,15.6116,1
oma_e40,4,4,-5,1,0,117,15.5439,1
oma_e40,4,4,-5,1,0,118,15.9147,1
oma_e40,4,4,-5,1,0,119,21.5810,1
oma_e40,4,4,-5,1,0,120,17.0467,1
oma_e40,4,4,-5,1,0,121,15.2725,1
oma_e40,4,4,-5,1,0,122,13.7407,1
oma_e40,4,4,-5,1,0,123,15.3402,1
oma_e40,4,4,-5,1,0,124,13.2654,1
oma_e40,4,4,-5,1,1,100,18.1526,1
oma_e40,4,4,-5,1,1,101,13.4680,0
oma_e40,4,4,-5,1,1,102,13.9007,0
oma_e40,4,4,-5,1,1,103,14.9954,1
oma_e40,4,4,-5,1,1,104,14.3171,1
oma_e40,4,4,-5,1,1,105,18.3113,1
oma_e40,4,4,-5,1,1,106,11.5666,1
oma_e40,4,4,-5,1,1,107,22.2387,0
oma_e40,4,4,-5,1,1,108,12.8617,1
oma_e40,4,4,-5,1,1,109,15.7529,0
oma_e40,4,4,-5,1,1,110,16.1870,1
oma_e40,4,4,-5,1,1,111,17.9782,1
oma_e40,4,4,-5,1,1,112,17.3252,0
oma_e40,4,4,-5,1,1,113,17.0316,1
oma_e40,4,4,-5,1,1,114,14.9162,1
oma_e40,4,4,-5,1,1,115,11.5645,1
oma_e40,4,4,-5,1,1,116,15.0134,1
oma_e40,4,4,-5,1,1,117,15.3605,1
oma_e40,4,4,-5,1,1,118,15.6645,1
oma_e40,4,4,-5,1,1,119,18.2153,0
oma_e40,4,4,-5,1,1,120,17.5185,0
oma_e40,4,4,-5,1,1,121,13.9108,1
oma_e40,4,4,-5,1,1,122,14.0785,1
oma_e40,4,4,-5,1,1,123,18.3385,1
oma_e40,4,4,-5,1,1,124,10.6816,0
oma_e40,4,4,-5,1,2,100,19.1384,1
oma_e40,4,4,-5,1,2,101,12.7484,1
oma_e40,4,4,-5,1,2,102,14.3460,1
oma_e40,4,4,-5,1,2,103,13.8472,1
oma_e40,4,4,-5,1,2,104,15.8134,0
oma_e40,4,4,-5,1,2,105,15.6973,1
oma_e40,4,4,-5,1,2,106,12.7950,1
oma_e40,4,4,-5,1,2,107,16.8263,1
oma_e40,4,4,-5,1,2,108,13.8111,1
oma_e40,4,4,-5,1,2,109,17.3733,1
oma_e40,4,4,-5,1,2,110,16.4942,1
oma_e40,4,4,-5,1,2,111,17.8142,1
oma_e40,4,4,-5,1,2,112,16.6423,1
oma_e40,4,4,-5,1,2,113,18.1371,1
oma_e40,4,4,-5,1,2,114,15.2689,1
oma_e40,4,4,-5,1,2,115,11.6465,1
oma_e40,4,4,-5,1,2,116,14.3322,1
oma_e40,4,4,-5,1,2,117,15.9927,1
oma_e40,4,4,-5,1,2,118,16.4764,1
oma_e40,4,4,-5,1,2,119,20.1581,1
oma_e40,4,4,-5,1,2,120,16.5532,0
oma_e40,4,4,-5,1,2,121,14.2661,1
oma_e40,4,4,-5,1,2,122,15.1615,1
oma_e40,4,4,-5,1,2,123,20.8998,1
oma_e40,4,4,-5,1,2,124,9.7519,1
oma_e40,4,4,-5,1,3,100,18.7953,1
oma_e40,4,4,-5,1,3,101,14.4848,1
oma_e40,4,4,-5,1,3,102,12.7705,1
oma_e40,4,4,-5,1,3,103,14.9253,1
oma_e40,4,4,-5,1,3,104,17.5572,1
oma_e40,4,4,-5,1,3,105,14.7918,1
oma_e40,4,4,-5,1,3,106,11.9942,1
oma_e40,4,4,-5,1,3,107,19.0894,1
oma_e40,4,4,-5,1,3,108,13.0662,1
oma_e40,4,4,-5,1,3,109,15.2255,1
oma_e40,4,4,-5,1,3,110,16.9696,1
oma_e40,4,4,-5,1,3,111,18.0232,1
oma_e40,4,4,-5,1,3,112,16.3848,1
oma_e40,4,4,-5,1,3,113,16.5174,1
oma_e40,4,4,-5,1,3,114,14.6976,1
oma_e40,4,4,-5,1,3,115,12.1337,1
oma_e40,4,4,-5,1,3,116,17.7684,0
oma_e40,4,4,-5,1,3,117,15.0143,1
oma_e40,4,4,-5,1,3,118,15.3356,1
oma_e40,4,4,-5,1,3,119,18.5085,0
oma_e40,4,4,-5,1,3,120,16.5020,1
oma_e40,4,4,-5,1,3,121,14.0324,1
oma_e40,4,4,-5,1,3,122,17.2072,1
oma_e40,4,4,-5,1,3,123,16.9742,1
oma_e40,4,4,-5,1,3,124,13.3562,1
oma_e40,4,4,-5,1,0,125,15.6029,1
oma_e40,4,4,-5,1,0,126,19.2854,0
oma_e40,4,4,-5,1,0,127,19.1430,0
oma_e40,4,4,-5,1,0,128,16.2003,1
oma_e40,4,4,-5,1,0,129,14.3267,1
oma_e40,4,4,-5,1,0,130,19.7523,0
oma_e40,4,4,-5,1,0,131,15.6268,1
oma_e40,4,4,-5,1,0,132,12.5200,1
oma_e40,4,4,-5,1,0,133,15.9494,1
oma_e40,4,4,-5,1,0,134,17.8743,1
oma_e40,4,4,-5,1,0,135,16.0288,1
oma_e40,4,4,-5,1,0,136,18.3372,1
oma_e40,4,4,-5,1,0,137,18.2667,0
oma_e40,4,4,-5,1,0,138,11.2688,1
oma_e40,4,4,-5,1,0,139,18.1090,1
oma_e40,4,4,-5,1,0,140,16.2701,1
oma_e40,4,4,-5,1,0,141,13.9443,1
oma_e40,4,4,-5,1,0,142,18.3976,0
oma_e40,4,4,-5,1,0,143,18.2430,0
oma_e40,4,4,-5,1,0,144,15.7233,1
oma_e40,4,4,-5,1,0,145,17.7419,1
oma_e40,4,4,-5,1,0,146,18.4507,1
oma_e40,4,4,-5,1,0,147,16.8903,1
oma_e40,4,4,-5,1,0,148,17.4944,0
oma_e40,4,4,-5,1,0,149,13.7660,1
oma_e40,4,4,-5,1,1,125,16.2734,0
oma_e40,4,4,-5,1,1,126,18.1672,1
oma_e40,4,4,-5,1,1,127,19.6558,0
oma_e40,4,4,-5,1,1,128,16.1333,1
oma_e40,4,4,-5,1,1,129,15.2001,1
oma_e40,4,4,-5,1,1,130,14.5593,1
oma_e40,4,4,-5,1,1,131,15.5372,1
oma_e40,4,4,-5,1,1,132,12.3483,1
oma_e40,4,4,-5,1,1,133,15.7007,1
oma_e40,4,4,-5,1,1,134,16.5490,1
oma_e40,4,4,-5,1,1,135,16.4871,0
oma_e40,4,4,-5,1,1,136,18.5555,1
oma_e40,4,4,-5,1,1,137,19.1102,1
oma_e40,4,4,-5,1,1,138,11.2819,0
oma_e40,4,4,-5,1,1,139,17.8665,1
oma_e40,4,4,-5,1,1,140,18.9810,1
oma_e40,4,4,-5,1,1,141,14.3437,1
oma_e40,4,4,-5,1,1,142,15.2649,1
oma_e40,4,4,-5,1,1,143,16.2381,1
oma_e40,4,4,-5,1,1,144,16.4974,1
oma_e40,4,4,-5,1,1,145,16.3401,0
oma_e40,4,4,-5,1,1,146,19.1542,1
oma_e40,4,4,-5,1,1,147,17.9660,0
oma_e40,4,4,-5,1,1,148,17.3915,0
oma_e40,4,4,-5,1,1,149,11.7596,1
oma_e40,4,4,-5,1,2,125,17.3192,1
oma_e40,4,4,-5,1,2,126,17.8904,1
oma_e40,4,4,-5,1,2,127,18.0629,1
oma_e40,4,4,-5,1,2,128,16.7314,1
oma_e40,4,4,-5,1,2,129,14.5361,1
oma_e40,4,4,-5,1,2,130,16.9975,1
oma_e40,4,4,-5,1,2,131,19.0805,1
oma_e40,4,4,-5,1,2,132,14.3814,1
oma_e40,4,4,-5,1,2,133,14.5550,0
oma_e40,4,4,-5,1,2,134,15.6459,1
oma_e40,4,4,-5,1,2,135,17.8540,0
oma_e40,4,4,-5,1,2,136,17.4238,1
oma_e40,4,4,-5,1,2,137,18.3806,0
oma_e40,4,4,-5,1,2,138,13.4133,1
oma_e40,4,4,-5,1,2,139,18.3885,1
oma_e40,4,4,-5,1,2,140,19.7520,1
oma_e40,4,4,-5,1,2,141,16.1986,1
oma_e40,4,4,-5,1,2,142,14.1418,1
oma_e40,4,4,-5,1,2,143,17.6146,1
oma_e40,4,4,-5,1,2,144,14.3796,1
oma_e40,4,4,-5,1,2,145,16.1266,1
oma_e40,4,4,-5,1,2,146,15.6629,1
oma_e40,4,4,-5,1,2,147,16.2102,1
oma_e40,4,4,-5,1,2,148,17.9406,1
oma_e40,4,4,-5,1,2,149,10.7000,1
oma_e40,4,4,-5,1,3,125,17.7200,1
oma_e40,4,4,-5,1,3,126,16.8633,1
oma_e40,4,4,-5,1,3,127,18.7802,1
oma_e40,4,4,-5,1,3,128,18.5815,1
oma_e40,4,4,-5,1,3,129,14.6077,1
oma_e40,4,4,-5,1,3,130,19.0486,1
oma_e40,4,4,-5,1,3,131,19.5227,1
oma_e40,4,4,-5,1,3,132,11.9800,1
oma_e40,4,4,-5,1,3,133,13.0910,1
oma_e40,4,4,-5,1,3,134,15.7100,0
oma_e40,4,4,-5,1,3,135,16.5169,1
oma_e40,4,4,-5,1,3,136,17.1554,1
oma_e40,4,4,-5,1,3,137,17.4213,1
oma_e40,4,4,-5,1,3,138,11.5192,1
oma_e40,4,4,-5,1,3,139,16.8341,1
oma_e40,4,4,-5,1,3,140,16.4622,1
oma_e40,4,4,-5,1,3,141,15.7287,0
oma_e40,4,4,-5,1,3,142,15.7411,1
oma_e40,4,4,-5,1,3,143,19.0363,1
oma_e40,4,4,-5,1,3,144,16.4865,1
oma_e40,4,4,-5,1,3,145,16.7174,0
oma_e40,4,4,-5,1,3,146,15.1576,1
oma_e40,4,4,-5,1,3,147,15.4358,0
oma_e40,4,4,-5,1,3,148,17.8578,1
oma_e40,4,4,-5,1,3,149,12.0298,0
oma_e40,4,4,-5,1,0,150,15.8690,1
oma_e40,4,4,-5,1,0,151,15.3329,1
oma_e40,4,4,-5,1,0,152,17.5625,1
oma_e40,4,4,-5,1,0,153,18.7241,0
oma_e40,4,4,-5,1,0,154,12.3926,1
oma_e40,4,4,-5,1,0,155,21.4830,1
oma_e40,4,4,-5,1,0,156,18.0821,1
oma_e40,4,4,-5,1,0,157,12.9805,1
oma_e40,4,4,-5,1,0,158,19.3995,1
oma_e40,4,4,-5,1,0,159,15.6879,1
oma_e40,4,4,-5,1,0,160,11.6418,0
oma_e40,4,4,-5,1,0,161,17.1008,1
oma_e40,4,4,-5,1,0,162,18.1342,1
oma_e40,4,4,-5,1,0,163,14.8642,1
oma_e40,4,4,-5,1,0,164,17.1588,1
oma_e40,4,4,-5,1,0,165,15.1929,0
oma_e40,4,4,-5,1,0,166,16.6724,1
oma_e40,4,4,-5,1,0,167,15.6328,1
oma_e40,4,4,-5,1,0,168,14.6089,0
oma_e40,4,4,-5,1,0,169,20.5418,1
oma_e40,4,4,-5,1,0,170,17.6123,1
oma_e40,4,4,-5,1,0,171,15.4801,1
oma_e40,4,4,-5,1,0,172,14.4865,1
oma_e40,4,4,-5,1,0,173,20.0643,1
oma_e40,4,4,-5,1,0,174,13.1726,1
oma_e40,4,4,-5,1,1,150,16.1095,1
oma_e40,4,4,-5,1,1,151,17.1752,0
oma_e40,4,4,-5,1,1,152,17.3655,0
oma_e40,4,4,-5,1,1,153,20.0311,1
oma_e40,4,4,-5,1,1,154,14.0698,1
oma_e40,4,4,-5,1,1,155,23.7403,1
oma_e40,4,4,-5,1,1,156,17.5651,1
oma_e40,4,4,-5,1,1,157,13.3609,1
oma_e40,4,4,-5,1,1,158,15.7577,1
oma_e40,4,4,-5,1,1,159,18.1121,1
oma_e40,4,4,-5,1,1,160,11.4213,1
oma_e40,4,4,-5,1,1,161,15.8815,1
oma_e40,4,4,-5,1,1,162,19.3102,1
oma_e40,4,4,-5,1,1,163,13.9618,1
oma_e40,4,4,-5,1,1,164,16.4455,1
oma_e40,4,4,-5,1,1,165,13.5909,1
oma_e40,4,4,-5,1,1,166,16.5933,0
oma_e40,4,4,-5,1,1,167,16.0324,0
oma_e40,4,4,-5,1,1,168,16.1749,1
oma_e40,4,4,-5,1,1,169,18.5367,0
oma_e40,4,4,-5,1,1,170,19.6272,0
oma_e40,4,4,-5,1,1,171,14.3788,1
oma_e40,4,4,-5,1,1,172,16.7155,1
oma_e40,4,4,-5,1,1,173,18.5775,1
oma_e40,4,4,-5,1,1,174,15.7136,0
oma_e40,4,4,-5,1,2,150,19.1694,0
oma_e40,4,4,-5,1,2,151,13.4191,1
oma_e40,4,4,-5,1,2,152,20.6394,1
oma_e40,4,4,-5,1,2,153,20.3209,0
oma_e40,4,4,-5,1,2,154,15.7737,1
oma_e40,4,4,-5,1,2,155,22.2766,1
oma_e40,4,4,-5,1,2,156,16.5750,1
oma_e40,4,4,-5,1,2,157,13.0689,1
oma_e40,4,4,-5,1,2,158,18.1887,1
oma_e40,4,4,-5,1,2,159,16.7743,1
oma_e40,4,4,-5,1,2,160,13.2788,1
oma_e40,4,4,-5,1,2,161,15.6005,0
oma_e40,4,4,-5,1,2,162,16.8339,1
oma_e40,4,4,-5,1,2,163,16.6674,1
oma_e40,4,4,-5,1,2,164,18.9248,1
oma_e40,4,4,-5,1,2,165,18.1918,0
oma_e40,4,4,-5,1,2,166,13.7070,0
oma_e40,4,4,-5,1,2,167,17.1091,0
oma_e40,4,4,-5,1,2,168,15.3137,1
oma_e40,4,4,-5,1,2,169,17.1969,1
oma_e40,4,4,-5,1,2,170,19.9251,0
oma_e40,4,4,-5,1,2,171,16.1195,1
oma_e40,4,4,-5,1,2,172,16.1877,1
oma_e40,4,4,-5,1,2,173,16.5593,1
oma_e40,4,4,-5,1,2,174,13.7166,1
oma_e40,4,4,-5,1,3,150,15.9179,1
oma_e40,4,4,-5,1,3,151,15.2597,1
oma_e40,4,4,-5,1,3,152,20.7770,0
oma_e40,4,4,-5,1,3,153,17.0528,1
oma_e40,4,4,-5,1,3,154,16.8201,1
oma_e40,4,4,-5,1,3,155,22.5976,1
oma_e40,4,4,-5,1,3,156,15.6660,1
oma_e40,4,4,-5,1,3,157,15.1935,1
oma_e40,4,4,-5,1,3,158,15.1420,1
oma_e40,4,4,-5,1,3,159,18.2681,1
oma_e40,4,4,-5,1,3,160,12.8978,1
oma_e40,4,4,-5,1,3,161,14.2926,1
oma_e40,4,4,-5,1,3,162,15.7819,1
oma_e40,4,4,-5,1,3,163,13.9953,1
oma_e40,4,4,-5,1,3,164,18.9739,1
oma_e40,4,4,-5,1,3,165,15.3955,0
oma_e40,4,4,-5,1,3,166,16.4102,0
oma_e40,4,4,-5,1,3,167,19.1004,0
oma_e40,4,4,-5,1,3,168,15.1360,1
oma_e40,4,4,-5,1,3,169,19.8598,0
oma_e40,4,4,-5,1,3,170,18.8918,1
oma_e40,4,4,-5,1,3,171,14.9880,1
oma_e40,4,4,-5,1,3,172,15.6761,1
oma_e40,4,4,-5,1,3,173,18.0829,1
oma_e40,4,4,-5,1,3,174,17.3112,0
oma_e40,4,4,-5,1,0,175,18.2988,1
oma_e40,4,4,-5,1,0,176,16.9289,0
oma_e40,4,4,-5,1,0,177,16.8571,1
oma_e40,4,4,-5,1,0,178,20.5710,0
oma_e40,4,4,-5,1,0,179,17.4871,1
oma_e40,4,4,-5,1,0,180,14.5812,1
oma_e40,4,4,-5,1,0,181,17.8347,1
oma_e40,4,4,-5,1,0,182,17.5102,0
oma_e40,4,4,-5,1,0,183,17.8726,0
oma_e40,4,4,-5,1,0,184,15.9262,0
oma_e40,4,4,-5,1,0,185,19.1517,0
oma_e40,4,4,-5,1,0,186,13.4309,1
oma_e40,4,4,-5,1,0,187,18.5864,1
oma_e40,4,4,-5,1,0,188,15.4746,1
oma_e40,4,4,-5,1,0,189,16.7212,0
oma_e40,4,4,-5,1,0,190,14.1912,1
oma_e40,4,4,-5,1,0,191,17.6360,1
oma_e40,4,4,-5,1,0,192,13.0177,1
oma_e40,4,4,-5,1,0,193,19.2378,1
oma_e40,4,4,-5,1,0,194,17.2970,1
oma_e40,4,4,-5,1,0,195,14.9471,1
oma_e40,4,4,-5,1,0,196,17.2886,1
oma_e40,4,4,-5,1,0,197,19.8221,1
oma_e40,4,4,-5,1,0,198,15.4881,1
oma_e40,4,4,-5,1,0,199,18.3800,1
oma_e40,4,4,-5,1,1,175,16.4248,1
oma_e40,4,4,-5,1,1,176,12.1474,1
oma_e40,4,4,-5,1,1,177,16.2692,1
oma_e40,4,4,-5,1,1,178,21.3842,0
oma_e40,4,4,-5,1,1,179,18.0161,1
oma_e40,4,4,-5,1,1,180,15.9107,1
oma_e40,4,4,-5,1,1,181,14.5431,1
oma_e40,4,4,-5,1,1,182,15.6519,1
oma_e40,4,4,-5,1,1,183,16.0200,1
oma_e40,4,4,-5,1,1,184,16.0775,1
oma_e40,4,4,-5,1,1,185,16.1388,1
oma_e40,4,4,-5,1,1,186,13.0475,1
oma_e40,4,4,-5,1,1,187,17.5929,1
oma_e40,4,4,-5,1,1,188,17.0203,1
oma_e40,4,4,-5,1,1,189,16.3655,1
oma_e40,4,4,-5,1,1,190,14.1278,0
oma_e40,4,4,-5,1,1,191,16.2436,1
oma_e40,4,4,-5,1,1,192,12.4372,1
oma_e40,4,4,-5,1,1,193,17.6622,1
oma_e40,4,4,-5,1,1,194,17.6539,1
oma_e40,4,4,-5,1,1,195,13.6280,0
oma_e40,4,4,-5,1,1,196,16.3615,1
oma_e40,4,4,-5,1,1,197,18.1936,1
oma_e40,4,4,-5,1,1,198,14.8583,1
oma_e40,4,4,-5,1,1,199,15.9820,1
oma_e40,4,4,-5,1,2,175,14.6256,1
oma_e40,4,4,-5,1,2,176,12.0427,1
oma_e40,4,4,-5,1,2,177,17.9278,0
oma_e40,4,4,-5,1,2,178,17.6603,1
oma_e40,4,4,-5,1,2,179,16.9223,1
oma_e40,4,4,-5,1,2,180,14.3446,1
oma_e40,4,4,-5,1,2,181,16.5715,1
oma_e40,4,4,-5,1,2,182,16.1356,1
oma_e40,4,4,-5,1,2,183,18.9084,0
oma_e40,4,4,-5,1,2,184,15.3794,1
oma_e40,4,4,-5,1,2,185,20.1806,1
oma_e40,4,4,-5,1,2,186,12.6834,1
oma_e40,4,4,-5,1,2,187,16.2078,1
oma_e40,4,4,-5,1,2,188,17.6677,1
oma_e40,4,4,-5,1,2,189,16.7324,1
oma_e40,4,4,-5,1,2,190,12.6634,1
oma_e40,4,4,-5,1,2,191,17.7544,1
oma_e40,4,4,-5,1,2,192,12.5210,1
oma_e40,4,4,-5,1,2,193,18.5150,0
oma_e40,4,4,-5,1,2,194,18.4232,1
oma_e40,4,4,-5,1,2,195,14.4345,1
oma_e40,4,4,-5,1,2,196,16.0200,1
oma_e40,4,4,-5,1,2,197,19.6887,1
oma_e40,4,4,-5,1,2,198,16.2485,1
oma_e40,4,4,-5,1,2,199,16.8796,1
oma_e40,4,4,-5,1,3,175,16.8704,1
oma_e40,4,4,-5,1,3,176,12.2914,1
oma_e40,4,4,-5,1,3,177,17.8064,0
oma_e40,4,4,-5,1,3,178,20.1318,1
oma_e40,4,4,-5,1,3,179,13.7158,1
oma_e40,4,4,-5,1,3,180,13.9500,1
oma_e40,4,4,-5,1,3,181,15.6571,1
oma_e40,4,4,-5,1,3,182,15.4627,1
oma_e40,4,4,-5,1,3,183,13.0477,1
oma_e40,4,4,-5,1,3,184,17.4342,1
oma_e40,4,4,-5,1,3,185,21.6072,1
oma_e40,4,4,-5,1,3,186,14.5818,1
oma_e40,4,4,-5,1,3,187,17.4117,1
oma_e40,4,4,-5,1,3,188,17.1540,0
oma_e40,4,4,-5,1,3,189,15.8917,1
oma_e40,4,4,-5,1,3,190,13.9920,1
oma_e40,4,4,-5,1,3,191,17.7173,1
oma_e40,4,4,-5,1,3,192,11.2743,1
oma_e40,4,4,-5,1,3,193,17.2822,1
oma_e40,4,4,-5,1,3,194,18.5347,1
oma_e40,4,4,-5,1,3,195,12.5285,1
oma_e40,4,4,-5,1,3,196,18.1700,1
oma_e40,4,4,-5,1,3,197,15.2783,1
oma_e40,4,4,-5,1,3,198,14.6906,1
oma_e40,4,4,-5,1,3,199,16.7686,0
oma_e40,4,4,-5,2,0,0,18.4237,0
oma_e40,4,4,-5,2,0,1,17.4299,1
oma_e40,4,4,-5,2,0,2,16.6167,1
oma_e40,4,4,-5,2,0,3,12.7312,1
oma_e40,4,4,-5,2,0,4,11.9660,1
oma_e40,4,4,-5,2,0,5,14.8981,1
oma_e40,4,4,-5,2,0,6,18.2400,1
oma_e40,4,4,-5,2,0,7,13.8810,1
oma_e40,4,4,-5,2,0,8,16.0289,1
oma_e40,4,4,-5,2,0,9,15.5734,1
oma_e40,4,4,-5,2,0,10,18.3484,1
oma_e40,4,4,-5,2,0,11,15.5007,0
oma_e40,4,4,-5,2,0,12,13.0034,1
oma_e40,4,4,-5,2,0,13,14.0525,1
oma_e40,4,4,-5,2,0,14,15.8978,1
oma_e40,4,4,-5,2,0,15,18.5417,1
oma_e40,4,4,-5,2,0,16,17.8198,1
oma_e40,4,4,-5,2,0,17,16.3618,1
oma_e40,4,4,-5,2,0,18,18.0770,0
oma_e40,4,4,-5,2,0,19,12.3659,1
oma_e40,4,4,-5,2,0,20,20.2759,1
oma_e40,4,4,-5,2,0,21,10.7982,1
oma_e40,4,4,-5,2,0,22,19.5357,1
oma_e40,4,4,-5,2,0,23,17.0299,0
oma_e40,4,4,-5,2,0,24,16.4860,1
oma_e40,4,4,-5,2,1,0,22.1235,1
oma_e40,4,4,-5,2,1,1,15.2016,1
oma_e40,4,4,-5,2,1,2,17.9849,1
oma_e40,4,4,-5,2,1,3,14.1581,1
oma_e40,4,4,-5,2,1,4,15.4566,1
oma_e40,4,4,-5,2,1,5,13.9583,1
oma_e40,4,4,-5,2,1,6,16.9816,1
oma_e40,4,4,-5,2,1,7,15.8571,1
oma_e40,4,4,-5,2,1,8,15.8618,1
oma_e40,4,4,-5,2,1,9,14.1783,1
oma_e40,4,4,-5,2,1,10,15.4154,1
oma_e40,4,4,-5,2,1,11,18.0007,1
oma_e40,4,4,-5,2,1,12,14.1880,1
oma_e40,4,4,-5,2,1,13,15.5442,1
oma_e40,4,4,-5,2,1,14,17.6812,1
oma_e40,4,4,-5,2,1,15,17.7459,1
oma_e40,4,4,-5,2,1,16,16.0790,0
oma_e40,4,4,-5,2,1,17,16.6406,1
oma_e40,4,4,-5,2,1,18,18.0727,1
oma_e40,4,4,-5,2,1,19,11.9238,1
oma_e40,4,4,-5,2,1,20,25.2571,0
oma_e40,4,4,-5,2,1,21,13.2753,1
oma_e40,4,4,-5,2,1,22,16.1019,1
oma_e40,4,4,-5,2,1,23,14.3041,1
oma_e40,4,4,-5,2,1,24,15.8362,0
oma_e40,4,4,-5,2,2,0,17.9558,1
oma_e40,4,4,-5,2,2,1,15.4643,1
oma_e40,4,4,-5,2,2,2,17.5473,1
oma_e40,4,4,-5,2,2,3,12.9867,1
oma_e40,4,4,-5,2,2,4,17.2322,1
oma_e40,4,4,-5,2,2,5,15.0043,1
oma_e40,4,4,-5,2,2,6,15.8098,1
oma_e40,4,4,-5,2,2,7,13.2256,1
oma_e40,4,4,-5,2,2,8,14.0627,1
oma_e40,4,4,-5,2,2,9,16.1518,1
oma_e40,4,4,-5,2,2,10,17.9374,1
oma_e40,4,4,-5,2,2,11,21.3120,1
oma_e40,4,4,-5,2,2,12,13.0738,1
oma_e40,4,4,-5,2,2,13,12.9375,1
oma_e40,4,4,-5,2,2,14,16.1462,1
oma_e40,4,4,-5,2,2,15,20.7640,1
oma_e40,4,4,-5,2,2,16,16.2604,0
oma_e40,4,4,-5,2,2,17,15.9469,1
oma_e40,4,4,-5,2,2,18,15.7540,1
oma_e40,4,4,-5,2,2,19,10.9805,1
oma_e40,4,4,-5,2,2,20,18.9293,0
oma_e40,4,4,-5,2,2,21,14.3881,1
oma_e40,4,4,-5,2,2,22,18.0794,1
oma_e40,4,4,-5,2,2,23,17.4317,0
oma_e40,4,4,-5,2,2,24,18.8026,1
oma_e40,4,4,-5,2,3,0,19.3319,1
oma_e40,4,4,-5,2,3,1,13.9204,1
oma_e40,4,4,-5,2,3,2,17.6394,1
oma_e40,4,4,-5,2,3,3,13.4555,1
oma_e40,4,4,-5,2,3,4,14.5597,1
oma_e40,4,4,-5,2,3,5,14.3584,1
oma_e40,4,4,-5,2,3,6,15.6926,1
oma_e40,4,4,-5,2,3,7,15.6236,1
oma_e40,4,4,-5,2,3,8,17.0303,0
oma_e40,4,4,-5,2,3,9,17.0632,0
oma_e40,4,4,-5,2,3,10,18.2610,1
oma_e40,4,4,-5,2,3,11,17.2257,1
oma_e40,4,4,-5,2,3,12,13.3825,1
oma_e40,4,4,-5,2,3,13,10.2978,1
oma_e40,4,4,-5,2,3,14,14.0585,0
oma_e40,4,4,-5,2,3,15,17.1554,1
oma_e40,4,4,-5,2,3,16,17.9431,1
oma_e40,4,4,-5,2,3,17,16.9584,1
oma_e40,4,4,-5,2,3,18,20.3388,1
oma_e40,4,4,-5,2,3,19,11.3511,1
oma_e40,4,4,-5,2,3,20,23.4740,1
oma_e40,4,4,-5,2,3,21,13.7290,1
oma_e40,4,4,-5,2,3,22,19.3754,1
oma_e40,4,4,-5,2,3,23,16.8373,1
oma_e40,4,4,-5,2,3,24,18.8889,1
oma_e40,4,4,-5,2,0,25,10.8010,1
oma_e40,4,4,-5,2,0,26,20.7151,0
oma_e40,4,4,-5,2,0,27,19.1913,1
oma_e40,4,4,-5,2,0,28,13.9273,1
oma_e40,4,4,-5,2,0,29,15.5863,1
oma_e40,4,4,-5,2,0,30,12.1759,0
oma_e40,4,4,-5,2,0,31,15.0334,1
oma_e40,4,4,-5,2,0,32,15.7105,1
oma_e40,4,4,-5,2,0,33,15.4013,1
oma_e40,4,4,-5,2,0,34,16.6270,1
oma_e40,4,4,-5,2,0,35,16.2836,1
oma_e40,4,4,-5,2,0,36,19.2188,1
oma_e40,4,4,-5,2,0,37,20.4009,0
oma_e40,4,4,-5,2,0,38,19.0001,1
oma_e40,4,4,-5,2,0,39,13.8786,1
oma_e40,4,4,-5,2,0,40,21.5854,1
oma_e40,4,4,-5,2,0,41,16.8474,1
oma_e40,4,4,-5,2,0,42,14.2298,1
oma_e40,4,4,-5,2,0,43,11.7158,1
oma_e40,4,4,-5,2,0,44,16.6181,1
oma_e40,4,4,-5,2,0,45,12.4988,1
oma_e40,4,4,-5,2,0,46,16.3402,1
oma_e40,4,4,-5,2,0,47,12.0051,1
oma_e40,4,4,-5,2,0,48,18.2208,1
oma_e40,4,4,-5,2,0,49,17.7742,0
oma_e40,4,4,-5,2,1,25,12.1938,1
oma_e40,4,4,-5,2,1,26,19.1094,1
oma_e40,4,4,-5,2,1,27,17.3146,1
oma_e40,4,4,-5,2,1,28,13.1331,1
oma_e40,4,4,-5,2,1,29,17.1897,1
oma_e40,4,4,-5,2,1,30,14.6658,1
oma_e40,4,4,-5,2,1,31,13.9864,1
oma_e40,4,4,-5,2,1,32,17.6353,1
oma_e40,4,4,-5,2,1,33,17.3008,0
oma_e40,4,4,-5,2,1,34,17.1204,1
oma_e40,4,4,-5,2,1,35,17.0379,1
oma_e40,4,4,-5,2,1,36,20.6615,0
oma_e40,4,4,-5,2,1,37,17.7235,1
oma_e40,4,4,-5,2,1,38,17.4719,0
oma_e40,4,4,-5,2,1,39,10.1432,1
oma_e40,4,4,-5,2,1,40,20.7187,1
oma_e40,4,4,-5,2,1,41,21.3457,1
oma_e40,4,4,-5,2,1,42,14.6963,1
oma_e40,4,4,-5,2,1,43,13.0434,1
oma_e40,4,4,-5,2,1,44,13.2032,1
oma_e40,4,4,-5,2,1,45,13.5711,1
oma_e40,4,4,-5,2,1,46,16.5460,1
oma_e40,4,4,-5,2,1,47,11.5519,1
oma_e40,4,4,-5,2,1,48,19.1470,0
oma_e40,4,4,-5,2,1,49,15.4423,1
oma_e40,4,4,-5,2,2,25,13.5668,1
oma_e40,4,4,-5,2,2,26,19.5468,1
oma_e40,4,4,-5,2,2,27,20.4228,1
oma_e40,4,4,-5,2,2,28,15.0968,0
oma_e40,4,4,-5,2,2,29,16.3626,1
oma_e40,4,4,-5,2,2,30,8.6192,1
oma_e40,4,4,-5,2,2,31,17.7026,1
oma_e40,4,4,-5,2,2,32,12.9462,1
oma_e40,4,4,-5,2,2,33,14.7498,1
oma_e40,4,4,-5,2,2,34,17.9658,0
oma_e40,4,4,-5,2,2,35,16.1029,1
oma_e40,4,4,-5,2,2,36,18.1676,0
oma_e40,4,4,-5,2,2,37,15.6530,1
oma_e40,4,4,-5,2,2,38,17.6141,1
oma_e40,4,4,-5,2,2,39,13.7221,1
oma_e40,4,4,-5,2,2,40,20.3471,1
oma_e40,4,4,-5,2,2,41,17.1461,1
oma_e40,4,4,-5,2,2,42,13.2517,0
oma_e40,4,4,-5,2,2,43,11.9151,0
oma_e40,4,4,-5,2,2,44,14.3489,1
oma_e40,4,4,-5,2,2,45,15.6599,1
oma_e40,4,4,-5,2,2,46,16.6675,1
oma_e40,4,4,-5,2,2,47,15.8583,1
oma_e40,4,4,-5,2,2,48,20.1179,1
oma_e40,4,4,-5,2,2,49,15.7673,1
oma_e40,4,4,-5,2,3,25,14.3110,1
oma_e40,4,4,-5,2,3,26,19.5096,1
oma_e40,4,4,-5,2,3,27,16.5328,1
oma_e40,4,4,-5,2,3,28,14.6709,1
oma_e40,4,4,-5,2,3,29,16.8582,1
oma_e40,4,4,-5,2,3,30,13.2245,1
oma_e40,4,4,-5,2,3,31,13.8180,1
oma_e40,4,4,-5,2,3,32,17.9166,1
oma_e40,4,4,-5,2,3,33,18.8437,1
oma_e40,4,4,-5,2,3,34,17.5659,1
oma_e40,4,4,-5,2,3,35,17.4540,1
oma_e40,4,4,-5,2,3,36,18.6081,1
oma_e40,4,4,-5,2,3,37,17.5125,1
oma_e40,4,4,-5,2,3,38,20.5463,1
oma_e40,4,4,-5,2,3,39,13.6665,0
oma_e40,4,4,-5,2,3,40,20.8190,1
oma_e40,4,4,-5,2,3,41,16.1024,1
oma_e40,4,4,-5,2,3,42,13.2463,1
oma_e40,4,4,-5,2,3,43,13.1859,1
oma_e40,4,4,-5,2,3,44,15.3221,1
oma_e40,4,4,-5,2,3,45,16.3763,1
oma_e40,4,4,-5,2,3,46,16.8284,1
oma_e40,4,4,-5,2,3,47,12.5198,0
oma_e40,4,4,-5,2,3,48,18.8352,1
oma_e40,4,4,-5,2,3,49,16.1615,1
oma_e40,4,4,-5,2,0,50,17.7680,1
oma_e40,4,4,-5,2,0,51,13.4553,0
oma_e40,4,4,-5,2,0,52,16.2363,1
oma_e40,4,4,-5,2,0,53,15.9810,1
oma_e40,4,4,-5,2,0,54,10.1172,1
oma_e40,4,4,-5,2,0,55,12.8140,1
oma_e40,4,4,-5,2,0,56,12.9482,1
oma_e40,4,4,-5,2,0,57,16.3687,1
oma_e40,4,4,-5,2,0,58,12.1473,1
oma_e40,4,4,-5,2,0,59,15.2775,1
oma_e40,4,4,-5,2,0,60,18.9520,0
oma_e40,4,4,-5,2,0,61,15.0901,0
oma_e40,4,4,-5,2,0,62,12.7520,0
oma_e40,4,4,-5,2,0,63,14.8276,1
oma_e40,4,4,-5,2,0,64,17.8937,1
oma_e40,4,4,-5,2,0,65,13.9060,1
oma_e40,4,4,-5,2,0,66,16.3217,1
oma_e40,4,4,-5,2,0,67,17.5797,1
oma_e40,4,4,-5,2,0,68,18.1546,1
oma_e40,4,4,-5,2,0,69,15.6894,1
oma_e40,4,4,-5,2,0,70,17.0168,1
oma_e40,4,4,-5,2,0,71,14.9638,1
oma_e40,4,4,-5,2,0,72,20.2106,1
oma_e40,4,4,-5,2,0,73,13.8752,1
oma_e40,4,4,-5,2,0,74,16.2403,1
oma_e40,4,4,-5,2,1,50,17.7896,1
oma_e40,4,4,-5,2,1,51,13.5702,1
oma_e40,4,4,-5,2,1,52,19.3991,0
oma_e40,4,4,-5,2,1,53,15.5174,1
oma_e40,4,4,-5,2,1,54,9.2284,1
oma_e40,4,4,-5,2,1,55,16.5992,0
oma_e40,4,4,-5,2,1,56,15.7170,0
oma_e40,4,4,-5,2,1,57,17.3058,0
oma_e40,4,4,-5,2,1,58,10.6745,1
oma_e40,4,4,-5,2,1,59,11.4623,1
oma_e40,4,4,-5,2,1,60,18.7654,0
oma_e40,4,4,-5,2,1,61,15.2124,1
oma_e40,4,4,-5,2,1,62,14.3203,1
oma_e40,4,4,-5,2,1,63,17.8160,1
oma_e40,4,4,-5,2,1,64,14.9773,1
oma_e40,4,4,-5,2,1,65,14.9131,0
oma_e40,4,4,-5,2,1,66,15.5494,1
oma_e40,4,4,-5,2,1,67,13.8455,1
oma_e40,4,4,-5,2,1,68,16.5365,1
oma_e40,4,4,-5,2,1,69,17.0976,1
oma_e40,4,4,-5,2,1,70,15.8401,1
oma_e40,4,4,-5,2,1,71,15.8929,0
oma_e40,4,4,-5,2,1,72,19.7579,1
oma_e40,4,4,-5,2,1,73,12.8043,0
oma_e40,4,4,-5,2,1,74,13.2972,1
oma_e40,4,4,-5,2,2,50,16.8650,0
oma_e40,4,4,-5,2,2,51,13.5529,1
oma_e40,4,4,-5,2,2,52,19.3723,1
oma_e40,4,4,-5,2,2,53,14.7888,1
oma_e40,4,4,-5,2,2,54,12.3210,1
oma_e40,4,4,-5,2,2,55,17.5221,1
oma_e40,4,4,-5,2,2,56,16.6508,1
oma_e40,4,4,-5,2,2,57,18.1056,1
oma_e40,4,4,-5,2,2,58,10.0395,1
oma_e40,4,4,-5,2,2,59,13.9884,1
oma_e40,4,4,-5,2,2,60,16.2224,1
oma_e40,4,4,-5,2,2,61,14.0748,1
oma_e40,4,4,-5,2,2,62,13.2274,1
oma_e40,4,4,-5,2,2,63,15.6930,1
oma_e40,4,4,-5,2,2,64,13.2987,1
oma_e40,4,4,-5,2,2,65,16.7329,1
oma_e40,4,4,-5,2,2,66,14.2739,1
oma_e40,4,4,-5,2,2,67,15.9134,1
oma_e40,4,4,-5,2,2,68,15.4256,1
oma_e40,4,4,-5,2,2,69,14.7312,0
oma_e40,4,4,-5,2,2,70,13.3811,1
oma_e40,4,4,-5,2,2,71,14.5342,1
oma_e40,4,4,-5,2,2,72,20.7255,1
oma_e40,4,4,-5,2,2,73,12.8270,1
oma_e40,4,4,-5,2,2,74,12.0332,1
oma_e40,4,4,-5,2,3,50,16.7190,1
oma_e40,4,4,-5,2,3,51,17.0510,0
oma_e40,4,4,-5,2,3,52,18.1051,0
oma_e40,4,4,-5,2,3,53,14.1040,1
oma_e40,4,4,-5,2,3,54,12.3136,1
oma_e40,4,4,-5,2,3,55,16.4191,1
oma_e40,4,4,-5,2,3,56,19.1999,1
oma_e40,4,4,-5,2,3,57,16.7008,1
oma_e40,4,4,-5,2,3,58,12.2441,0
oma_e40,4,4,-5,2,3,59,12.8649,0
oma_e40,4,4,-5,2,3,60,18.8286,1
oma_e40,4,4,-5,2,3,61,15.7756,0
oma_e40,4,4,-5,2,3,62,13.7621,1
oma_e40,4,4,-5,2,3,63,14.3666,1
oma_e40,4,4,-5,2,3,64,13.9501,1
oma_e40,4,4,-5,2,3,65,14.6498,0
oma_e40,4,4,-5,2,3,66,14.2440,1
oma_e40,4,4,-5,2,3,67,14.5326,1
oma_e40,4,4,-5,2,3,68,19.0509,0
oma_e40,4,4,-5,2,3,69,17.3876,1
oma_e40,4,4,-5,2,3,70,16.7045,0
oma_e40,4,4,-5,2,3,71,15.1511,1
oma_e40,4,4,-5,2,3,72,18.9640,1
oma_e40,4,4,-5,2,3,73,14.4438,1
oma_e40,4,4,-5,2,3,74,14.3930,1
oma_e40,4,4,-5,2,0,75,16.5661,0
oma_e40,4,4,-5,2,0,76,10.4473,1
oma_e40,4,4,-5,2,0,77,15.6877,1
oma_e40,4,4,-5,2,0,78,14.0658,1
oma_e40,4,4,-5,2,0,79,19.5332,1
oma_e40,4,4,-5,2,0,80,13.6122,1
oma_e40,4,4,-5,2,0,81,17.6625,1
oma_e40,4,4,-5,2,0,82,17.9230,1
oma_e40,4,4,-5,2,0,83,13.6465,1
oma_e40,4,4,-5,2,0,84,13.8521,1
oma_e40,4,4,-5,2,0,85,15.3635,1
oma_e40,4,4,-5,2,0,86,12.8727,1
oma_e40,4,4,-5,2,0,87,16.6925,1
oma_e40,4,4,-5,2,0,88,15.3513,1
oma_e40,4,4,-5,2,0,89,13.5713,1
oma_e40,4,4,-5,2,0,90,16.4916,1
oma_e40,4,4,-5,2,0,91,17.0288,1
oma_e40,4,4,-5,2,0,92,14.5687,1
oma_e40,4,4,-5,2,0,93,15.0393,1
oma_e40,4,4,-5,2,0,94,17.9664,0
oma_e40,4,4,-5,2,0,95,14.8735,1
oma_e40,4,4,-5,2,0,96,16.9972,1
oma_e40,4,4,-5,2,0,97,15.1254,1
oma_e40,4,4,-5,2,0,98,19.0152,0
oma_e40,4,4,-5,2,0,99,19.7766,0
oma_e40,4,4,-5,2,1,75,17.4031,1
oma_e40,4,4,-5,2,1,76,15.1431,1
oma_e40,4,4,-5,2,1,77,17.6804,1
oma_e40,4,4,-5,2,1,78,14.2896,1
oma_e40,4,4,-5,2,1,79,17.4604,1
oma_e40,4,4,-5,2,1,80,14.1038,0
oma_e40,4,4,-5,2,1,81,21.3221,1
oma_e40,4,4,-5,2,1,82,20.8961,1
oma_e40,4,4,-5,2,1,83,14.0360,1
oma_e40,4,4,-5,2,1,84,13.5235,1
oma_e40,4,4,-5,2,1,85,17.1249,1
oma_e40,4,4,-5,2,1,86,13.8781,1
oma_e40,4,4,-5,2,1,87,19.5567,1
oma_e40,4,4,-5,2,1,88,14.6411,1
oma_e40,4,4,-5,2,1,89,15.9707,1
oma_e40,4,4,-5,2,1,90,15.5554,1
oma_e40,4,4,-5,2,1,91,17.4172,1
oma_e40,4,4,-5,2,1,92,11.4884,1
oma_e40,4,4,-5,2,1,93,14.5593,1
oma_e40,4,4,-5,2,1,94,17.2604,1
oma_e40,4,4,-5,2,1,95,14.6220,0
oma_e40,4,4,-5,2,1,96,17.1603,1
oma_e40,4,4,-5,2,1,97,17.0984,1
oma_e40,4,4,-5,2,1,98,16.8871,1
oma_e40,4,4,-5,2,1,99,18.8129,1
oma_e40,4,4,-5,2,2,75,14.5804,1
oma_e40,4,4,-5,2,2,76,11.6934,1
oma_e40,4,4,-5,2,2,77,16.5437,1
oma_e40,4,4,-5,2,2,78,15.1719,1
oma_e40,4,4,-5,2,2,79,15.9534,1
oma_e40,4,4,-5,2,2,80,15.0087,1
oma_e40,4,4,-5,2,2,81,19.4737,1
oma_e40,4,4,-5,2,2,82,16.5434,0
oma_e40,4,4,-5,2,2,83,12.4432,1
oma_e40,4,4,-5,2,2,84,16.0865,1
oma_e40,4,4,-5,2,2,85,15.3879,1
oma_e40,4,4,-5,2,2,86,12.7284,1
oma_e40,4,4,-5,2,2,87,17.9421,0
oma_e40,4,4,-5,2,2,88,18.3580,0
oma_e40,4,4,-5,2,2,89,14.0950,1
oma_e40,4,4,-5,2,2,90,16.8143,1
oma_e40,4,4,-5,2,2,91,17.3624,1
oma_e40,4,4,-5,2,2,92,13.0880,0
oma_e40,4,4,-5,2,2,93,13.4524,0
oma_e40,4,4,-5,2,2,94,16.6787,0
oma_e40,4,4,-5,2,2,95,16.9712,0
oma_e40,4,4,-5,2,2,96,16.7982,1
oma_e40,4,4,-5,2,2,97,17.0497,1
oma_e40,4,4,-5,2,2,98,19.8739,1
oma_e40,4,4,-5,2,2,99,17.3156,1
oma_e40,4,4,-5,2,3,75,19.8840,1
oma_e40,4,4,-5,2,3,76,14.0020,1
oma_e40,4,4,-5,2,3,77,16.2513,1
oma_e40,4,4,-5,2,3,78,14.9690,1
oma_e40,4,4,-5,2,3,79,17.6804,0
oma_e40,4,4,-5,2,3,80,13.7757,1
oma_e40,4,4,-5,2,3,81,18.7984,0
oma_e40,4,4,-5,2,3,82,18.8271,1
oma_e40,4,4,-5,2,3,83,15.4120,1
oma_e40,4,4,-5,2,3,84,15.4020,1
oma_e40,4,4,-5,2,3,85,14.3150,1
oma_e40,4,4,-5,2,3,86,14.7322,1
oma_e40,4,4,-5,2,3,87,14.5655,1
oma_e40,4,4,-5,2,3,88,15.6745,0
oma_e40,4,4,-5,2,3,89,15.9089,1
oma_e40,4,4,-5,2,3,90,15.5172,1
oma_e40,4,4,-5,2,3,91,18.0168,1
oma_e40,4,4,-5,2,3,92,12.3602,1
oma_e40,4,4,-5,2,3,93,14.2591,0
oma_e40,4,4,-5,2,3,94,18.7120,1
oma_e40,4,4,-5,2,3,95,14.0906,1
oma_e40,4,4,-5,2,3,96,16.5605,1
oma_e40,4,4,-5,2,3,97,16.3216,1
oma_e40,4,4,-5,2,3,98,19.4735,1
oma_e40,4,4,-5,2,3,99,21.8193,1
oma_e40,4,4,-5,2,0,100,13.4183,1
oma_e40,4,4,-5,2,0,101,15.0956,1
oma_e40,4,4,-5,2,0,102,14.8802,1
oma_e40,4,4,-5,2,0,103,13.5090,1
oma_e40,4,4,-5,2,0,104,16.8202,1
oma_e40,4,4,-5,2,0,105,9.4767,1
oma_e40,4,4,-5,2,0,106,15.7944,1
oma_e40,4,4,-5,2,0,107,16.7763,1
oma_e40,4,4,-5,2,0,108,19.3957,0
oma_e40,4,4,-5,2,0,109,14.8741,1
oma_e40,4,4,-5,2,0,110,14.9211,1
oma_e40,4,4,-5,2,0,111,17.8833,1
oma_e40,4,4,-5,2,0,112,15.7927,1
oma_e40,4,4,-5,2,0,113,11.6567,1
oma_e40,4,4,-5,2,0,114,16.6363,1
oma_e40,4,4,-5,2,0,115,16.3513,1
oma_e40,4,4,-5,2,0,116,13.0505,1
oma_e40,4,4,-5,2,0,117,16.3024,1
oma_e40,4,4,-5,2,0,118,17.9306,1
oma_e40,4,4,-5,2,0,119,9.3746,1
oma_e40,4,4,-5,2,0,120,15.1507,1
oma_e40,4,4,-5,2,0,121,16.9921,1
oma_e40,4,4,-5,2,0,122,14.6947,0
oma_e40,4,4,-5,2,0,123,14.9216,1
oma_e40,4,4,-5,2,0,124,15.6638,1
oma_e40,4,4,-5,2,1,100,16.4150,1
oma_e40,4,4,-5,2,1,101,11.8641,1
oma_e40,4,4,-5,2,1,102,14.4212,1
oma_e40,4,4,-5,2,1,103,14.6481,1
oma_e40,4,4,-5,2,1,104,16.5315,1
oma_e40,4,4,-5,2,1,105,14.4903,1
oma_e40,4,4,-5,2,1,106,15.3097,1
oma_e40,4,4,-5,2,1,107,18.0529,0
oma_e40,4,4,-5,2,1,108,17.1906,1
oma_e40,4,4,-5,2,1,109,15.3637,1
oma_e40,4,4,-5,2,1,110,14.4118,1
oma_e40,4,4,-5,2,1,111,19.1964,1
oma_e40,4,4,-5,2,1,112,16.5307,1
oma_e40,4,4,-5,2,1,113,14.2701,1
oma_e40,4,4,-5,2,1,114,15.0100,1
oma_e40,4,4,-5,2,1,115,16.7012,1
oma_e40,4,4,-5,2,1,116,11.5579,1
oma_e40,4,4,-5,2,1,117,16.9364,1
oma_e40,4,4,-5,2,1,118,18.2897,1
oma_e40,4,4,-5,2,1,119,10.7770,1
oma_e40,4,4,-5,2,1,120,15.8438,0
oma_e40,4,4,-5,2,1,121,14.7403,1
oma_e40,4,4,-5,2,1,122,14.1746,1
oma_e40,4,4,-5,2,1,123,18.2364,1
oma_e40,4,4,-5,2,1,124,17.5767,1
oma_e40,4,4,-5,2,2,100,15.5796,1
oma_e40,4,4,-5,2,2,101,11.8295,1
oma_e40,4,4,-5,2,2,102,15.4551,1
oma_e40,4,4,-5,2,2,103,12.8036,1
oma_e40,4,4,-5,2,2,104,18.1944,1
oma_e40,4,4,-5,2,2,105,13.9253,1
oma_e40,4,4,-5,2,2,106,17.8610,1
oma_e40,4,4,-5,2,2,107,15.4029,1
oma_e40,4,4,-5,2,2,108,15.6213,1
oma_e40,4,4,-5,2,2,109,16.8586,1
oma_e40,4,4,-5,2,2,110,16.4016,1
oma_e40,4,4,-5,2,2,111,17.3643,1
oma_e40,4,4,-5,2,2,112,16.8859,1
oma_e40,4,4,-5,2,2,113,14.6599,1
oma_e40,4,4,-5,2,2,114,16.0986,1
oma_e40,4,4,-5,2,2,115,16.4877,0
oma_e40,4,4,-5,2,2,116,11.4196,1
oma_e40,4,4,-5,2,2,117,16.9408,1
oma_e40,4,4,-5,2,2,118,17.3999,1
oma_e40,4,4,-5,2,2,119,10.4012,1
oma_e40,4,4,-5,2,2,120,14.9600,1
oma_e40,4,4,-5,2,2,121,14.1458,1
oma_e40,4,4,-5,2,2,122,15.8104,1
oma_e40,4,4,-5,2,2,123,18.6343,1
oma_e40,4,4,-5,2,2,124,17.3149,1
oma_e40,4,4,-5,2,3,100,15.6321,1
oma_e40,4,4,-5,2,3,101,14.0658,1
oma_e40,4,4,-5,2,3,102,14.2969,1
oma_e40,4,4,-5,2,3,103,14.1145,1
oma_e40,4,4,-5,2,3,104,18.9759,1
oma_e40,4,4,-5,2,3,105,12.2528,1
oma_e40,4,4,-5,2,3,106,16.4282,1
oma_e40,4,4,-5,2,3,107,16.9133,1
oma_e40,4,4,-5,2,3,108,15.3527,1
oma_e40,4,4,-5,2,3,109,13.9501,1
oma_e40,4,4,-5,2,3,110,14.5705,1
oma_e40,4,4,-5,2,3,111,18.1238,1
oma_e40,4,4,-5,2,3,112,17.4186,1
oma_e40,4,4,-5,2,3,113,13.7935,1
oma_e40,4,4,-5,2,3,114,13.9690,1
oma_e40,4,4,-5,2,3,115,14.7599,1
oma_e40,4,4,-5,2,3,116,14.1257,0
oma_e40,4,4,-5,2,3,117,15.7629,1
oma_e40,4,4,-5,2,3,118,19.0552,1
oma_e40,4,4,-5,2,3,119,10.1923,1
oma_e40,4,4,-5,2,3,120,14.4853,1
oma_e40,4,4,-5,2,3,121,14.0590,1
oma_e40,4,4,-5,2,3,122,18.8107,1
oma_e40,4,4,-5,2,3,123,15.2165,1
oma_e40,4,4,-5,2,3,124,16.5089,1
oma_e40,4,4,-5,2,0,125,13.9066,1
oma_e40,4,4,-5,2,0,126,16.7278,1
oma_e40,4,4,-5,2,0,127,16.0887,1
oma_e40,4,4,-5,2,0,128,14.7462,1
oma_e40,4,4,-5,2,0,129,13.9309,1
oma_e40,4,4,-5,2,0,130,16.8107,1
oma_e40,4,4,-5,2,0,131,16.9967,1
oma_e40,4,4,-5,2,0,132,19.7445,0
oma_e40,4,4,-5,2,0,133,17.6806,1
oma_e40,4,4,-5,2,0,134,13.1243,1
oma_e40,4,4,-5,2,0,135,15.9863,1
oma_e40,4,4,-5,2,0,136,20.1906,1
oma_e40,4,4,-5,2,0,137,19.2069,1
oma_e40,4,4,-5,2,0,138,13.7477,1
oma_e40,4,4,-5,2,0,139,19.7261,1
oma_e40,4,4,-5,2,0,140,13.1727,1
oma_e40,4,4,-5,2,0,141,11.4783,1
oma_e40,4,4,-5,2,0,142,19.5530,1
oma_e40,4,4,-5,2,0,143,17.6861,0
oma_e40,4,4,-5,2,0,144,18.3468,0
oma_e40,4,4,-5,2,0,145,20.4084,1
oma_e40,4,4,-5,2,0,146,17.3918,1
oma_e40,4,4,-5,2,0,147,13.2572,1
oma_e40,4,4,-5,2,0,148,15.7559,1
oma_e40,4,4,-5,2,0,149,16.2309,1
oma_e40,4,4,-5,2,1,125,14.4342,0
oma_e40,4,4,-5,2,1,126,16.0712,1
oma_e40,4,4,-5,2,1,127,17.6055,0
oma_e40,4,4,-5,2,1,128,15.1694,1
oma_e40,4,4,-5,2,1,129,14.9498,1
oma_e40,4,4,-5,2,1,130,12.3836,1
oma_e40,4,4,-5,2,1,131,17.4549,0
oma_e40,4,4,-5,2,1,132,18.7489,0
oma_e40,4,4,-5,2,1,133,18.6520,1
oma_e40,4,4,-5,2,1,134,13.0261,1
oma_e40,4,4,-5,2,1,135,16.4758,1
oma_e40,4,4,-5,2,1,136,20.3130,1
oma_e40,4,4,-5,2,1,137,19.3026,1
oma_e40,4,4,-5,2,1,138,14.3552,0
oma_e40,4,4,-5,2,1,139,19.4363,1
oma_e40,4,4,-5,2,1,140,14.1881,1
oma_e40,4,4,-5,2,1,141,12.5813,1
oma_e40,4,4,-5,2,1,142,15.7780,1
oma_e40,4,4,-5,2,1,143,16.3366,1
oma_e40,4,4,-5,2,1,144,19.2677,1
oma_e40,4,4,-5,2,1,145,20.2729,0
oma_e40,4,4,-5,2,1,146,18.4278,1
oma_e40,4,4,-5,2,1,147,13.2745,0
oma_e40,4,4,-5,2,1,148,15.1000,1
oma_e40,4,4,-5,2,1,149,14.9294,0
oma_e40,4,4,-5,2,2,125,16.3284,1
oma_e40,4,4,-5,2,2,126,14.8838,1
oma_e40,4,4,-5,2,2,127,16.1411,1
oma_e40,4,4,-5,2,2,128,15.4160,1
oma_e40,4,4,-5,2,2,129,12.6281,1
oma_e40,4,4,-5,2,2,130,14.5053,1
oma_e40,4,4,-5,2,2,131,21.9914,0
oma_e40,4,4,-5,2,2,132,21.7967,1
oma_e40,4,4,-5,2,2,133,15.6323,0
oma_e40,4,4,-5,2,2,134,11.4026,1
oma_e40,4,4,-5,2,2,135,16.7400,0
oma_e40,4,4,-5,2,2,136,19.3542,1
oma_e40,4,4,-5,2,2,137,19.7631,1
oma_e40,4,4,-5,2,2,138,15.8341,1
oma_e40,4,4,-5,2,2,139,19.8268,1
oma_e40,4,4,-5,2,2,140,16.6509,1
oma_e40,4,4,-5,2,2,141,10.3007,1
oma_e40,4,4,-5,2,2,142,16.5320,1
oma_e40,4,4,-5,2,2,143,17.2269,1
oma_e40,4,4,-5,2,2,144,17.6616,1
oma_e40,4,4,-5,2,2,145,18.0180,1
oma_e40,4,4,-5,2,2,146,14.2721,1
oma_e40,4,4,-5,2,2,147,12.1608,1
oma_e40,4,4,-5,2,2,148,16.6757,1
oma_e40,4,4,-5,2,2,149,13.7879,1
oma_e40,4,4,-5,2,3,125,16.6482,1
oma_e40,4,4,-5,2,3,126,14.7874,1
oma_e40,4,4,-5,2,3,127,17.0908,1
oma_e40,4,4,-5,2,3,128,14.6564,1
oma_e40,4,4,-5,2,3,129,14.7548,1
oma_e40,4,4,-5,2,3,130,16.2843,1
oma_e40,4,4,-5,2,3,131,20.0001,1
oma_e40,4,4,-5,2,3,132,20.5060,0
oma_e40,4,4,-5,2,3,133,15.3010,1
oma_e40,4,4,-5,2,3,134,12.2848,1
oma_e40,4,4,-5,2,3,135,15.5700,0
oma_e40,4,4,-5,2,3,136,18.2137,1
oma_e40,4,4,-5,2,3,137,17.8215,0
oma_e40,4,4,-5,2,3,138,14.4092,1
oma_e40,4,4,-5,2,3,139,18.6474,1
oma_e40,4,4,-5,2,3,140,12.9928,1
oma_e40,4,4,-5,2,3,141,13.2309,0
oma_e40,4,4,-5,2,3,142,16.6644,1
oma_e40,4,4,-5,2,3,143,18.1735,0
oma_e40,4,4,-5,2,3,144,19.7046,1
oma_e40,4,4,-5,2,3,145,18.5644,1
oma_e40,4,4,-5,2,3,146,15.3095,1
oma_e40,4,4,-5,2,3,147,11.9676,1
oma_e40,4,4,-5,2,3,148,16.2417,1
oma_e40,4,4,-5,2,3,149,13.9815,1
oma_e40,4,4,-5,2,0,150,14.1656,1
oma_e40,4,4,-5,2,0,151,14.4965,1
oma_e40,4,4,-5,2,0,152,16.4098,1
oma_e40,4,4,-5,2,0,153,15.6636,1
oma_e40,4,4,-5,2,0,154,12.7638,1
oma_e40,4,4,-5,2,0,155,18.6796,1
oma_e40,4,4,-5,2,0,156,16.4935,1
oma_e40,4,4,-5,2,0,157,12.8218,1
oma_e40,4,4,-5,2,0,158,12.6238,1
oma_e40,4,4,-5,2,0,159,13.1127,1
oma_e40,4,4,-5,2,0,160,15.9648,1
oma_e40,4,4,-5,2,0,161,15.9377,1
oma_e40,4,4,-5,2,0,162,16.9085,0
oma_e40,4,4,-5,2,0,163,14.0760,1
oma_e40,4,4,-5,2,0,164,16.4613,1
oma_e40,4,4,-5,2,0,165,13.7469,0
oma_e40,4,4,-5,2,0,166,14.3429,1
oma_e40,4,4,-5,2,0,167,16.2325,1
oma_e40,4,4,-5,2,0,168,11.5615,0
oma_e40,4,4,-5,2,0,169,13.3902,1
oma_e40,4,4,-5,2,0,170,17.5994,1
oma_e40,4,4,-5,2,0,171,17.0317,1
oma_e40,4,4,-5,2,0,172,12.9012,1
oma_e40,4,4,-5,2,0,173,16.9402,1
oma_e40,4,4,-5,2,0,174,11.8825,1
oma_e40,4,4,-5,2,1,150,13.8911,1
oma_e40,4,4,-5,2,1,151,13.8443,1
oma_e40,4,4,-5,2,1,152,16.8311,1
oma_e40,4,4,-5,2,1,153,14.6125,1
oma_e40,4,4,-5,2,1,154,14.3087,1
oma_e40,4,4,-5,2,1,155,19.9731,1
oma_e40,4,4,-5,2,1,156,16.0688,1
oma_e40,4,4,-5,2,1,157,12.6578,1
oma_e40,4,4,-5,2,1,158,13.0539,1
oma_e40,4,4,-5,2,1,159,15.1231,1
oma_e40,4,4,-5,2,1,160,16.0225,1
oma_e40,4,4,-5,2,1,161,16.1230,0
oma_e40,4,4,-5,2,1,162,17.6713,1
oma_e40,4,4,-5,2,1,163,12.6716,1
oma_e40,4,4,-5,2,1,164,16.8609,1
oma_e40,4,4,-5,2,1,165,12.5083,1
oma_e40,4,4,-5,2,1,166,15.6702,1
oma_e40,4,4,-5,2,1,167,17.4637,1
oma_e40,4,4,-5,2,1,168,12.0834,1
oma_e40,4,4,-5,2,1,169,13.4289,1
oma_e40,4,4,-5,2,1,170,19.6540,1
oma_e40,4,4,-5,2,1,171,16.2288,1
oma_e40,4,4,-5,2,1,172,14.9018,1
oma_e40,4,4,-5,2,1,173,17.0789,1
oma_e40,4,4,-5,2,1,174,14.8775,1
oma_e40,4,4,-5,2,2,150,14.2630,0
oma_e40,4,4,-5,2,2,151,11.8681,1
oma_e40,4,4,-5,2,2,152,20.7349,0
oma_e40,4,4,-5,2,2,153,15.1510,0
oma_e40,4,4,-5,2,2,154,18.9338,1
oma_e40,4,4,-5,2,2,155,19.7437,1
oma_e40,4,4,-5,2,2,156,16.5245,1
oma_e40,4,4,-5,2,2,157,13.2308,1
oma_e40,4,4,-5,2,2,158,13.9193,0
oma_e40,4,4,-5,2,2,159,13.2229,0
oma_e40,4,4,-5,2,2,160,15.7124,0
oma_e40,4,4,-5,2,2,161,14.0562,1
oma_e40,4,4,-5,2,2,162,15.3171,1
oma_e40,4,4,-5,2,2,163,15.3851,1
oma_e40,4,4,-5,2,2,164,18.5510,1
oma_e40,4,4,-5,2,2,165,15.4844,0
oma_e40,4,4,-5,2,2,166,12.5051,1
oma_e40,4,4,-5,2,2,167,18.4197,1
oma_e40,4,4,-5,2,2,168,11.5223,1
oma_e40,4,4,-5,2,2,169,13.0548,1
oma_e40,4,4,-5,2,2,170,19.5540,0
oma_e40,4,4,-5,2,2,171,18.2746,0
oma_e40,4,4,-5,2,2,172,12.6464,1
oma_e40,4,4,-5,2,2,173,13.9372,1
oma_e40,4,4,-5,2,2,174,12.6082,1
oma_e40,4,4,-5,2,3,150,12.3945,1
oma_e40,4,4,-5,2,3,151,13.7021,1
oma_e40,4,4,-5,2,3,152,19.7609,1
oma_e40,4,4,-5,2,3,153,14.7142,1
oma_e40,4,4,-5,2,3,154,19.6778,1
oma_e40,4,4,-5,2,3,155,20.0875,1
oma_e40,4,4,-5,2,3,156,15.6059,1
oma_e40,4,4,-5,2,3,157,17.4349,1
oma_e40,4,4,-5,2,3,158,13.9184,1
oma_e40,4,4,-5,2,3,159,14.8823,0
oma_e40,4,4,-5,2,3,160,17.0610,1
oma_e40,4,4,-5,2,3,161,12.8709,1
oma_e40,4,4,-5,2,3,162,14.4826,1
oma_e40,4,4,-5,2,3,163,11.4328,1
oma_e40,4,4,-5,2,3,164,18.0472,1
oma_e40,4,4,-5,2,3,165,14.2583,1
oma_e40,4,4,-5,2,3,166,13.6819,1
oma_e40,4,4,-5,2,3,167,19.4840,0
oma_e40,4,4,-5,2,3,168,14.2051,1
oma_e40,4,4,-5,2,3,169,13.6581,1
oma_e40,4,4,-5,2,3,170,19.2738,1
oma_e40,4,4,-5,2,3,171,16.7407,1
oma_e40,4,4,-5,2,3,172,13.8747,1
oma_e40,4,4,-5,2,3,173,15.6586,1
oma_e40,4,4,-5,2,3,174,14.7438,1
oma_e40,4,4,-5,2,0,175,17.8486,1
oma_e40,4,4,-5,2,0,176,17.1347,0
oma_e40,4,4,-5,2,0,177,9.3317,1
oma_e40,4,4,-5,2,0,178,15.2131,1
oma_e40,4,4,-5,2,0,179,18.4879,1
oma_e40,4,4,-5,2,0,180,18.2382,1
oma_e40,4,4,-5,2,0,181,13.4310,1
oma_e40,4,4,-5,2,0,182,14.7316,0
oma_e40,4,4,-5,2,0,183,14.5809,1
oma_e40,4,4,-5,2,0,184,17.8344,0
oma_e40,4,4,-5,2,0,185,15.2933,1
oma_e40,4,4,-5,2,0,186,14.4286,1
oma_e40,4,4,-5,2,0,187,18.5299,1
oma_e40,4,4,-5,2,0,188,13.7918,1
oma_e40,4,4,-5,2,0,189,17.9343,1
oma_e40,4,4,-5,2,0,190,18.4585,1
oma_e40,4,4,-5,2,0,191,15.3005,1
oma_e40,4,4,-5,2,0,192,18.2693,1
oma_e40,4,4,-5,2,0,193,15.8304,0
oma_e40,4,4,-5,2,0,194,16.1613,1
oma_e40,4,4,-5,2,0,195,19.7845,1
oma_e40,4,4,-5,2,0,196,15.8988,1
oma_e40,4,4,-5,2,0,197,16.7635,1
oma_e40,4,4,-5,2,0,198,14.7205,1
oma_e40,4,4,-5,2,0,199,17.7687,1
oma_e40,4,4,-5,2,1,175,16.5904,1
oma_e40,4,4,-5,2,1,176,15.1043,1
oma_e40,4,4,-5,2,1,177,10.6478,1
oma_e40,4,4,-5,2,1,178,15.5006,1
oma_e40,4,4,-5,2,1,179,18.8673,1
oma_e40,4,4,-5,2,1,180,18.2902,1
oma_e40,4,4,-5,2,1,181,12.4920,1
oma_e40,4,4,-5,2,1,182,13.0687,0
oma_e40,4,4,-5,2,1,183,13.2796,1
oma_e40,4,4,-5,2,1,184,18.3788,1
oma_e40,4,4,-5,2,1,185,10.4740,1
oma_e40,4,4,-5,2,1,186,13.9603,1
oma_e40,4,4,-5,2,1,187,18.4668,1
oma_e40,4,4,-5,2,1,188,15.5820,1
oma_e40,4,4,-5,2,1,189,17.2820,1
oma_e40,4,4,-5,2,1,190,18.8442,1
oma_e40,4,4,-5,2,1,191,13.7517,1
oma_e40,4,4,-5,2,1,192,15.5863,1
oma_e40,4,4,-5,2,1,193,15.3686,1
oma_e40,4,4,-5,2,1,194,16.6632,1
oma_e40,4,4,-5,2,1,195,18.7176,1
oma_e40,4,4,-5,2,1,196,16.4854,1
oma_e40,4,4,-5,2,1,197,15.7515,1
oma_e40,4,4,-5,2,1,198,13.9950,1
oma_e40,4,4,-5,2,1,199,15.6194,1
oma_e40,4,4,-5,2,2,175,15.0788,1
oma_e40,4,4,-5,2,2,176,15.3656,1
oma_e40,4,4,-5,2,2,177,11.4567,1
oma_e40,4,4,-5,2,2,178,13.2730,1
oma_e40,4,4,-5,2,2,179,17.8632,1
oma_e40,4,4,-5,2,2,180,16.7624,1
oma_e40,4,4,-5,2,2,181,12.7409,1
oma_e40,4,4,-5,2,2,182,14.0727,1
oma_e40,4,4,-5,2,2,183,15.7389,0
oma_e40,4,4,-5,2,2,184,16.2293,0
oma_e40,4,4,-5,2,2,185,15.1584,1
oma_e40,4,4,-5,2,2,186,13.4257,1
oma_e40,4,4,-5,2,2,187,16.4063,1
oma_e40,4,4,-5,2,2,188,16.2163,1
oma_e40,4,4,-5,2,2,189,18.0967,1
oma_e40,4,4,-5,2,2,190,18.0277,1
oma_e40,4,4,-5,2,2,191,14.9607,1
oma_e40,4,4,-5,2,2,192,17.0638,1
oma_e40,4,4,-5,2,2,193,14.4277,1
oma_e40,4,4,-5,2,2,194,16.5689,1
oma_e40,4,4,-5,2,2,195,25.1267,1
oma_e40,4,4,-5,2,2,196,15.8655,1
oma_e40,4,4,-5,2,2,197,17.1605,1
oma_e40,4,4,-5,2,2,198,14.9229,1
oma_e40,4,4,-5,2,2,199,16.2081,1
oma_e40,4,4,-5,2,3,175,17.0897,1
oma_e40,4,4,-5,2,3,176,14.5356,1
oma_e40,4,4,-5,2,3,177,11.8105,1
oma_e40,4,4,-5,2,3,178,14.3381,1
oma_e40,4,4,-5,2,3,179,14.3202,1
oma_e40,4,4,-5,2,3,180,16.9007,1
oma_e40,4,4,-5,2,3,181,12.3719,1
oma_e40,4,4,-5,2,3,182,13.9669,1
oma_e40,4,4,-5,2,3,183,11.2282,1
oma_e40,4,4,-5,2,3,184,19.9968,0
oma_e40,4,4,-5,2,3,185,16.1583,1
oma_e40,4,4,-5,2,3,186,15.4118,1
oma_e40,4,4,-5,2,3,187,18.0133,0
oma_e40,4,4,-5,2,3,188,12.3879,1
oma_e40,4,4,-5,2,3,189,18.5293,1
oma_e40,4,4,-5,2,3,190,17.5513,1
oma_e40,4,4,-5,2,3,191,14.4550,1
oma_e40,4,4,-5,2,3,192,16.7887,1
oma_e40,4,4,-5,2,3,193,14.8566,1
oma_e40,4,4,-5,2,3,194,17.2002,1
oma_e40,4,4,-5,2,3,195,22.1010,0
oma_e40,4,4,-5,2,3,196,17.6352,1
oma_e40,4,4,-5,2,3,197,13.3137,1
oma_e40,4,4,-5,2,3,198,14.6982,1
oma_e40,4,4,-5,2,3,199,17.3176,1
oma_e40,4,4,-5,3,0,0,17.0523,1
oma_e40,4,4,-5,3,0,1,15.4714,1
oma_e40,4,4,-5,3,0,2,15.9533,1
oma_e40,4,4,-5,3,0,3,13.6057,1
oma_e40,4,4,-5,3,0,4,11.4577,1
oma_e40,4,4,-5,3,0,5,17.9733,0
oma_e40,4,4,-5,3,0,6,20.3112,1
oma_e40,4,4,-5,3,0,7,14.8824,1
oma_e40,4,4,-5,3,0,8,17.5272,0
oma_e40,4,4,-5,3,0,9,18.8122,0
oma_e40,4,4,-5,3,0,10,17.3207,1
oma_e40,4,4,-5,3,0,11,14.3487,1
oma_e40,4,4,-5,3,0,12,12.1290,1
oma_e40,4,4,-5,3,0,13,14.4559,1
oma_e40,4,4,-5,3,0,14,12.5246,1
oma_e40,4,4,-5,3,0,15,15.6594,1
oma_e40,4,4,-5,3,0,16,17.0956,0
oma_e40,4,4,-5,3,0,17,15.9633,1
oma_e40,4,4,-5,3,0,18,17.8877,0
oma_e40,4,4,-5,3,0,19,17.7123,1
oma_e40,4,4,-5,3,0,20,18.8061,1
oma_e40,4,4,-5,3,0,21,12.3711,1
oma_e40,4,4,-5,3,0,22,16.0709,1
oma_e40,4,4,-5,3,0,23,12.2190,1
oma_e40,4,4,-5,3,0,24,16.1503,1
oma_e40,4,4,-5,3,1,0,19.9795,1
oma_e40,4,4,-5,3,1,1,14.3051,1
oma_e40,4,4,-5,3,1,2,16.7143,1
oma_e40,4,4,-5,3,1,3,15.8340,1
oma_e40,4,4,-5,3,1,4,15.3441,1
oma_e40,4,4,-5,3,1,5,15.2133,1
oma_e40,4,4,-5,3,1,6,17.8093,0
oma_e40,4,4,-5,3,1,7,17.0370,1
oma_e40,4,4,-5,3,1,8,18.1120,1
oma_e40,4,4,-5,3,1,9,17.0219,1
oma_e40,4,4,-5,3,1,10,14.0032,1
oma_e40,4,4,-5,3,1,11,16.0802,1
oma_e40,4,4,-5,3,1,12,14.1097,0
oma_e40,4,4,-5,3,1,13,16.4769,0
oma_e40,4,4,-5,3,1,14,13.7484,1
oma_e40,4,4,-5,3,1,15,14.7333,1
oma_e40,4,4,-5,3,1,16,14.8109,0
oma_e40,4,4,-5,3,1,17,15.5779,1
oma_e40,4,4,-5,3,1,18,18.2478,1
oma_e40,4,4,-5,3,1,19,18.4268,1
oma_e40,4,4,-5,3,1,20,23.1791,0
oma_e40,4,4,-5,3,1,21,14.7864,1
oma_e40,4,4,-5,3,1,22,14.1233,1
oma_e40,4,4,-5,3,1,23,10.8134,1
oma_e40,4,4,-5,3,1,24,15.1204,1
oma_e40,4,4,-5,3,2,0,16.5507,1
oma_e40,4,4,-5,3,2,1,14.4600,1
oma_e40,4,4,-5,3,2,2,16.6558,1
oma_e40,4,4,-5,3,2,3,13.6782,1
oma_e40,4,4,-5,3,2,4,14.9490,1
oma_e40,4,4,-5,3,2,5,16.6866,1
oma_e40,4,4,-5,3,2,6,17.5401,1
oma_e40,4,4,-5,3,2,7,16.4072,0
oma_e40,4,4,-5,3,2,8,15.0285,1
oma_e40,4,4,-5,3,2,9,19.5242,0
oma_e40,4,4,-5,3,2,10,15.8027,1
oma_e40,4,4,-5,3,2,11,18.3873,1
oma_e40,4,4,-5,3,2,12,14.2302,1
oma_e40,4,4,-5,3,2,13,14.1999,0
oma_e40,4,4,-5,3,2,14,12.1196,1
oma_e40,4,4,-5,3,2,15,17.1208,1
oma_e40,4,4,-5,3,2,16,14.2063,1
oma_e40,4,4,-5,3,2,17,14.2287,1
oma_e40,4,4,-5,3,2,18,16.1809,1
oma_e40,4,4,-5,3,2,19,17.5253,1
oma_e40,4,4,-5,3,2,20,17.4396,0
oma_e40,4,4,-5,3,2,21,15.2372,1
oma_e40,4,4,-5,3,2,22,15.2450,1
oma_e40,4,4,-5,3,2,23,14.5418,1
oma_e40,4,4,-5,3,2,24,16.0561,1
oma_e40,4,4,-5,3,3,0,17.1928,1
oma_e40,4,4,-5,3,3,1,14.0660,1
oma_e40,4,4,-5,3,3,2,16.0409,1
oma_e40,4,4,-5,3,3,3,15.0102,1
oma_e40,4,4,-5,3,3,4,13.7329,1
oma_e40,4,4,-5,3,3,5,15.3173,1
oma_e40,4,4,-5,3,3,6,16.7874,1
oma_e40,4,4,-5,3,3,7,17.3828,1
oma_e40,4,4,-5,3,3,8,18.2588,1
oma_e40,4,4,-5,3,3,9,21.1161,0
oma_e40,4,4,-5,3,3,10,16.6635,1
oma_e40,4,4,-5,3,3,11,16.0942,1
oma_e40,4,4,-5,3,3,12,13.6911,1
oma_e40,4,4,-5,3,3,13,12.6999,1
oma_e40,4,4,-5,3,3,14,10.8283,1
oma_e40,4,4,-5,3,3,15,15.2220,1
oma_e40,4,4,-5,3,3,16,16.8112,1
oma_e40,4,4,-5,3,3,17,15.8455,1
oma_e40,4,4,-5,3,3,18,20.0222,0
oma_e40,4,4,-5,3,3,19,14.7325,1
oma_e40,4,4,-5,3,3,20,22.3760,1
oma_e40,4,4,-5,3,3,21,17.0329,1
oma_e40,4,4,-5,3,3,22,16.8011,1
oma_e40,4,4,-5,3,3,23,12.2077,0
oma_e40,4,4,-5,3,3,24,15.7585,1
oma_e40,4,4,-5,3,0,25,12.1882,1
oma_e40,4,4,-5,3,0,26,14.7331,1
oma_e40,4,4,-5,3,0,27,14.3541,1
oma_e40,4,4,-5,3,0,28,17.7651,0
oma_e40,4,4,-5,3,0,29,14.2670,1
oma_e40,4,4,-5,3,0,30,14.7146,1
oma_e40,4,4,-5,3,0,31,15.9007,0
oma_e40,4,4,-5,3,0,32,16.5298,1
oma_e40,4,4,-5,3,0,33,18.8723,1
oma_e40,4,4,-5,3,0,34,15.5167,0
oma_e40,4,4,-5,3,0,35,18.2697,1
oma_e40,4,4,-5,3,0,36,15.2183,1
oma_e40,4,4,-5,3,0,37,15.4499,1
oma_e40,4,4,-5,3,0,38,13.5789,1
oma_e40,4,4,-5,3,0,39,16.9561,0
oma_e40,4,4,-5,3,0,40,15.3404,1
oma_e40,4,4,-5,3,0,41,17.5642,1
oma_e40,4,4,-5,3,0,42,19.0181,1
oma_e40,4,4,-5,3,0,43,11.5805,1
oma_e40,4,4,-5,3,0,44,12.8346,1
oma_e40,4,4,-5,3,0,45,15.8417,1
oma_e40,4,4,-5,3,0,46,15.6765,1
oma_e40,4,4,-5,3,0,47,15.0354,1
oma_e40,4,4,-5,3,0,48,14.8800,1
oma_e40,4,4,-5,3,0,49,22.2519,0
oma_e40,4,4,-5,3,1,25,12.6768,1
oma_e40,4,4,-5,3,1,26,14.8142,1
oma_e40,4,4,-5,3,1,27,14.9722,1
oma_e40,4,4,-5,3,1,28,16.3967,1
oma_e40,4,4,-5,3,1,29,15.9742,1
oma_e40,4,4,-5,3,1,30,15.6591,0
oma_e40,4,4,-5,3,1,31,15.6630,1
oma_e40,4,4,-5,3,1,32,18.5482,1
oma_e40,4,4,-5,3,1,33,19.8962,0
oma_e40,4,4,-5,3,1,34,16.5880,1
oma_e40,4,4,-5,3,1,35,19.2395,1
oma_e40,4,4,-5,3,1,36,16.3755,1
oma_e40,4,4,-5,3,1,37,13.6100,1
oma_e40,4,4,-5,3,1,38,12.2990,0
oma_e40,4,4,-5,3,1,39,15.4541,1
oma_e40,4,4,-5,3,1,40,16.1940,1
oma_e40,4,4,-5,3,1,41,20.9494,1
oma_e40,4,4,-5,3,1,42,23.3648,1
oma_e40,4,4,-5,3,1,43,13.1237,1
oma_e40,4,4,-5,3,1,44,11.5993,1
oma_e40,4,4,-5,3,1,45,16.1346,1
oma_e40,4,4,-5,3,1,46,14.8569,1
oma_e40,4,4,-5,3,1,47,13.7980,1
oma_e40,4,4,-5,3,1,48,15.7959,1
oma_e40,4,4,-5,3,1,49,18.5274,0
oma_e40,4,4,-5,3,2,25,13.4069,1
oma_e40,4,4,-5,3,2,26,14.2836,1
oma_e40,4,4,-5,3,2,27,16.8553,1
oma_e40,4,4,-5,3,2,28,17.5249,1
oma_e40,4,4,-5,3,2,29,14.8072,1
oma_e40,4,4,-5,3,2,30,11.9838,1
oma_e40,4,4,-5,3,2,31,18.3466,1
oma_e40,4,4,-5,3,2,32,14.3300,1
oma_e40,4,4,-5,3,2,33,15.9316,1
oma_e40,4,4,-5,3,2,34,16.5960,0
oma_e40,4,4,-5,3,2,35,18.6417,1
oma_e40,4,4,-5,3,2,36,14.6830,1
oma_e40,4,4,-5,3,2,37,12.6639,1
oma_e40,4,4,-5,3,2,38,12.8147,1
oma_e40,4,4,-5,3,2,39,15.7459,1
oma_e40,4,4,-5,3,2,40,15.3478,1
oma_e40,4,4,-5,3,2,41,17.2424,1
oma_e40,4,4,-5,3,2,42,15.9347,1
oma_e40,4,4,-5,3,2,43,11.9738,0
oma_e40,4,4,-5,3,2,44,11.7312,1
oma_e40,4,4,-5,3,2,45,17.8981,1
oma_e40,4,4,-5,3,2,46,14.0772,1
oma_e40,4,4,-5,3,2,47,17.9820,1
oma_e40,4,4,-5,3,2,48,16.7098,1
oma_e40,4,4,-5,3,2,49,18.1747,0
oma_e40,4,4,-5,3,3,25,15.1496,1
oma_e40,4,4,-5,3,3,26,14.4466,1
oma_e40,4,4,-5,3,3,27,13.3356,0
oma_e40,4,4,-5,3,3,28,18.5101,0
oma_e40,4,4,-5,3,3,29,16.0587,1
oma_e40,4,4,-5,3,3,30,15.5878,1
oma_e40,4,4,-5,3,3,31,15.4941,1
oma_e40,4,4,-5,3,3,32,19.1947,1
oma_e40,4,4,-5,3,3,33,22.9078,1
oma_e40,4,4,-5,3,3,34,16.9464,1
oma_e40,4,4,-5,3,3,35,20.0131,0
oma_e40,4,4,-5,3,3,36,15.1378,1
oma_e40,4,4,-5,3,3,37,12.9554,1
oma_e40,4,4,-5,3,3,38,15.7013,0
oma_e40,4,4,-5,3,3,39,17.8078,1
oma_e40,4,4,-5,3,3,40,14.8917,1
oma_e40,4,4,-5,3,3,41,16.2241,1
oma_e40,4,4,-5,3,3,42,18.2291,0
oma_e40,4,4,-5,3,3,43,12.1190,1
oma_e40,4,4,-5,3,3,44,13.4866,0
oma_e40,4,4,-5,3,3,45,19.3937,1
oma_e40,4,4,-5,3,3,46,15.0216,1
oma_e40,4,4,-5,3,3,47,15.7845,1
oma_e40,4,4,-5,3,3,48,16.6197,1
oma_e40,4,4,-5,3,3,49,19.1718,1
oma_e40,4,4,-5,3,0,50,16.5134,1
oma_e40,4,4,-5,3,0,51,12.6688,0
oma_e40,4,4,-5,3,0,52,16.3544,1
oma_e40,4,4,-5,3,0,53,15.0057,1
oma_e40,4,4,-5,3,0,54,15.8395,1
oma_e40,4,4,-5,3,0,55,11.2738,1
oma_e40,4,4,-5,3,0,56,13.0040,1
oma_e40,4,4,-5,3,0,57,14.1786,1
oma_e40,4,4,-5,3,0,58,18.4719,1
oma_e40,4,4,-5,3,0,59,13.1104,1
oma_e40,4,4,-5,3,0,60,13.2047,1
oma_e40,4,4,-5,3,0,61,14.5941,0
oma_e40,4,4,-5,3,0,62,17.6530,0
oma_e40,4,4,-5,3,0,63,15.3211,1
oma_e40,4,4,-5,3,0,64,22.5119,0
oma_e40,4,4,-5,3,0,65,15.6044,1
oma_e40,4,4,-5,3,0,66,17.2207,1
oma_e40,4,4,-5,3,0,67,17.7356,1
oma_e40,4,4,-5,3,0,68,17.9547,1
oma_e40,4,4,-5,3,0,69,14.1377,1
oma_e40,4,4,-5,3,0,70,13.3165,1
oma_e40,4,4,-5,3,0,71,14.8388,1
oma_e40,4,4,-5,3,0,72,12.7888,0
oma_e40,4,4,-5,3,0,73,20.3451,1
oma_e40,4,4,-5,3,0,74,17.2614,1
oma_e40,4,4,-5,3,1,50,16.4586,1
oma_e40,4,4,-5,3,1,51,12.0769,1
oma_e40,4,4,-5,3,1,52,19.6065,1
oma_e40,4,4,-5,3,1,53,14.2535,1
oma_e40,4,4,-5,3,1,54,12.9546,0
oma_e40,4,4,-5,3,1,55,12.3050,0
oma_e40,4,4,-5,3,1,56,15.5193,1
oma_e40,4,4,-5,3,1,57,14.5380,1
oma_e40,4,4,-5,3,1,58,20.8986,0
oma_e40,4,4,-5,3,1,59,11.4073,1
oma_e40,4,4,-5,3,1,60,12.3744,1
oma_e40,4,4,-5,3,1,61,14.8325,1
oma_e40,4,4,-5,3,1,62,18.4108,1
oma_e40,4,4,-5,3,1,63,17.2992,1
oma_e40,4,4,-5,3,1,64,20.5552,1
oma_e40,4,4,-5,3,1,65,16.8724,1
oma_e40,4,4,-5,3,1,66,16.7612,1
oma_e40,4,4,-5,3,1,67,13.3185,1
oma_e40,4,4,-5,3,1,68,16.0784,1
oma_e40,4,4,-5,3,1,69,14.2267,1
oma_e40,4,4,-5,3,1,70,13.9535,1
oma_e40,4,4,-5,3,1,71,13.4431,1
oma_e40,4,4,-5,3,1,72,12.2227,1
oma_e40,4,4,-5,3,1,73,17.7428,1
oma_e40,4,4,-5,3,1,74,16.1914,0
oma_e40,4,4,-5,3,2,50,15.3707,0
oma_e40,4,4,-5,3,2,51,13.3145,1
oma_e40,4,4,-5,3,2,52,19.6326,1
oma_e40,4,4,-5,3,2,53,13.3585,1
oma_e40,4,4,-5,3,2,54,15.1087,1
oma_e40,4,4,-5,3,2,55,15.4540,1
oma_e40,4,4,-5,3,2,56,15.8664,0
oma_e40,4,4,-5,3,2,57,16.3973,1
oma_e40,4,4,-5,3,2,58,17.2467,1
oma_e40,4,4,-5,3,2,59,13.7841,1
oma_e40,4,4,-5,3,2,60,11.6017,1
oma_e40,4,4,-5,3,2,61,13.9823,1
oma_e40,4,4,-5,3,2,62,17.4526,1
oma_e40,4,4,-5,3,2,63,14.6242,1
oma_e40,4,4,-5,3,2,64,17.4639,1
oma_e40,4,4,-5,3,2,65,18.0869,1
oma_e40,4,4,-5,3,2,66,15.7335,1
oma_e40,4,4,-5,3,2,67,15.2518,1
oma_e40,4,4,-5,3,2,68,15.3737,1
oma_e40,4,4,-5,3,2,69,11.2006,1
oma_e40,4,4,-5,3,2,70,10.9103,1
oma_e40,4,4,-5,3,2,71,13.5320,1
oma_e40,4,4,-5,3,2,72,15.0694,1
oma_e40,4,4,-5,3,2,73,16.7407,1
oma_e40,4,4,-5,3,2,74,14.5882,1
oma_e40,4,4,-5,3,3,50,15.8072,1
oma_e40,4,4,-5,3,3,51,15.4653,0
oma_e40,4,4,-5,3,3,52,18.3009,1
oma_e40,4,4,-5,3,3,53,13.6548,1
oma_e40,4,4,-5,3,3,54,17.8959,1
oma_e40,4,4,-5,3,3,55,15.3952,1
oma_e40,4,4,-5,3,3,56,16.9190,1
oma_e40,4,4,-5,3,3,57,14.1488,1
oma_e40,4,4,-5,3,3,58,19.1879,1
oma_e40,4,4,-5,3,3,59,11.7509,0
oma_e40,4,4,-5,3,3,60,14.0275,1
oma_e40,4,4,-5,3,3,61,13.8146,0
oma_e40,4,4,-5,3,3,62,17.8567,1
oma_e40,4,4,-5,3,3,63,13.7281,1
oma_e40,4,4,-5,3,3,64,20.8687,1
oma_e40,4,4,-5,3,3,65,18.5695,1
oma_e40,4,4,-5,3,3,66,16.1922,0
oma_e40,4,4,-5,3,3,67,13.6199,1
oma_e40,4,4,-5,3,3,68,18.4534,0
oma_e40,4,4,-5,3,3,69,12.5427,1
oma_e40,4,4,-5,3,3,70,14.5238,1
oma_e40,4,4,-5,3,3,71,14.0335,1
oma_e40,4,4,-5,3,3,72,12.6169,1
oma_e40,4,4,-5,3,3,73,20.7666,0
oma_e40,4,4,-5,3,3,74,16.7348,1
oma_e40,4,4,-5,3,0,75,16.7935,1
oma_e40,4,4,-5,3,0,76,12.2706,1
oma_e40,4,4,-5,3,0,77,15.4235,1
oma_e40,4,4,-5,3,0,78,14.4185,1
oma_e40,4,4,-5,3,0,79,17.4956,1
oma_e40,4,4,-5,3,0,80,16.2768,1
oma_e40,4,4,-5,3,0,81,12.3874,0
oma_e40,4,4,-5,3,0,82,16.2418,1
oma_e40,4,4,-5,3,0,83,16.0211,1
oma_e40,4,4,-5,3,0,84,15.5307,1
oma_e40,4,4,-5,3,0,85,13.0559,1
oma_e40,4,4,-5,3,0,86,15.2805,1
oma_e40,4,4,-5,3,0,87,13.3864,1
oma_e40,4,4,-5,3,0,88,13.9157,1
oma_e40,4,4,-5,3,0,89,16.6963,1
oma_e40,4,4,-5,3,0,90,18.6894,1
oma_e40,4,4,-5,3,0,91,12.1815,1
oma_e40,4,4,-5,3,0,92,18.9225,1
oma_e40,4,4,-5,3,0,93,18.9007,1
oma_e40,4,4,-5,3,0,94,13.8445,1
oma_e40,4,4,-5,3,0,95,14.7028,1
oma_e40,4,4,-5,3,0,96,19.1563,1
oma_e40,4,4,-5,3,0,97,14.5167,1
oma_e40,4,4,-5,3,0,98,16.2061,0
oma_e40,4,4,-5,3,0,99,19.6207,1
oma_e40,4,4,-5,3,1,75,17.7702,1
oma_e40,4,4,-5,3,1,76,14.2840,1
oma_e40,4,4,-5,3,1,77,16.4603,1
oma_e40,4,4,-5,3,1,78,13.4073,1
oma_e40,4,4,-5,3,1,79,15.8361,1
oma_e40,4,4,-5,3,1,80,16.0626,1
oma_e40,4,4,-5,3,1,81,14.5390,1
oma_e40,4,4,-5,3,1,82,18.5731,1
oma_e40,4,4,-5,3,1,83,18.1379,1
oma_e40,4,4,-5,3,1,84,15.8018,1
oma_e40,4,4,-5,3,1,85,14.6431,1
oma_e40,4,4,-5,3,1,86,15.5602,1
oma_e40,4,4,-5,3,1,87,12.6878,1
oma_e40,4,4,-5,3,1,88,12.6675,1
oma_e40,4,4,-5,3,1,89,17.6899,1
oma_e40,4,4,-5,3,1,90,16.8847,0
oma_e40,4,4,-5,3,1,91,12.9097,1
oma_e40,4,4,-5,3,1,92,18.5031,1
oma_e40,4,4,-5,3,1,93,18.7167,1
oma_e40,4,4,-5,3,1,94,15.1064,0
oma_e40,4,4,-5,3,1,95,13.7901,1
oma_e40,4,4,-5,3,1,96,18.6954,1
oma_e40,4,4,-5,3,1,97,17.2767,1
oma_e40,4,4,-5,3,1,98,14.6885,1
oma_e40,4,4,-5,3,1,99,18.7840,1
oma_e40,4,4,-5,3,2,75,15.0415,1
oma_e40,4,4,-5,3,2,76,13.9068,1
oma_e40,4,4,-5,3,2,77,15.0798,1
oma_e40,4,4,-5,3,2,78,15.4992,0
oma_e40,4,4,-5,3,2,79,14.2623,1
oma_e40,4,4,-5,3,2,80,17.1110,1
oma_e40,4,4,-5,3,2,81,13.0948,1
oma_e40,4,4,-5,3,2,82,14.9063,0
oma_e40,4,4,-5,3,2,83,17.0736,1
oma_e40,4,4,-5,3,2,84,18.4516,1
oma_e40,4,4,-5,3,2,85,12.3652,1
oma_e40,4,4,-5,3,2,86,15.7248,0
oma_e40,4,4,-5,3,2,87,11.8010,1
oma_e40,4,4,-5,3,2,88,15.1041,1
oma_e40,4,4,-5,3,2,89,16.6817,1
oma_e40,4,4,-5,3,2,90,19.7778,1
oma_e40,4,4,-5,3,2,91,10.1058,0
oma_e40,4,4,-5,3,2,92,17.3072,1
oma_e40,4,4,-5,3,2,93,17.5321,1
oma_e40,4,4,-5,3,2,94,13.5941,1
oma_e40,4,4,-5,3,2,95,15.8498,1
oma_e40,4,4,-5,3,2,96,17.6566,1
oma_e40,4,4,-5,3,2,97,15.5118,1
oma_e40,4,4,-5,3,2,98,16.2052,1
oma_e40,4,4,-5,3,2,99,17.1787,1
oma_e40,4,4,-5,3,3,75,20.5879,1
oma_e40,4,4,-5,3,3,76,13.4826,1
oma_e40,4,4,-5,3,3,77,14.0791,0
oma_e40,4,4,-5,3,3,78,13.5902,1
oma_e40,4,4,-5,3,3,79,15.5554,1
oma_e40,4,4,-5,3,3,80,18.5147,0
oma_e40,4,4,-5,3,3,81,13.5741,1
oma_e40,4,4,-5,3,3,82,16.8534,1
oma_e40,4,4,-5,3,3,83,19.8434,1
oma_e40,4,4,-5,3,3,84,17.8295,1
oma_e40,4,4,-5,3,3,85,13.0939,1
oma_e40,4,4,-5,3,3,86,16.3557,1
oma_e40,4,4,-5,3,3,87,10.8833,1
oma_e40,4,4,-5,3,3,88,14.3936,1
oma_e40,4,4,-5,3,3,89,18.1871,0
oma_e40,4,4,-5,3,3,90,16.6243,1
oma_e40,4,4,-5,3,3,91,12.4467,1
oma_e40,4,4,-5,3,3,92,17.4889,1
oma_e40,4,4,-5,3,3,93,18.2185,0
oma_e40,4,4,-5,3,3,94,14.9936,1
oma_e40,4,4,-5,3,3,95,13.5663,1
oma_e40,4,4,-5,3,3,96,18.8555,1
oma_e40,4,4,-5,3,3,97,16.6207,1
oma_e40,4,4,-5,3,3,98,16.1123,1
oma_e40,4,4,-5,3,3,99,20.4394,1
oma_e40,4,4,-5,3,0,100,15.1018,1
oma_e40,4,4,-5,3,0,101,20.6646,1
oma_e40,4,4,-5,3,0,102,16.7631,1
oma_e40,4,4,-5,3,0,103,14.6096,1
oma_e40,4,4,-5,3,0,104,15.9061,1
oma_e40,4,4,-5,3,0,105,19.5242,0
oma_e40,4,4,-5,3,0,106,15.6230,1
oma_e40,4,4,-5,3,0,107,16.0964,1
oma_e40,4,4,-5,3,0,108,17.2180,1
oma_e40,4,4,-5,3,0,109,16.1757,1
oma_e40,4,4,-5,3,0,110,14.3567,1
oma_e40,4,4,-5,3,0,111,11.0946,1
oma_e40,4,4,-5,3,0,112,12.0641,1
oma_e40,4,4,-5,3,0,113,15.3566,1
oma_e40,4,4,-5,3,0,114,13.0770,1
oma_e40,4,4,-5,3,0,115,16.9878,1
oma_e40,4,4,-5,3,0,116,16.2889,1
oma_e40,4,4,-5,3,0,117,13.8215,1
oma_e40,4,4,-5,3,0,118,15.9300,1
oma_e40,4,4,-5,3,0,119,15.8160,1
oma_e40,4,4,-5,3,0,120,14.5829,1
oma_e40,4,4,-5,3,0,121,17.6128,1
oma_e40,4,4,-5,3,0,122,14.8296,0
oma_e40,4,4,-5,3,0,123,12.3813,1
oma_e40,4,4,-5,3,0,124,13.9621,1
oma_e40,4,4,-5,3,1,100,17.9829,1
oma_e40,4,4,-5,3,1,101,18.4878,1
oma_e40,4,4,-5,3,1,102,15.0893,1
oma_e40,4,4,-5,3,1,103,15.5254,1
oma_e40,4,4,-5,3,1,104,15.9118,1
oma_e40,4,4,-5,3,1,105,24.6386,1
oma_e40,4,4,-5,3,1,106,14.3755,1
oma_e40,4,4,-5,3,1,107,18.8680,0
oma_e40,4,4,-5,3,1,108,16.6904,1
oma_e40,4,4,-5,3,1,109,16.0705,1
oma_e40,4,4,-5,3,1,110,13.8674,1
oma_e40,4,4,-5,3,1,111,12.9928,1
oma_e40,4,4,-5,3,1,112,13.6030,1
oma_e40,4,4,-5,3,1,113,16.1786,0
oma_e40,4,4,-5,3,1,114,12.9724,1
oma_e40,4,4,-5,3,1,115,17.3434,1
oma_e40,4,4,-5,3,1,116,14.8717,1
oma_e40,4,4,-5,3,1,117,14.4728,1
oma_e40,4,4,-5,3,1,118,14.4343,1
oma_e40,4,4,-5,3,1,119,12.7539,1
oma_e40,4,4,-5,3,1,120,15.6802,1
oma_e40,4,4,-5,3,1,121,16.2093,1
oma_e40,4,4,-5,3,1,122,15.6751,1
oma_e40,4,4,-5,3,1,123,13.6341,1
oma_e40,4,4,-5,3,1,124,13.5617,0
oma_e40,4,4,-5,3,2,100,18.2231,1
oma_e40,4,4,-5,3,2,101,19.7156,1
oma_e40,4,4,-5,3,2,102,17.0293,1
oma_e40,4,4,-5,3,2,103,13.7032,1
oma_e40,4,4,-5,3,2,104,17.7954,0
oma_e40,4,4,-5,3,2,105,18.3095,1
oma_e40,4,4,-5,3,2,106,17.4640,1
oma_e40,4,4,-5,3,2,107,15.0401,1
oma_e40,4,4,-5,3,2,108,15.2202,1
oma_e40,4,4,-5,3,2,109,16.8328,1
oma_e40,4,4,-5,3,2,110,15.9016,1
oma_e40,4,4,-5,3,2,111,13.8579,1
oma_e40,4,4,-5,3,2,112,14.6876,1
oma_e40,4,4,-5,3,2,113,16.4993,0
oma_e40,4,4,-5,3,2,114,13.5584,1
oma_e40,4,4,-5,3,2,115,16.8197,1
oma_e40,4,4,-5,3,2,116,15.0686,1
oma_e40,4,4,-5,3,2,117,15.2768,1
oma_e40,4,4,-5,3,2,118,15.7335,1
oma_e40,4,4,-5,3,2,119,14.7452,1
oma_e40,4,4,-5,3,2,120,13.9008,1
oma_e40,4,4,-5,3,2,121,14.9492,1
oma_e40,4,4,-5,3,2,122,16.1679,1
oma_e40,4,4,-5,3,2,123,11.0832,1
oma_e40,4,4,-5,3,2,124,14.3174,1
oma_e40,4,4,-5,3,3,100,18.1103,1
oma_e40,4,4,-5,3,3,101,18.5520,1
oma_e40,4,4,-5,3,3,102,15.7223,1
oma_e40,4,4,-5,3,3,103,14.9324,1
oma_e40,4,4,-5,3,3,104,18.5413,1
oma_e40,4,4,-5,3,3,105,18.7274,0
oma_e40,4,4,-5,3,3,106,14.9427,1
oma_e40,4,4,-5,3,3,107,17.5195,1
oma_e40,4,4,-5,3,3,108,14.2745,1
oma_e40,4,4,-5,3,3,109,15.2002,1
oma_e40,4,4,-5,3,3,110,14.4980,1
oma_e40,4,4,-5,3,3,111,14.6591,1
oma_e40,4,4,-5,3,3,112,13.9508,1
oma_e40,4,4,-5,3,3,113,15.5001,1
oma_e40,4,4,-5,3,3,114,12.5264,1
oma_e40,4,4,-5,3,3,115,15.2431,1
oma_e40,4,4,-5,3,3,116,17.5099,1
oma_e40,4,4,-5,3,3,117,14.7215,1
oma_e40,4,4,-5,3,3,118,15.0179,1
oma_e40,4,4,-5,3,3,119,13.6430,1
oma_e40,4,4,-5,3,3,120,14.4562,1
oma_e40,4,4,-5,3,3,121,14.4198,1
oma_e40,4,4,-5,3,3,122,20.0707,1
oma_e40,4,4,-5,3,3,123,13.7345,1
oma_e40,4,4,-5,3,3,124,13.9891,1
oma_e40,4,4,-5,3,0,125,15.4483,1
oma_e40,4,4,-5,3,0,126,18.4434,1
oma_e40,4,4,-5,3,0,127,16.5644,1
oma_e40,4,4,-5,3,0,128,14.1432,1
oma_e40,4,4,-5,3,0,129,14.8367,1
oma_e40,4,4,-5,3,0,130,15.7783,1
oma_e40,4,4,-5,3,0,131,16.7493,1
oma_e40,4,4,-5,3,0,132,15.4787,1
oma_e40,4,4,-5,3,0,133,11.6959,1
oma_e40,4,4,-5,3,0,134,18.4331,1
oma_e40,4,4,-5,3,0,135,17.5176,1
oma_e40,4,4,-5,3,0,136,17.2369,1
oma_e40,4,4,-5,3,0,137,16.1382,1
oma_e40,4,4,-5,3,0,138,16.5604,0
oma_e40,4,4,-5,3,0,139,19.1864,1
oma_e40,4,4,-5,3,0,140,15.0377,1
oma_e40,4,4,-5,3,0,141,15.6572,1
oma_e40,4,4,-5,3,0,142,17.0271,1
oma_e40,4,4,-5,3,0,143,13.0960,1
oma_e40,4,4,-5,3,0,144,17.7249,1
oma_e40,4,4,-5,3,0,145,20.2801,1
oma_e40,4,4,-5,3,0,146,15.8465,0
oma_e40,4,4,-5,3,0,147,16.3944,1
oma_e40,4,4,-5,3,0,148,15.6125,0
oma_e40,4,4,-5,3,0,149,13.1369,1
oma_e40,4,4,-5,3,1,125,16.1196,0
oma_e40,4,4,-5,3,1,126,17.2644,1
oma_e40,4,4,-5,3,1,127,16.8499,0
oma_e40,4,4,-5,3,1,128,14.6131,1
oma_e40,4,4,-5,3,1,129,16.1606,1
oma_e40,4,4,-5,3,1,130,12.0762,1
oma_e40,4,4,-5,3,1,131,17.0950,1
oma_e40,4,4,-5,3,1,132,15.4326,1
oma_e40,4,4,-5,3,1,133,11.3394,1
oma_e40,4,4,-5,3,1,134,17.3535,1
oma_e40,4,4,-5,3,1,135,18.2983,0
oma_e40,4,4,-5,3,1,136,17.7391,1
oma_e40,4,4,-5,3,1,137,15.7401,1
oma_e40,4,4,-5,3,1,138,15.9836,1
oma_e40,4,4,-5,3,1,139,18.0619,1
oma_e40,4,4,-5,3,1,140,17.2616,1
oma_e40,4,4,-5,3,1,141,15.7034,1
oma_e40,4,4,-5,3,1,142,14.0336,1
oma_e40,4,4,-5,3,1,143,12.9597,1
oma_e40,4,4,-5,3,1,144,19.5167,1
oma_e40,4,4,-5,3,1,145,18.7039,0
oma_e40,4,4,-5,3,1,146,15.7474,1
oma_e40,4,4,-5,3,1,147,17.7121,0
oma_e40,4,4,-5,3,1,148,16.6458,1
oma_e40,4,4,-5,3,1,149,11.8757,1
oma_e40,4,4,-5,3,2,125,17.5394,0
oma_e40,4,4,-5,3,2,126,16.9031,1
oma_e40,4,4,-5,3,2,127,16.1020,1
oma_e40,4,4,-5,3,2,128,15.5709,1
oma_e40,4,4,-5,3,2,129,15.3320,1
oma_e40,4,4,-5,3,2,130,14.0317,1
oma_e40,4,4,-5,3,2,131,21.1999,0
oma_e40,4,4,-5,3,2,132,16.5415,1
oma_e40,4,4,-5,3,2,133,12.8038,1
oma_e40,4,4,-5,3,2,134,16.4160,1
oma_e40,4,4,-5,3,2,135,18.5432,1
oma_e40,4,4,-5,3,2,136,16.6819,1
oma_e40,4,4,-5,3,2,137,14.9012,1
oma_e40,4,4,-5,3,2,138,17.2984,1
oma_e40,4,4,-5,3,2,139,19.1535,1
oma_e40,4,4,-5,3,2,140,18.3817,1
oma_e40,4,4,-5,3,2,141,18.1201,1
oma_e40,4,4,-5,3,2,142,15.2361,1
oma_e40,4,4,-5,3,2,143,14.0021,0
oma_e40,4,4,-5,3,2,144,17.5860,1
oma_e40,4,4,-5,3,2,145,17.6114,1
oma_e40,4,4,-5,3,2,146,13.1879,1
oma_e40,4,4,-5,3,2,147,16.6714,1
oma_e40,4,4,-5,3,2,148,16.6293,1
oma_e40,4,4,-5,3,2,149,10.6831,1
oma_e40,4,4,-5,3,3,125,18.0933,1
oma_e40,4,4,-5,3,3,126,16.4680,0
oma_e40,4,4,-5,3,3,127,17.2099,1
oma_e40,4,4,-5,3,3,128,14.9827,1
oma_e40,4,4,-5,3,3,129,15.9405,1
oma_e40,4,4,-5,3,3,130,15.9833,1
oma_e40,4,4,-5,3,3,131,19.9875,1
oma_e40,4,4,-5,3,3,132,15.8485,1
oma_e40,4,4,-5,3,3,133,10.7359,1
oma_e40,4,4,-5,3,3,134,15.8237,1
oma_e40,4,4,-5,3,3,135,17.5411,0
oma_e40,4,4,-5,3,3,136,15.2568,1
oma_e40,4,4,-5,3,3,137,15.6365,1
oma_e40,4,4,-5,3,3,138,15.3914,1
oma_e40,4,4,-5,3,3,139,17.9324,1
oma_e40,4,4,-5,3,3,140,14.7080,1
oma_e40,4,4,-5,3,3,141,17.5026,1
oma_e40,4,4,-5,3,3,142,15.4462,1
oma_e40,4,4,-5,3,3,143,14.2361,1
oma_e40,4,4,-5,3,3,144,19.8600,1
oma_e40,4,4,-5,3,3,145,18.5549,0
oma_e40,4,4,-5,3,3,146,13.9263,1
oma_e40,4,4,-5,3,3,147,15.4323,0
oma_e40,4,4,-5,3,3,148,16.5666,1
oma_e40,4,4,-5,3,3,149,11.5942,0
oma_e40,4,4,-5,3,0,150,17.0629,1
oma_e40,4,4,-5,3,0,151,13.3279,1
oma_e40,4,4,-5,3,0,152,18.1571,1
oma_e40,4,4,-5,3,0,153,14.8448,1
oma_e40,4,4,-5,3,0,154,11.9115,1
oma_e40,4,4,-5,3,0,155,12.2219,1
oma_e40,4,4,-5,3,0,156,18.5954,1
oma_e40,4,4,-5,3,0,157,11.9454,1
oma_e40,4,4,-5,3,0,158,20.4903,1
oma_e40,4,4,-5,3,0,159,13.3398,1
oma_e40,4,4,-5,3,0,160,12.9389,0
oma_e40,4,4,-5,3,0,161,14.8596,1
oma_e40,4,4,-5,3,0,162,15.2476,1
oma_e40,4,4,-5,3,0,163,17.2284,1
oma_e40,4,4,-5,3,0,164,12.9847,1
oma_e40,4,4,-5,3,0,165,16.9509,1
oma_e40,4,4,-5,3,0,166,15.4350,1
oma_e40,4,4,-5,3,0,167,15.3816,1
oma_e40,4,4,-5,3,0,168,16.6945,1
oma_e40,4,4,-5,3,0,169,13.6220,1
oma_e40,4,4,-5,3,0,170,15.9421,1
oma_e40,4,4,-5,3,0,171,13.7558,1
oma_e40,4,4,-5,3,0,172,15.6787,1
oma_e40,4,4,-5,3,0,173,15.7275,0
oma_e40,4,4,-5,3,0,174,14.5969,1
oma_e40,4,4,-5,3,1,150,17.2968,1
oma_e40,4,4,-5,3,1,151,10.4374,1
oma_e40,4,4,-5,3,1,152,17.5204,0
oma_e40,4,4,-5,3,1,153,14.9851,1
oma_e40,4,4,-5,3,1,154,14.3225,1
oma_e40,4,4,-5,3,1,155,17.2078,1
oma_e40,4,4,-5,3,1,156,17.4352,1
oma_e40,4,4,-5,3,1,157,12.1306,1
oma_e40,4,4,-5,3,1,158,16.0725,1
oma_e40,4,4,-5,3,1,159,16.6807,1
oma_e40,4,4,-5,3,1,160,14.6189,1
oma_e40,4,4,-5,3,1,161,15.6494,0
oma_e40,4,4,-5,3,1,162,15.7770,1
oma_e40,4,4,-5,3,1,163,14.7656,1
oma_e40,4,4,-5,3,1,164,12.6461,1
oma_e40,4,4,-5,3,1,165,16.0876,1
oma_e40,4,4,-5,3,1,166,16.3181,0
oma_e40,4,4,-5,3,1,167,16.0740,1
oma_e40,4,4,-5,3,1,168,17.3524,1
oma_e40,4,4,-5,3,1,169,13.4768,1
oma_e40,4,4,-5,3,1,170,17.6540,0
oma_e40,4,4,-5,3,1,171,12.2690,1
oma_e40,4,4,-5,3,1,172,17.2476,1
oma_e40,4,4,-5,3,1,173,15.6714,1
oma_e40,4,4,-5,3,1,174,19.0829,1
oma_e40,4,4,-5,3,2,150,20.7184,0
oma_e40,4,4,-5,3,2,151,10.4816,1
oma_e40,4,4,-5,3,2,152,22.2694,0
oma_e40,4,4,-5,3,2,153,15.3228,1
oma_e40,4,4,-5,3,2,154,17.2171,1
oma_e40,4,4,-5,3,2,155,12.3946,0
oma_e40,4,4,-5,3,2,156,18.3326,1
oma_e40,4,4,-5,3,2,157,12.5991,1
oma_e40,4,4,-5,3,2,158,19.2473,1
oma_e40,4,4,-5,3,2,159,14.5788,1
oma_e40,4,4,-5,3,2,160,15.1499,1
oma_e40,4,4,-5,3,2,161,14.3273,1
oma_e40,4,4,-5,3,2,162,13.7630,1
oma_e40,4,4,-5,3,2,163,18.0837,1
oma_e40,4,4,-5,3,2,164,13.3806,1
oma_e40,4,4,-5,3,2,165,18.9672,1
oma_e40,4,4,-5,3,2,166,13.1742,1
oma_e40,4,4,-5,3,2,167,18.5287,0
oma_e40,4,4,-5,3,2,168,16.7486,1
oma_e40,4,4,-5,3,2,169,12.6986,1
oma_e40,4,4,-5,3,2,170,18.9278,0
oma_e40,4,4,-5,3,2,171,10.5022,1
oma_e40,4,4,-5,3,2,172,16.9384,1
oma_e40,4,4,-5,3,2,173,12.9555,1
oma_e40,4,4,-5,3,2,174,15.0010,1
oma_e40,4,4,-5,3,3,150,17.7768,1
oma_e40,4,4,-5,3,3,151,11.8943,1
oma_e40,4,4,-5,3,3,152,21.0203,0
oma_e40,4,4,-5,3,3,153,14.6926,1
oma_e40,4,4,-5,3,3,154,16.4482,1
oma_e40,4,4,-5,3,3,155,13.4781,1
oma_e40,4,4,-5,3,3,156,16.1455,1
oma_e40,4,4,-5,3,3,157,14.4063,1
oma_e40,4,4,-5,3,3,158,16.4824,1
oma_e40,4,4,-5,3,3,159,15.8582,0
oma_e40,4,4,-5,3,3,160,14.4925,0
oma_e40,4,4,-5,3,3,161,12.5704,1
oma_e40,4,4,-5,3,3,162,13.4925,1
oma_e40,4,4,-5,3,3,163,15.8467,1
oma_e40,4,4,-5,3,3,164,14.8374,1
oma_e40,4,4,-5,3,3,165,17.7859,0
oma_e40,4,4,-5,3,3,166,15.7939,1
oma_e40,4,4,-5,3,3,167,17.8127,0
oma_e40,4,4,-5,3,3,168,16.8513,1
oma_e40,4,4,-5,3,3,169,14.1695,1
oma_e40,4,4,-5,3,3,170,17.4423,1
oma_e40,4,4,-5,3,3,171,13.1787,1
oma_e40,4,4,-5,3,3,172,17.1171,1
oma_e40,4,4,-5,3,3,173,14.5894,1
oma_e40,4,4,-5,3,3,174,19.0437,0
oma_e40,4,4,-5,3,0,175,22.1331,1
oma_e40,4,4,-5,3,0,176,19.2779,1
oma_e40,4,4,-5,3,0,177,20.0264,0
oma_e40,4,4,-5,3,0,178,19.1686,1
oma_e40,4,4,-5,3,0,179,18.8752,1
oma_e40,4,4,-5,3,0,180,20.8132,0
oma_e40,4,4,-5,3,0,181,17.8692,1
oma_e40,4,4,-5,3,0,182,15.1810,1
oma_e40,4,4,-5,3,0,183,14.5816,1
oma_e40,4,4,-5,3,0,184,13.8009,1
oma_e40,4,4,-5,3,0,185,13.8677,1
oma_e40,4,4,-5,3,0,186,9.9009,1
oma_e40,4,4,-5,3,0,187,22.3684,1
oma_e40,4,4,-5,3,0,188,12.8432,1
oma_e40,4,4,-5,3,0,189,20.1385,0
oma_e40,4,4,-5,3,0,190,17.0717,1
oma_e40,4,4,-5,3,0,191,19.9924,1
oma_e40,4,4,-5,3,0,192,15.7689,1
oma_e40,4,4,-5,3,0,193,19.9862,0
oma_e40,4,4,-5,3,0,194,13.9978,1
oma_e40,4,4,-5,3,0,195,17.4890,1
oma_e40,4,4,-5,3,0,196,16.7774,1
oma_e40,4,4,-5,3,0,197,16.0695,1
oma_e40,4,4,-5,3,0,198,19.1315,0
oma_e40,4,4,-5,3,0,199,10.0006,1
oma_e40,4,4,-5,3,1,175,18.9014,1
oma_e40,4,4,-5,3,1,176,16.9823,1
oma_e40,4,4,-5,3,1,177,19.6915,1
oma_e40,4,4,-5,3,1,178,20.8446,1
oma_e40,4,4,-5,3,1,179,19.3770,1
oma_e40,4,4,-5,3,1,180,20.1676,0
oma_e40,4,4,-5,3,1,181,15.2751,1
oma_e40,4,4,-5,3,1,182,13.7173,1
oma_e40,4,4,-5,3,1,183,13.9329,1
oma_e40,4,4,-5,3,1,184,14.4220,1
oma_e40,4,4,-5,3,1,185,10.4294,1
oma_e40,4,4,-5,3,1,186,10.6790,1
oma_e40,4,4,-5,3,1,187,21.2795,1
oma_e40,4,4,-5,3,1,188,13.4121,1
oma_e40,4,4,-5,3,1,189,17.5492,1
oma_e40,4,4,-5,3,1,190,16.4077,1
oma_e40,4,4,-5,3,1,191,18.2407,1
oma_e40,4,4,-5,3,1,192,13.5005,1
oma_e40,4,4,-5,3,1,193,18.0604,1
oma_e40,4,4,-5,3,1,194,13.2134,1
oma_e40,4,4,-5,3,1,195,16.0518,1
oma_e40,4,4,-5,3,1,196,16.2748,1
oma_e40,4,4,-5,3,1,197,14.7247,1
oma_e40,4,4,-5,3,1,198,18.0355,1
oma_e40,4,4,-5,3,1,199,12.3015,1
oma_e40,4,4,-5,3,2,175,17.0989,1
oma_e40,4,4,-5,3,2,176,18.3408,1
oma_e40,4,4,-5,3,2,177,21.9629,0
oma_e40,4,4,-5,3,2,178,16.6549,1
oma_e40,4,4,-5,3,2,179,18.2872,1
oma_e40,4,4,-5,3,2,180,18.5378,1
oma_e40,4,4,-5,3,2,181,16.5837,1
oma_e40,4,4,-5,3,2,182,14.8035,1
oma_e40,4,4,-5,3,2,183,15.4735,1
oma_e40,4,4,-5,3,2,184,14.2895,1
oma_e40,4,4,-5,3,2,185,15.9323,0
oma_e40,4,4,-5,3,2,186,9.1429,1
oma_e40,4,4,-5,3,2,187,20.2397,1
oma_e40,4,4,-5,3,2,188,13.0846,1
oma_e40,4,4,-5,3,2,189,18.3354,1
oma_e40,4,4,-5,3,2,190,15.2311,1
oma_e40,4,4,-5,3,2,191,19.8372,1
oma_e40,4,4,-5,3,2,192,14.6830,0
oma_e40,4,4,-5,3,2,193,18.3872,0
oma_e40,4,4,-5,3,2,194,13.5436,1
oma_e40,4,4,-5,3,2,195,22.7965,1
oma_e40,4,4,-5,3,2,196,14.7457,1
oma_e40,4,4,-5,3,2,197,16.8624,1
oma_e40,4,4,-5,3,2,198,19.5462,1
oma_e40,4,4,-5,3,2,199,11.4849,1
oma_e40,4,4,-5,3,3,175,20.1651,1
oma_e40,4,4,-5,3,3,176,16.6088,1
oma_e40,4,4,-5,3,3,177,20.3369,1
oma_e40,4,4,-5,3,3,178,18.8273,1
oma_e40,4,4,-5,3,3,179,14.6818,1
oma_e40,4,4,-5,3,3,180,18.8470,1
oma_e40,4,4,-5,3,3,181,16.4700,1
oma_e40,4,4,-5,3,3,182,14.3856,1
oma_e40,4,4,-5,3,3,183,11.7892,1
oma_e40,4,4,-5,3,3,184,14.0221,1
oma_e40,4,4,-5,3,3,185,14.8797,1
oma_e40,4,4,-5,3,3,186,12.9373,1
oma_e40,4,4,-5,3,3,187,20.6529,0
oma_e40,4,4,-5,3,3,188,10.2142,1
oma_e40,4,4,-5,3,3,189,18.1347,1
oma_e40,4,4,-5,3,3,190,15.9200,1
oma_e40,4,4,-5,3,3,191,19.9819,0
oma_e40,4,4,-5,3,3,192,14.5336,1
oma_e40,4,4,-5,3,3,193,17.6378,1
oma_e40,4,4,-5,3,3,194,13.9358,0
oma_e40,4,4,-5,3,3,195,19.4606,0
oma_e40,4,4,-5,3,3,196,16.9385,1
oma_e40,4,4,-5,3,3,197,13.2563,1
oma_e40,4,4,-5,3,3,198,19.1168,1
oma_e40,4,4,-5,3,3,199,11.7307,0
oma_e40,4,4,-5,4,0,0,14.5786,1
oma_e40,4,4,-5,4,0,1,16.9072,0
oma_e40,4,4,-5,4,0,2,12.3506,1
oma_e40,4,4,-5,4,0,3,16.2896,1
oma_e40,4,4,-5,4,0,4,12.5029,1
oma_e40,4,4,-5,4,0,5,14.2508,1
oma_e40,4,4,-5,4,0,6,19.3039,1
oma_e40,4,4,-5,4,0,7,13.8881,1
oma_e40,4,4,-5,4,0,8,13.6625,1
oma_e40,4,4,-5,4,0,9,17.6842,1
oma_e40,4,4,-5,4,0,10,17.7805,1
oma_e40,4,4,-5,4,0,11,14.2728,1
oma_e40,4,4,-5,4,0,12,16.4898,0
oma_e40,4,4,-5,4,0,13,14.8106,1
oma_e40,4,4,-5,4,0,14,15.8176,1
oma_e40,4,4,-5,4,0,15,16.8037,1
oma_e40,4,4,-5,4,0,16,19.0370,1
oma_e40,4,4,-5,4,0,17,15.0005,1
oma_e40,4,4,-5,4,0,18,17.4742,1
oma_e40,4,4,-5,4,0,19,18.2140,1
oma_e40,4,4,-5,4,0,20,16.4894,1
oma_e40,4,4,-5,4,0,21,13.9638,1
oma_e40,4,4,-5,4,0,22,19.6214,1
oma_e40,4,4,-5,4,0,23,13.7451,1
oma_e40,4,4,-5,4,0,24,17.5934,1
oma_e40,4,4,-5,4,1,0,16.2859,1
oma_e40,4,4,-5,4,1,1,14.8772,1
oma_e40,4,4,-5,4,1,2,11.1305,1
oma_e40,4,4,-5,4,1,3,18.8788,1
oma_e40,4,4,-5,4,1,4,15.7364,1
oma_e40,4,4,-5,4,1,5,12.1312,1
oma_e40,4,4,-5,4,1,6,17.9098,0
oma_e40,4,4,-5,4,1,7,16.4946,1
oma_e40,4,4,-5,4,1,8,14.4903,1
oma_e40,4,4,-5,4,1,9,15.5913,1
oma_e40,4,4,-5,4,1,10,14.9794,1
oma_e40,4,4,-5,4,1,11,15.9287,1
oma_e40,4,4,-5,4,1,12,17.6978,1
oma_e40,4,4,-5,4,1,13,16.9901,0
oma_e40,4,4,-5,4,1,14,17.3951,1
oma_e40,4,4,-5,4,1,15,16.0547,1
oma_e40,4,4,-5,4,1,16,17.2806,0
oma_e40,4,4,-5,4,1,17,15.4831,1
oma_e40,4,4,-5,4,1,18,16.1136,1
oma_e40,4,4,-5,4,1,19,19.6131,1
oma_e40,4,4,-5,4,1,20,19.1013,1
oma_e40,4,4,-5,4,1,21,15.7952,1
oma_e40,4,4,-5,4,1,22,16.4480,1
oma_e40,4,4,-5,4,1,23,12.3193,1
oma_e40,4,4,-5,4,1,24,17.5561,1
oma_e40,4,4,-5,4,2,0,13.9488,1
oma_e40,4,4,-5,4,2,1,15.9140,1
oma_e40,4,4,-5,4,2,2,13.0117,1
oma_e40,4,4,-5,4,2,3,15.5553,1
oma_e40,4,4,-5,4,2,4,16.7346,1
oma_e40,4,4,-5,4,2,5,12.4855,1
oma_e40,4,4,-5,4,2,6,17.4197,1
oma_e40,4,4,-5,4,2,7,15.8689,0
oma_e40,4,4,-5,4,2,8,12.8656,1
oma_e40,4,4,-5,4,2,9,18.0202,1
oma_e40,4,4,-5,4,2,10,17.2432,1
oma_e40,4,4,-5,4,2,11,18.7938,1
oma_e40,4,4,-5,4,2,12,17.3877,0
oma_e40,4,4,-5,4,2,13,15.2545,1
oma_e40,4,4,-5,4,2,14,16.3856,1
oma_e40,4,4,-5,4,2,15,19.3875,1
oma_e40,4,4,-5,4,2,16,17.6658,0
oma_e40,4,4,-5,4,2,17,15.1325,1
oma_e40,4,4,-5,4,2,18,15.4441,1
oma_e40,4,4,-5,4,2,19,18.8935,1
oma_e40,4,4,-5,4,2,20,15.4771,1
oma_e40,4,4,-5,4,2,21,16.8595,1
oma_e40,4,4,-5,4,2,22,17.4374,1
oma_e40,4,4,-5,4,2,23,15.6014,1
oma_e40,4,4,-5,4,2,24,20.1074,1
oma_e40,4,4,-5,4,3,0,16.0979,1
oma_e40,4,4,-5,4,3,1,15.0379,1
oma_e40,4,4,-5,4,3,2,14.3352,1
oma_e40,4,4,-5,4,3,3,15.9130,1
oma_e40,4,4,-5,4,3,4,14.9605,1
oma_e40,4,4,-5,4,3,5,12.9882,1
oma_e40,4,4,-5,4,3,6,16.4458,1
oma_e40,4,4,-5,4,3,7,16.2261,1
oma_e40,4,4,-5,4,3,8,16.2320,1
oma_e40,4,4,-5,4,3,9,18.3382,0
oma_e40,4,4,-5,4,3,10,17.8372,1
oma_e40,4,4,-5,4,3,11,16.2712,1
oma_e40,4,4,-5,4,3,12,16.5415,1
oma_e40,4,4,-5,4,3,13,13.0803,1
oma_e40,4,4,-5,4,3,14,13.8908,1
oma_e40,4,4,-5,4,3,15,15.7543,1
oma_e40,4,4,-5,4,3,16,18.7002,1
oma_e40,4,4,-5,4,3,17,16.0570,1
oma_e40,4,4,-5,4,3,18,19.4555,1
oma_e40,4,4,-5,4,3,19,15.6627,1
oma_e40,4,4,-5,4,3,20,19.9277,0
oma_e40,4,4,-5,4,3,21,18.5303,1
oma_e40,4,4,-5,4,3,22,18.7889,1
oma_e40,4,4,-5,4,3,23,13.6604,0
oma_e40,4,4,-5,4,3,24,20.3846,1
oma_e40,4,4,-5,4,0,25,14.0125,1
oma_e40,4,4,-5,4,0,26,14.2698,1
oma_e40,4,4,-5,4,0,27,20.4647,1
oma_e40,4,4,-5,4,0,28,18.4563,1
oma_e40,4,4,-5,4,0,29,14.6393,1
oma_e40,4,4,-5,4,0,30,16.0970,1
oma_e40,4,4,-5,4,0,31,15.8315,1
oma_e40,4,4,-5,4,0,32,13.6464,1
oma_e40,4,4,-5,4,0,33,15.7425,1
oma_e40,4,4,-5,4,0,34,16.6454,1
oma_e40,4,4,-5,4,0,35,15.5235,1
oma_e40,4,4,-5,4,0,36,15.3136,1
oma_e40,4,4,-5,4,0,37,19.1092,0
oma_e40,4,4,-5,4,0,38,13.2341,1
oma_e40,4,4,-5,4,0,39,16.1514,0
oma_e40,4,4,-5,4,0,40,19.5391,1
oma_e40,4,4,-5,4,0,41,15.2142,1
oma_e40,4,4,-5,4,0,42,20.3893,1
oma_e40,4,4,-5,4,0,43,10.2276,1
oma_e40,4,4,-5,4,0,44,17.0701,1
oma_e40,4,4,-5,4,0,45,11.6582,1
oma_e40,4,4,-5,4,0,46,16.4324,1
oma_e40,4,4,-5,4,0,47,17.9026,1
oma_e40,4,4,-5,4,0,48,15.7061,1
oma_e40,4,4,-5,4,0,49,16.6581,1
oma_e40,4,4,-5,4,1,25,15.6091,1
oma_e40,4,4,-5,4,1,26,14.9450,1
oma_e40,4,4,-5,4,1,27,18.0572,1
oma_e40,4,4,-5,4,1,28,16.7018,0
oma_e40,4,4,-5,4,1,29,15.7521,1
oma_e40,4,4,-5,4,1,30,17.3889,0
oma_e40,4,4,-5,4,1,31,15.6993,1
oma_e40,4,4,-5,4,1,32,15.5772,1
oma_e40,4,4,-5,4,1,33,16.0280,1
oma_e40,4,4,-5,4,1,34,17.2516,1
oma_e40,4,4,-5,4,1,35,15.7943,1
oma_e40,4,4,-5,4,1,36,15.9178,1
oma_e40,4,4,-5,4,1,37,16.3549,0
oma_e40,4,4,-5,4,1,38,11.9632,0
oma_e40,4,4,-5,4,1,39,14.5491,1
oma_e40,4,4,-5,4,1,40,17.7168,1
oma_e40,4,4,-5,4,1,41,18.2219,1
oma_e40,4,4,-5,4,1,42,25.4551,1
oma_e40,4,4,-5,4,1,43,10.8218,1
oma_e40,4,4,-5,4,1,44,12.8372,1
oma_e40,4,4,-5,4,1,45,11.7008,1
oma_e40,4,4,-5,4,1,46,16.6412,1
oma_e40,4,4,-5,4,1,47,15.9741,1
oma_e40,4,4,-5,4,1,48,15.7677,1
oma_e40,4,4,-5,4,1,49,16.0627,1
oma_e40,4,4,-5,4,2,25,16.4050,1
oma_e40,4,4,-5,4,2,26,15.0895,1
oma_e40,4,4,-5,4,2,27,21.4586,1
oma_e40,4,4,-5,4,2,28,18.6154,1
oma_e40,4,4,-5,4,2,29,13.7087,1
oma_e40,4,4,-5,4,2,30,12.8995,1
oma_e40,4,4,-5,4,2,31,19.1573,1
oma_e40,4,4,-5,4,2,32,11.7199,1
oma_e40,4,4,-5,4,2,33,12.4819,1
oma_e40,4,4,-5,4,2,34,17.9547,0
oma_e40,4,4,-5,4,2,35,15.8143,1
oma_e40,4,4,-5,4,2,36,13.9233,1
oma_e40,4,4,-5,4,2,37,14.3761,1
oma_e40,4,4,-5,4,2,38,11.7355,1
oma_e40,4,4,-5,4,2,39,14.8370,1
oma_e40,4,4,-5,4,2,40,17.4914,1
oma_e40,4,4,-5,4,2,41,13.5230,1
oma_e40,4,4,-5,4,2,42,17.4069,1
oma_e40,4,4,-5,4,2,43,11.4997,0
oma_e40,4,4,-5,4,2,44,13.3648,1
oma_e40,4,4,-5,4,2,45,14.8374,1
oma_e40,4,4,-5,4,2,46,15.9253,1
oma_e40,4,4,-5,4,2,47,20.3451,1
oma_e40,4,4,-5,4,2,48,17.1657,0
oma_e40,4,4,-5,4,2,49,15.9463,1
oma_e40,4,4,-5,4,3,25,17.4040,1
oma_e40,4,4,-5,4,3,26,14.4374,1
oma_e40,4,4,-5,4,3,27,18.0417,0
oma_e40,4,4,-5,4,3,28,18.3907,1
oma_e40,4,4,-5,4,3,29,15.2401,1
oma_e40,4,4,-5,4,3,30,17.5577,1
oma_e40,4,4,-5,4,3,31,15.5937,1
oma_e40,4,4,-5,4,3,32,14.1814,1
oma_e40,4,4,-5,4,3,33,17.4531,1
oma_e40,4,4,-5,4,3,34,17.7985,1
oma_e40,4,4,-5,4,3,35,15.6312,1
oma_e40,4,4,-5,4,3,36,15.6276,1
oma_e40,4,4,-5,4,3,37,16.0277,1
oma_e40,4,4,-5,4,3,38,12.5194,1
oma_e40,4,4,-5,4,3,39,16.0093,0
oma_e40,4,4,-5,4,3,40,17.3072,1
oma_e40,4,4,-5,4,3,41,14.4282,1
oma_e40,4,4,-5,4,3,42,19.0782,1
oma_e40,4,4,-5,4,3,43,10.5005,1
oma_e40,4,4,-5,4,3,44,14.3746,1
oma_e40,4,4,-5,4,3,45,14.4277,1
oma_e40,4,4,-5,4,3,46,16.2717,1
oma_e40,4,4,-5,4,3,47,18.2249,0
oma_e40,4,4,-5,4,3,48,15.6404,1
oma_e40,4,4,-5,4,3,49,15.9114,1
oma_e40,4,4,-5,4,0,50,14.2858,1
oma_e40,4,4,-5,4,0,51,16.1708,0
oma_e40,4,4,-5,4,0,52,13.1783,1
oma_e40,4,4,-5,4,0,53,17.7472,1
oma_e40,4,4,-5,4,0,54,15.8617,1
oma_e40,4,4,-5,4,0,55,9.6590,1
oma_e40,4,4,-5,4,0,56,13.1265,1
oma_e40,4,4,-5,4,0,57,15.4573,1
oma_e40,4,4,-5,4,0,58,18.6070,1
oma_e40,4,4,-5,4,0,59,13.3132,1
oma_e40,4,4,-5,4,0,60,18.7101,0
oma_e40,4,4,-5,4,0,61,18.3474,1
oma_e40,4,4,-5,4,0,62,12.1573,0
oma_e40,4,4,-5,4,0,63,15.9153,1
oma_e40,4,4,-5,4,0,64,17.9358,1
oma_e40,4,4,-5,4,0,65,14.6221,1
oma_e40,4,4,-5,4,0,66,14.7240,1
oma_e40,4,4,-5,4,0,67,18.5721,0
oma_e40,4,4,-5,4,0,68,16.3990,1
oma_e40,4,4,-5,4,0,69,16.8001,1
oma_e40,4,4,-5,4,0,70,22.6693,1
oma_e40,4,4,-5,4,0,71,16.0108,1
oma_e40,4,4,-5,4,0,72,16.2547,1
oma_e40,4,4,-5,4,0,73,17.9691,1
oma_e40,4,4,-5,4,0,74,17.2146,1
oma_e40,4,4,-5,4,1,50,15.7149,1
oma_e40,4,4,-5,4,1,51,14.5791,1
oma_e40,4,4,-5,4,1,52,13.5576,0
oma_e40,4,4,-5,4,1,53,15.6203,1
oma_e40,4,4,-5,4,1,54,13.3894,0
oma_e40,4,4,-5,4,1,55,11.5538,0
oma_e40,4,4,-5,4,1,56,16.1817,0
oma_e40,4,4,-5,4,1,57,15.4114,0
oma_e40,4,4,-5,4,1,58,20.2952,0
oma_e40,4,4,-5,4,1,59,11.3948,1
oma_e40,4,4,-5,4,1,60,17.7633,0
oma_e40,4,4,-5,4,1,61,17.2817,1
oma_e40,4,4,-5,4,1,62,10.8663,1
oma_e40,4,4,-5,4,1,63,20.7247,1
oma_e40,4,4,-5,4,1,64,15.2429,1
oma_e40,4,4,-5,4,1,65,15.8948,1
oma_e40,4,4,-5,4,1,66,15.9506,1
oma_e40,4,4,-5,4,1,67,15.5783,1
oma_e40,4,4,-5,4,1,68,15.4464,1
oma_e40,4,4,-5,4,1,69,17.4516,1
oma_e40,4,4,-5,4,1,70,19.1878,1
oma_e40,4,4,-5,4,1,71,17.1830,1
oma_e40,4,4,-5,4,1,72,14.2993,1
oma_e40,4,4,-5,4,1,73,15.4738,1
oma_e40,4,4,-5,4,1,74,15.8431,1
oma_e40,4,4,-5,4,2,50,14.2825,1
oma_e40,4,4,-5,4,2,51,15.2868,1
oma_e40,4,4,-5,4,2,52,15.5826,1
oma_e40,4,4,-5,4,2,53,15.4196,1
oma_e40,4,4,-5,4,2,54,15.1178,1
oma_e40,4,4,-5,4,2,55,15.4275,1
oma_e40,4,4,-5,4,2,56,16.0929,0
oma_e40,4,4,-5,4,2,57,17.1007,1
oma_e40,4,4,-5,4,2,58,17.7455,1
oma_e40,4,4,-5,4,2,59,14.8211,1
oma_e40,4,4,-5,4,2,60,15.8385,1
oma_e40,4,4,-5,4,2,61,17.0834,0
oma_e40,4,4,-5,4,2,62,11.4607,1
oma_e40,4,4,-5,4,2,63,15.4955,1
oma_e40,4,4,-5,4,2,64,14.3447,1
oma_e40,4,4,-5,4,2,65,16.8101,1
oma_e40,4,4,-5,4,2,66,13.7611,0
oma_e40,4,4,-5,4,2,67,16.7892,1
oma_e40,4,4,-5,4,2,68,13.7977,1
oma_e40,4,4,-5,4,2,69,17.6963,1
oma_e40,4,4,-5,4,2,70,18.8270,0
oma_e40,4,4,-5,4,2,71,15.3392,1
oma_e40,4,4,-5,4,2,72,16.4747,1
oma_e40,4,4,-5,4,2,73,15.3783,1
oma_e40,4,4,-5,4,2,74,14.9453,1
oma_e40,4,4,-5,4,3,50,13.9651,1
oma_e40,4,4,-5,4,3,51,17.3283,1
oma_e40,4,4,-5,4,3,52,13.2982,1
oma_e40,4,4,-5,4,3,53,15.3432,1
oma_e40,4,4,-5,4,3,54,17.8078,1
oma_e40,4,4,-5,4,3,55,13.9811,1
oma_e40,4,4,-5,4,3,56,15.8124,1
oma_e40,4,4,-5,4,3,57,14.6450,1
oma_e40,4,4,-5,4,3,58,18.9059,1
oma_e40,4,4,-5,4,3,59,12.6999,0
oma_e40,4,4,-5,4,3,60,17.9686,1
oma_e40,4,4,-5,4,3,61,17.1638,1
oma_e40,4,4,-5,4,3,62,12.6170,1
oma_e40,4,4,-5,4,3,63,15.7379,1
oma_e40,4,4,-5,4,3,64,16.0087,1
oma_e40,4,4,-5,4,3,65,15.4673,1
oma_e40,4,4,-5,4,3,66,13.4347,0
oma_e40,4,4,-5,4,3,67,14.9640,1
oma_e40,4,4,-5,4,3,68,17.2512,0
oma_e40,4,4,-5,4,3,69,18.7679,1
oma_e40,4,4,-5,4,3,70,21.4067,0
oma_e40,4,4,-5,4,3,71,15.5153,1
oma_e40,4,4,-5,4,3,72,14.7100,1
oma_e40,4,4,-5,4,3,73,19.0091,0
oma_e40,4,4,-5,4,3,74,16.3098,1
oma_e40,4,4,-5,4,0,75,16.6218,0
oma_e40,4,4,-5,4,0,76,14.5611,1
oma_e40,4,4,-5,4,0,77,16.6937,1
oma_e40,4,4,-5,4,0,78,14.7368,1
oma_e40,4,4,-5,4,0,79,19.0336,1
oma_e40,4,4,-5,4,0,80,12.5495,1
oma_e40,4,4,-5,4,0,81,13.0167,0
oma_e40,4,4,-5,4,0,82,16.8350,1
oma_e40,4,4,-5,4,0,83,14.8297,1
oma_e40,4,4,-5,4,0,84,17.5551,1
oma_e40,4,4,-5,4,0,85,13.7927,1
oma_e40,4,4,-5,4,0,86,13.9213,1
oma_e40,4,4,-5,4,0,87,12.8848,1
oma_e40,4,4,-5,4,0,88,13.6616,1
oma_e40,4,4,-5,4,0,89,12.9708,1
oma_e40,4,4,-5,4,0,90,14.8755,0
oma_e40,4,4,-5,4,0,91,15.8605,1
oma_e40,4,4,-5,4,0,92,17.2406,1
oma_e40,4,4,-5,4,0,93,14.9310,1
oma_e40,4,4,-5,4,0,94,18.5981,1
oma_e40,4,4,-5,4,0,95,12.4729,1
oma_e40,4,4,-5,4,0,96,16.0806,1
oma_e40,4,4,-5,4,0,97,15.5018,1
oma_e40,4,4,-5,4,0,98,16.6874,1
oma_e40,4,4,-5,4,0,99,13.0753,1
oma_e40,4,4,-5,4,1,75,16.6322,1
oma_e40,4,4,-5,4,1,76,15.8856,1
oma_e40,4,4,-5,4,1,77,17.1325,1
oma_e40,4,4,-5,4,1,78,14.9650,1
oma_e40,4,4,-5,4,1,79,16.5164,1
oma_e40,4,4,-5,4,1,80,14.0596,0
oma_e40,4,4,-5,4,1,81,15.6002,1
oma_e40,4,4,-5,4,1,82,18.9598,1
oma_e40,4,4,-5,4,1,83,16.5977,1
oma_e40,4,4,-5,4,1,84,17.3903,1
oma_e40,4,4,-5,4,1,85,16.6747,1
oma_e40,4,4,-5,4,1,86,13.7867,1
oma_e40,4,4,-5,4,1,87,13.7922,1
oma_e40,4,4,-5,4,1,88,13.1000,1
oma_e40,4,4,-5,4,1,89,14.3125,1
oma_e40,4,4,-5,4,1,90,13.9303,1
oma_e40,4,4,-5,4,1,91,15.1751,1
oma_e40,4,4,-5,4,1,92,16.1987,1
oma_e40,4,4,-5,4,1,93,15.0605,1
oma_e40,4,4,-5,4,1,94,19.8850,0
oma_e40,4,4,-5,4,1,95,11.2084,1
oma_e40,4,4,-5,4,1,96,15.9925,1
oma_e40,4,4,-5,4,1,97,17.5956,1
oma_e40,4,4,-5,4,1,98,15.8095,1
oma_e40,4,4,-5,4,1,99,14.4560,1
oma_e40,4,4,-5,4,2,75,14.6258,1
oma_e40,4,4,-5,4,2,76,14.4314,1
oma_e40,4,4,-5,4,2,77,17.1104,1
oma_e40,4,4,-5,4,2,78,16.2948,1
oma_e40,4,4,-5,4,2,79,14.8629,1
oma_e40,4,4,-5,4,2,80,14.5240,1
oma_e40,4,4,-5,4,2,81,13.3976,1
oma_e40,4,4,-5,4,2,82,15.3690,0
oma_e40,4,4,-5,4,2,83,15.0372,1
oma_e40,4,4,-5,4,2,84,20.9493,1
oma_e40,4,4,-5,4,2,85,14.9183,1
oma_e40,4,4,-5,4,2,86,13.6068,1
oma_e40,4,4,-5,4,2,87,11.2335,0
oma_e40,4,4,-5,4,2,88,15.0516,1
oma_e40,4,4,-5,4,2,89,13.8365,1
oma_e40,4,4,-5,4,2,90,16.2018,1
oma_e40,4,4,-5,4,2,91,16.3342,1
oma_e40,4,4,-5,4,2,92,15.1284,1
oma_e40,4,4,-5,4,2,93,13.4263,1
oma_e40,4,4,-5,4,2,94,17.2603,0
oma_e40,4,4,-5,4,2,95,12.5431,1
oma_e40,4,4,-5,4,2,96,17.1909,1
oma_e40,4,4,-5,4,2,97,16.9120,1
oma_e40,4,4,-5,4,2,98,17.1181,1
oma_e40,4,4,-5,4,2,99,12.4353,1
oma_e40,4,4,-5,4,3,75,19.7697,1
oma_e40,4,4,-5,4,3,76,13.6920,1
oma_e40,4,4,-5,4,3,77,16.0325,1
oma_e40,4,4,-5,4,3,78,15.0115,1
oma_e40,4,4,-5,4,3,79,17.1537,1
oma_e40,4,4,-5,4,3,80,14.8698,1
oma_e40,4,4,-5,4,3,81,14.3600,1
oma_e40,4,4,-5,4,3,82,17.7111,1
oma_e40,4,4,-5,4,3,83,17.4800,1
oma_e40,4,4,-5,4,3,84,20.8635,1
oma_e40,4,4,-5,4,3,85,13.6078,1
oma_e40,4,4,-5,4,3,86,14.2764,1
oma_e40,4,4,-5,4,3,87,11.3200,1
oma_e40,4,4,-5,4,3,88,13.7052,1
oma_e40,4,4,-5,4,3,89,13.7929,1
oma_e40,4,4,-5,4,3,90,14.1554,1
oma_e40,4,4,-5,4,3,91,16.0441,1
oma_e40,4,4,-5,4,3,92,15.4337,1
oma_e40,4,4,-5,4,3,93,13.7697,1
oma_e40,4,4,-5,4,3,94,21.5134,1
oma_e40,4,4,-5,4,3,95,12.6213,1
oma_e40,4,4,-5,4,3,96,17.4730,1
oma_e40,4,4,-5,4,3,97,16.7606,1
oma_e40,4,4,-5,4,3,98,17.3554,1
oma_e40,4,4,-5,4,3,99,10.8333,1
oma_e40,4,4,-5,4,0,100,16.6144,1
oma_e40,4,4,-5,4,0,101,18.4635,1
oma_e40,4,4,-5,4,0,102,17.0783,1
oma_e40,4,4,-5,4,0,103,14.5450,1
oma_e40,4,4,-5,4,0,104,19.5060,1
oma_e40,4,4,-5,4,0,105,15.2821,1
oma_e40,4,4,-5,4,0,106,17.5295,1
oma_e40,4,4,-5,4,0,107,15.1406,1
oma_e40,4,4,-5,4,0,108,15.4701,1
oma_e40,4,4,-5,4,0,109,19.1061,1
oma_e40,4,4,-5,4,0,110,15.0759,1
oma_e40,4,4,-5,4,0,111,8.5908,1
oma_e40,4,4,-5,4,0,112,16.0212,1
oma_e40,4,4,-5,4,0,113,13.3352,1
oma_e40,4,4,-5,4,0,114,16.9271,1
oma_e40,4,4,-5,4,0,115,16.7375,0
oma_e40,4,4,-5,4,0,116,12.5840,1
oma_e40,4,4,-5,4,0,117,13.9445,1
oma_e40,4,4,-5,4,0,118,15.8464,1
oma_e40,4,4,-5,4,0,119,16.5497,1
oma_e40,4,4,-5,4,0,120,13.7235,1
oma_e40,4,4,-5,4,0,121,18.4737,1
oma_e40,4,4,-5,4,0,122,14.0947,0
oma_e40,4,4,-5,4,0,123,11.6186,1
oma_e40,4,4,-5,4,0,124,13.6185,1
oma_e40,4,4,-5,4,1,100,19.2445,1
oma_e40,4,4,-5,4,1,101,16.8946,1
oma_e40,4,4,-5,4,1,102,16.0603,1
oma_e40,4,4,-5,4,1,103,16.1559,1
oma_e40,4,4,-5,4,1,104,18.5003,1
oma_e40,4,4,-5,4,1,105,19.1159,0
oma_e40,4,4,-5,4,1,106,17.0263,1
oma_e40,4,4,-5,4,1,107,13.7346,1
oma_e40,4,4,-5,4,1,108,11.6632,1
oma_e40,4,4,-5,4,1,109,18.9537,1
oma_e40,4,4,-5,4,1,110,15.8642,1
oma_e40,4,4,-5,4,1,111,11.1457,1
oma_e40,4,4,-5,4,1,112,17.5373,1
oma_e40,4,4,-5,4,1,113,14.2286,1
oma_e40,4,4,-5,4,1,114,14.5641,1
oma_e40,4,4,-5,4,1,115,17.6252,1
oma_e40,4,4,-5,4,1,116,11.9452,1
oma_e40,4,4,-5,4,1,117,13.0347,1
oma_e40,4,4,-5,4,1,118,15.2842,1
oma_e40,4,4,-5,4,1,119,14.2932,1
oma_e40,4,4,-5,4,1,120,15.0273,1
oma_e40,4,4,-5,4,1,121,16.7681,1
oma_e40,4,4,-5,4,1,122,14.6994,1
oma_e40,4,4,-5,4,1,123,14.5627,1
oma_e40,4,4,-5,4,1,124,13.5635,1
oma_e40,4,4,-5,4,2,100,20.7813,0
oma_e40,4,4,-5,4,2,101,16.2569,1
oma_e40,4,4,-5,4,2,102,17.3913,1
oma_e40,4,4,-5,4,2,103,14.2676,1
oma_e40,4,4,-5,4,2,104,21.4516,1
oma_e40,4,4,-5,4,2,105,15.8261,1
oma_e40,4,4,-5,4,2,106,19.4447,1
oma_e40,4,4,-5,4,2,107,12.5313,1
oma_e40,4,4,-5,4,2,108,12.5980,1
oma_e40,4,4,-5,4,2,109,20.1941,1
oma_e40,4,4,-5,4,2,110,15.5535,1
oma_e40,4,4,-5,4,2,111,12.2735,1
oma_e40,4,4,-5,4,2,112,17.3811,1
oma_e40,4,4,-5,4,2,113,15.8488,1
oma_e40,4,4,-5,4,2,114,16.8204,1
oma_e40,4,4,-5,4,2,115,17.0697,1
oma_e40,4,4,-5,4,2,116,11.6114,1
oma_e40,4,4,-5,4,2,117,14.3339,1
oma_e40,4,4,-5,4,2,118,16.6582,1
oma_e40,4,4,-5,4,2,119,15.4049,1
oma_e40,4,4,-5,4,2,120,13.2632,0
oma_e40,4,4,-5,4,2,121,15.5867,1
oma_e40,4,4,-5,4,2,122,16.2833,1
oma_e40,4,4,-5,4,2,123,11.0876,1
oma_e40,4,4,-5,4,2,124,13.9703,1
oma_e40,4,4,-5,4,3,100,19.5135,1
oma_e40,4,4,-5,4,3,101,16.8843,1
oma_e40,4,4,-5,4,3,102,16.3517,1
oma_e40,4,4,-5,4,3,103,14.9828,1
oma_e40,4,4,-5,4,3,104,21.5104,1
oma_e40,4,4,-5,4,3,105,16.0334,1
oma_e40,4,4,-5,4,3,106,18.7303,1
oma_e40,4,4,-5,4,3,107,14.2445,1
oma_e40,4,4,-5,4,3,108,13.0514,1
oma_e40,4,4,-5,4,3,109,17.4879,1
oma_e40,4,4,-5,4,3,110,15.0015,1
oma_e40,4,4,-5,4,3,111,13.9462,1
oma_e40,4,4,-5,4,3,112,16.6879,1
oma_e40,4,4,-5,4,3,113,14.1733,1
oma_e40,4,4,-5,4,3,114,14.6201,1
oma_e40,4,4,-5,4,3,115,15.7066,1
oma_e40,4,4,-5,4,3,116,14.3381,0
oma_e40,4,4,-5,4,3,117,13.6998,1
oma_e40,4,4,-5,4,3,118,15.0260,1
oma_e40,4,4,-5,4,3,119,13.8872,1
oma_e40,4,4,-5,4,3,120,13.9048,1
oma_e40,4,4,-5,4,3,121,16.1508,1
oma_e40,4,4,-5,4,3,122,19.8466,1
oma_e40,4,4,-5,4,3,123,14.3023,1
oma_e40,4,4,-5,4,3,124,14.0285,1
oma_e40,4,4,-5,4,0,125,15.9425,1
oma_e40,4,4,-5,4,0,126,13.1438,1
oma_e40,4,4,-5,4,0,127,18.6353,1
oma_e40,4,4,-5,4,0,128,16.1955,1
oma_e40,4,4,-5,4,0,129,13.3877,1
oma_e40,4,4,-5,4,0,130,20.3738,1
oma_e40,4,4,-5,4,0,131,16.8933,1
oma_e40,4,4,-5,4,0,132,18.6420,1
oma_e40,4,4,-5,4,0,133,13.8226,1
oma_e40,4,4,-5,4,0,134,17.3561,1
oma_e40,4,4,-5,4,0,135,20.2226,1
oma_e40,4,4,-5,4,0,136,16.3658,1
oma_e40,4,4,-5,4,0,137,15.5773,1
oma_e40,4,4,-5,4,0,138,14.4764,1
oma_e40,4,4,-5,4,0,139,13.3755,1
oma_e40,4,4,-5,4,0,140,12.8217,1
oma_e40,4,4,-5,4,0,141,11.0310,1
oma_e40,4,4,-5,4,0,142,21.0838,0
oma_e40,4,4,-5,4,0,143,11.6649,1
oma_e40,4,4,-5,4,0,144,15.7541,1
oma_e40,4,4,-5,4,0,145,18.7352,1
oma_e40,4,4,-5,4,0,146,20.6052,0
oma_e40,4,4,-5,4,0,147,14.6134,1
oma_e40,4,4,-5,4,0,148,19.1627,0
oma_e40,4,4,-5,4,0,149,14.0561,1
oma_e40,4,4,-5,4,1,125,17.2845,0
oma_e40,4,4,-5,4,1,126,14.4582,1
oma_e40,4,4,-5,4,1,127,18.9804,0
oma_e40,4,4,-5,4,1,128,16.3688,1
oma_e40,4,4,-5,4,1,129,14.7214,1
oma_e40,4,4,-5,4,1,130,15.2360,1
oma_e40,4,4,-5,4,1,131,17.5308,1
oma_e40,4,4,-5,4,1,132,17.4098,0
oma_e40,4,4,-5,4,1,133,12.7481,1
oma_e40,4,4,-5,4,1,134,15.3370,1
oma_e40,4,4,-5,4,1,135,21.5262,0
oma_e40,4,4,-5,4,1,136,16.9498,1
oma_e40,4,4,-5,4,1,137,15.7517,1
oma_e40,4,4,-5,4,1,138,13.4040,1
oma_e40,4,4,-5,4,1,139,13.0168,1
oma_e40,4,4,-5,4,1,140,12.5273,1
oma_e40,4,4,-5,4,1,141,11.6945,1
oma_e40,4,4,-5,4,1,142,17.3319,1
oma_e40,4,4,-5,4,1,143,11.5637,1
oma_e40,4,4,-5,4,1,144,16.9319,1
oma_e40,4,4,-5,4,1,145,17.7053,0
oma_e40,4,4,-5,4,1,146,20.9490,1
oma_e40,4,4,-5,4,1,147,15.1978,0
oma_e40,4,4,-5,4,1,148,19.9213,0
oma_e40,4,4,-5,4,1,149,11.8158,1
oma_e40,4,4,-5,4,2,125,17.1653,1
oma_e40,4,4,-5,4,2,126,13.0545,1
oma_e40,4,4,-5,4,2,127,17.4311,1
oma_e40,4,4,-5,4,2,128,16.3539,1
oma_e40,4,4,-5,4,2,129,12.3044,1
oma_e40,4,4,-5,4,2,130,17.5789,1
oma_e40,4,4,-5,4,2,131,22.9186,0
oma_e40,4,4,-5,4,2,132,20.1682,1
oma_e40,4,4,-5,4,2,133,11.7118,1
oma_e40,4,4,-5,4,2,134,14.7142,1
oma_e40,4,4,-5,4,2,135,21.8723,1
oma_e40,4,4,-5,4,2,136,15.9006,1
oma_e40,4,4,-5,4,2,137,16.1372,1
oma_e40,4,4,-5,4,2,138,14.8591,1
oma_e40,4,4,-5,4,2,139,14.1224,1
oma_e40,4,4,-5,4,2,140,13.7760,1
oma_e40,4,4,-5,4,2,141,11.3068,1
oma_e40,4,4,-5,4,2,142,17.4931,1
oma_e40,4,4,-5,4,2,143,13.8871,1
oma_e40,4,4,-5,4,2,144,15.4698,1
oma_e40,4,4,-5,4,2,145,16.7520,1
oma_e40,4,4,-5,4,2,146,18.2060,0
oma_e40,4,4,-5,4,2,147,13.4274,1
oma_e40,4,4,-5,4,2,148,20.0340,1
oma_e40,4,4,-5,4,2,149,11.7254,1
oma_e40,4,4,-5,4,3,125,18.2579,1
oma_e40,4,4,-5,4,3,126,12.7958,1
oma_e40,4,4,-5,4,3,127,18.4267,0
oma_e40,4,4,-5,4,3,128,17.4253,1
oma_e40,4,4,-5,4,3,129,13.7307,1
oma_e40,4,4,-5,4,3,130,19.7213,1
oma_e40,4,4,-5,4,3,131,20.7298,1
oma_e40,4,4,-5,4,3,132,19.6054,1
oma_e40,4,4,-5,4,3,133,10.7771,1
oma_e40,4,4,-5,4,3,134,14.5601,1
oma_e40,4,4,-5,4,3,135,19.9176,0
oma_e40,4,4,-5,4,3,136,14.6264,1
oma_e40,4,4,-5,4,3,137,15.8514,1
oma_e40,4,4,-5,4,3,138,13.0339,1
oma_e40,4,4,-5,4,3,139,12.5608,1
oma_e40,4,4,-5,4,3,140,12.3494,1
oma_e40,4,4,-5,4,3,141,12.0038,0
oma_e40,4,4,-5,4,3,142,17.9387,1
oma_e40,4,4,-5,4,3,143,13.8358,1
oma_e40,4,4,-5,4,3,144,17.1848,1
oma_e40,4,4,-5,4,3,145,16.7065,0
oma_e40,4,4,-5,4,3,146,16.6885,0
oma_e40,4,4,-5,4,3,147,12.9021,1
oma_e40,4,4,-5,4,3,148,18.8228,1
oma_e40,4,4,-5,4,3,149,12.4483,0
oma_e40,4,4,-5,4,0,150,16.2196,1
oma_e40,4,4,-5,4,0,151,14.0466,1
oma_e40,4,4,-5,4,0,152,15.8531,1
oma_e40,4,4,-5,4,0,153,15.9119,1
oma_e40,4,4,-5,4,0,154,12.6493,1
oma_e40,4,4,-5,4,0,155,13.5801,1
oma_e40,4,4,-5,4,0,156,17.2002,1
oma_e40,4,4,-5,4,0,157,13.1452,1
oma_e40,4,4,-5,4,0,158,15.3646,1
oma_e40,4,4,-5,4,0,159,14.0340,1
oma_e40,4,4,-5,4,0,160,15.3046,0
oma_e40,4,4,-5,4,0,161,16.2013,1
oma_e40,4,4,-5,4,0,162,17.3070,1
oma_e40,4,4,-5,4,0,163,18.1832,1
oma_e40,4,4,-5,4,0,164,11.9492,1
oma_e40,4,4,-5,4,0,165,17.4679,1
oma_e40,4,4,-5,4,0,166,14.6559,1
oma_e40,4,4,-5,4,0,167,13.9478,1
oma_e40,4,4,-5,4,0,168,16.1336,1
oma_e40,4,4,-5,4,0,169,19.0309,1
oma_e40,4,4,-5,4,0,170,19.2449,1
oma_e40,4,4,-5,4,0,171,16.9015,1
oma_e40,4,4,-5,4,0,172,13.4608,1
oma_e40,4,4,-5,4,0,173,17.9863,0
oma_e40,4,4,-5,4,0,174,13.6635,0
oma_e40,4,4,-5,4,1,150,15.9728,1
oma_e40,4,4,-5,4,1,151,15.9755,1
oma_e40,4,4,-5,4,1,152,16.0434,1
oma_e40,4,4,-5,4,1,153,15.5525,1
oma_e40,4,4,-5,4,1,154,13.4547,1
oma_e40,4,4,-5,4,1,155,17.5123,1
oma_e40,4,4,-5,4,1,156,16.4382,1
oma_e40,4,4,-5,4,1,157,12.8120,1
oma_e40,4,4,-5,4,1,158,13.3294,1
oma_e40,4,4,-5,4,1,159,17.3631,1
oma_e40,4,4,-5,4,1,160,16.2998,1
oma_e40,4,4,-5,4,1,161,15.1943,1
oma_e40,4,4,-5,4,1,162,17.9895,1
oma_e40,4,4,-5,4,1,163,15.6929,1
oma_e40,4,4,-5,4,1,164,12.8495,0
oma_e40,4,4,-5,4,1,165,17.1228,1
oma_e40,4,4,-5,4,1,166,16.8528,0
oma_e40,4,4,-5,4,1,167,14.3181,1
oma_e40,4,4,-5,4,1,168,16.5121,1
oma_e40,4,4,-5,4,1,169,17.2532,1
oma_e40,4,4,-5,4,1,170,20.8691,1
oma_e40,4,4,-5,4,1,171,15.1118,1
oma_e40,4,4,-5,4,1,172,14.0838,1
oma_e40,4,4,-5,4,1,173,17.1461,1
oma_e40,4,4,-5,4,1,174,18.4491,1
oma_e40,4,4,-5,4,2,150,18.7691,0
oma_e40,4,4,-5,4,2,151,12.4265,1
oma_e40,4,4,-5,4,2,152,20.3192,0
oma_e40,4,4,-5,4,2,153,14.8922,1
oma_e40,4,4,-5,4,2,154,17.2620,1
oma_e40,4,4,-5,4,2,155,15.1745,0
oma_e40,4,4,-5,4,2,156,17.6286,1
oma_e40,4,4,-5,4,2,157,13.5560,1
oma_e40,4,4,-5,4,2,158,15.3355,0
oma_e40,4,4,-5,4,2,159,15.9252,0
oma_e40,4,4,-5,4,2,160,15.3775,1
oma_e40,4,4,-5,4,2,161,14.0404,1
oma_e40,4,4,-5,4,2,162,15.5659,1
oma_e40,4,4,-5,4,2,163,19.5937,1
oma_e40,4,4,-5,4,2,164,11.7348,1
oma_e40,4,4,-5,4,2,165,20.3677,1
oma_e40,4,4,-5,4,2,166,12.4281,1
oma_e40,4,4,-5,4,2,167,14.6119,1
oma_e40,4,4,-5,4,2,168,16.0129,1
oma_e40,4,4,-5,4,2,169,16.5155,1
oma_e40,4,4,-5,4,2,170,21.2813,0
oma_e40,4,4,-5,4,2,171,17.3085,1
oma_e40,4,4,-5,4,2,172,14.3162,1
oma_e40,4,4,-5,4,2,173,14.1256,1
oma_e40,4,4,-5,4,2,174,13.7500,1
oma_e40,4,4,-5,4,3,150,16.1261,1
oma_e40,4,4,-5,4,3,151,14.2951,1
oma_e40,4,4,-5,4,3,152,19.0049,0
oma_e40,4,4,-5,4,3,153,13.9737,1
oma_e40,4,4,-5,4,3,154,17.4429,0
oma_e40,4,4,-5,4,3,155,14.8813,1
oma_e40,4,4,-5,4,3,156,15.7237,1
oma_e40,4,4,-5,4,3,157,18.2002,1
oma_e40,4,4,-5,4,3,158,13.8313,1
oma_e40,4,4,-5,4,3,159,17.0864,1
oma_e40,4,4,-5,4,3,160,17.7137,1
oma_e40,4,4,-5,4,3,161,12.5849,1
oma_e40,4,4,-5,4,3,162,14.9739,1
oma_e40,4,4,-5,4,3,163,17.3055,0
oma_e40,4,4,-5,4,3,164,13.4109,1
oma_e40,4,4,-5,4,3,165,17.9969,0
oma_e40,4,4,-5,4,3,166,16.3886,1
oma_e40,4,4,-5,4,3,167,15.9546,1
oma_e40,4,4,-5,4,3,168,15.9072,1
oma_e40,4,4,-5,4,3,169,18.4132,0
oma_e40,4,4,-5,4,3,170,21.9783,1
oma_e40,4,4,-5,4,3,171,15.6535,1
oma_e40,4,4,-5,4,3,172,15.1321,1
oma_e40,4,4,-5,4,3,173,16.0900,1
oma_e40,4,4,-5,4,3,174,17.8449,0
oma_e40,4,4,-5,4,0,175,17.0704,1
oma_e40,4,4,-5,4,0,176,20.6644,1
oma_e40,4,4,-5,4,0,177,10.6356,1
oma_e40,4,4,-5,4,0,178,19.5291,0
oma_e40,4,4,-5,4,0,179,13.3680,1
oma_e40,4,4,-5,4,0,180,17.4851,1
oma_e40,4,4,-5,4,0,181,17.5185,1
oma_e40,4,4,-5,4,0,182,16.0072,0
oma_e40,4,4,-5,4,0,183,14.4389,1
oma_e40,4,4,-5,4,0,184,14.9542,1
oma_e40,4,4,-5,4,0,185,17.4656,0
oma_e40,4,4,-5,4,0,186,10.2645,1
oma_e40,4,4,-5,4,0,187,19.8661,1
oma_e40,4,4,-5,4,0,188,15.8580,0
oma_e40,4,4,-5,4,0,189,15.7852,1
oma_e40,4,4,-5,4,0,190,12.7525,1
oma_e40,4,4,-5,4,0,191,15.2185,1
oma_e40,4,4,-5,4,0,192,17.7590,1
oma_e40,4,4,-5,4,0,193,18.2140,1
oma_e40,4,4,-5,4,0,194,16.6872,1
oma_e40,4,4,-5,4,0,195,16.9881,1
oma_e40,4,4,-5,4,0,196,19.2721,1
oma_e40,4,4,-5,4,0,197,18.6881,1
oma_e40,4,4,-5,4,0,198,11.5378,1
oma_e40,4,4,-5,4,0,199,20.5607,1
oma_e40,4,4,-5,4,1,175,15.1479,1
oma_e40,4,4,-5,4,1,176,17.4990,1
oma_e40,4,4,-5,4,1,177,12.7172,1
oma_e40,4,4,-5,4,1,178,19.2654,0
oma_e40,4,4,-5,4,1,179,12.4140,1
oma_e40,4,4,-5,4,1,180,17.1435,1
oma_e40,4,4,-5,4,1,181,15.1651,1
oma_e40,4,4,-5,4,1,182,13.4345,1
oma_e40,4,4,-5,4,1,183,12.9886,1
oma_e40,4,4,-5,4,1,184,15.9967,1
oma_e40,4,4,-5,4,1,185,14.0526,1
oma_e40,4,4,-5,4,1,186,10.9965,1
oma_e40,4,4,-5,4,1,187,19.1460,1
oma_e40,4,4,-5,4,1,188,17.9662,1
oma_e40,4,4,-5,4,1,189,14.8938,1
oma_e40,4,4,-5,4,1,190,15.1713,0
oma_e40,4,4,-5,4,1,191,12.7238,1
oma_e40,4,4,-5,4,1,192,14.6818,1
oma_e40,4,4,-5,4,1,193,16.1160,1
oma_e40,4,4,-5,4,1,194,17.4282,1
oma_e40,4,4,-5,4,1,195,15.4025,1
oma_e40,4,4,-5,4,1,196,17.4083,0
oma_e40,4,4,-5,4,1,197,16.6668,1
oma_e40,4,4,-5,4,1,198,11.2064,1
oma_e40,4,4,-5,4,1,199,16.8276,1
oma_e40,4,4,-5,4,2,175,13.5034,1
oma_e40,4,4,-5,4,2,176,18.8928,1
oma_e40,4,4,-5,4,2,177,11.6744,1
oma_e40,4,4,-5,4,2,178,15.8516,1
oma_e40,4,4,-5,4,2,179,13.3013,1
oma_e40,4,4,-5,4,2,180,15.9168,1
oma_e40,4,4,-5,4,2,181,16.3205,1
oma_e40,4,4,-5,4,2,182,14.6404,1
oma_e40,4,4,-5,4,2,183,13.9862,1
oma_e40,4,4,-5,4,2,184,15.1113,1
oma_e40,4,4,-5,4,2,185,18.7966,1
oma_e40,4,4,-5,4,2,186,9.5235,1
oma_e40,4,4,-5,4,2,187,17.6075,1
oma_e40,4,4,-5,4,2,188,18.5487,1
oma_e40,4,4,-5,4,2,189,15.3675,0
oma_e40,4,4,-5,4,2,190,11.1107,1
oma_e40,4,4,-5,4,2,191,13.8080,1
oma_e40,4,4,-5,4,2,192,15.9091,0
oma_e40,4,4,-5,4,2,193,15.4787,1
oma_e40,4,4,-5,4,2,194,17.4253,1
oma_e40,4,4,-5,4,2,195,19.6816,1
oma_e40,4,4,-5,4,2,196,16.3466,1
oma_e40,4,4,-5,4,2,197,17.9309,1
oma_e40,4,4,-5,4,2,198,10.9663,1
oma_e40,4,4,-5,4,2,199,17.9955,1
oma_e40,4,4,-5,4,3,175,15.5379,1
oma_e40,4,4,-5,4,3,176,16.6154,1
oma_e40,4,4,-5,4,3,177,12.8827,1
oma_e40,4,4,-5,4,3,178,17.8312,1
oma_e40,4,4,-5,4,3,179,11.1022,1
oma_e40,4,4,-5,4,3,180,15.7665,1
oma_e40,4,4,-5,4,3,181,15.7772,1
oma_e40,4,4,-5,4,3,182,14.3587,1
oma_e40,4,4,-5,4,3,183,11.1863,1
oma_e40,4,4,-5,4,3,184,14.7766,1
oma_e40,4,4,-5,4,3,185,19.9377,1
oma_e40,4,4,-5,4,3,186,13.8037,1
oma_e40,4,4,-5,4,3,187,18.2749,1
oma_e40,4,4,-5,4,3,188,17.3791,1
oma_e40,4,4,-5,4,3,189,14.7005,1
oma_e40,4,4,-5,4,3,190,13.9895,1
oma_e40,4,4,-5,4,3,191,14.2934,1
oma_e40,4,4,-5,4,3,192,14.7770,1
oma_e40,4,4,-5,4,3,193,15.5433,1
oma_e40,4,4,-5,4,3,194,17.5230,1
oma_e40,4,4,-5,4,3,195,18.5670,1
oma_e40,4,4,-5,4,3,196,18.7083,1
oma_e40,4,4,-5,4,3,197,15.0334,1
oma_e40,4,4,-5,4,3,198,14.5564,1
oma_e40,4,4,-5,4,3,199,19.7912,1
oma_e40,4,4,0,0,0,0,19.3127,0
oma_e40,4,4,0,0,0,1,20.0590,1
oma_e40,4,4,0,0,0,2,16.1951,1
oma_e40,4,4,0,0,0,3,17.1480,1
oma_e40,4,4,0,0,0,4,18.0830,0
oma_e40,4,4,0,0,0,5,16.2449,0
oma_e40,4,4,0,0,0,6,17.3319,0
oma_e40,4,4,0,0,0,7,17.9679,1
oma_e40,4,4,0,0,0,8,18.1624,1
oma_e40,4,4,0,0,0,9,20.6846,0
oma_e40,4,4,0,0,0,10,14.2680,1
oma_e40,4,4,0,0,0,11,15.6072,0
oma_e40,4,4,0,0,0,12,17.0033,1
oma_e40,4,4,0,0,0,13,12.0656,1
oma_e40,4,4,0,0,0,14,20.1390,1
oma_e40,4,4,0,0,0,15,14.7648,1
oma_e40,4,4,0,0,0,16,21.0942,1
oma_e40,4,4,0,0,0,17,18.7251,1
oma_e40,4,4,0,0,0,18,18.4047,0
oma_e40,4,4,0,0,0,19,14.1415,1
oma_e40,4,4,0,0,0,20,16.6847,1
oma_e40,4,4,0,0,0,21,14.1070,1
oma_e40,4,4,0,0,0,22,21.3893,1
oma_e40,4,4,0,0,0,23,19.6276,1
oma_e40,4,4,0,0,0,24,19.1054,1
oma_e40,4,4,0,0,1,0,23.1994,1
oma_e40,4,4,0,0,1,1,17.3616,1
oma_e40,4,4,0,0,1,2,17.2842,1
oma_e40,4,4,0,0,1,3,19.7233,1
oma_e40,4,4,0,0,1,4,19.5485,0
oma_e40,4,4,0,0,1,5,14.8517,1
oma_e40,4,4,0,0,1,6,15.3744,1
oma_e40,4,4,0,0,1,7,20.5822,0
oma_e40,4,4,0,0,1,8,18.7710,1
oma_e40,4,4,0,0,1,9,18.7435,1
oma_e40,4,4,0,0,1,10,11.6753,1
oma_e40,4,4,0,0,1,11,17.4705,1
oma_e40,4,4,0,0,1,12,17.1967,1
oma_e40,4,4,0,0,1,13,12.8743,1
oma_e40,4,4,0,0,1,14,21.4865,1
oma_e40,4,4,0,0,1,15,13.4464,1
oma_e40,4,4,0,0,1,16,19.0027,0
oma_e40,4,4,0,0,1,17,18.7593,1
oma_e40,4,4,0,0,1,18,17.6382,1
oma_e40,4,4,0,0,1,19,14.7862,1
oma_e40,4,4,0,0,1,20,18.7997,1
oma_e40,4,4,0,0,1,21,15.6316,1
oma_e40,4,4,0,0,1,22,17.6952,1
oma_e40,4,4,0,0,1,23,17.2334,1
oma_e40,4,4,0,0,1,24,18.6702,0
oma_e40,4,4,0,0,2,0,19.1501,1
oma_e40,4,4,0,0,2,1,18.5667,1
oma_e40,4,4,0,0,2,2,18.0049,1
oma_e40,4,4,0,0,2,3,16.9310,1
oma_e40,4,4,0,0,2,4,23.0439,0
oma_e40,4,4,0,0,2,5,14.4390,1
oma_e40,4,4,0,0,2,6,15.7513,0
oma_e40,4,4,0,0,2,7,20.8295,0
oma_e40,4,4,0,0,2,8,15.3982,1
oma_e40,4,4,0,0,2,9,20.7937,0
oma_e40,4,4,0,0,2,10,14.4763,0
oma_e40,4,4,0,0,2,11,20.4285,1
oma_e40,4,4,0,0,2,12,17.4010,1
oma_e40,4,4,0,0,2,13,9.5020,1
oma_e40,4,4,0,0,2,14,21.9131,1
oma_e40,4,4,0,0,2,15,17.5897,1
oma_e40,4,4,0,0,2,16,20.0371,0
oma_e40,4,4,0,0,2,17,18.4563,1
oma_e40,4,4,0,0,2,18,16.1263,1
oma_e40,4,4,0,0,2,19,12.7707,1
oma_e40,4,4,0,0,2,20,14.8088,1
oma_e40,4,4,0,0,2,21,16.4063,1
oma_e40,4,4,0,0,2,22,18.6223,0
oma_e40,4,4,0,0,2,23,20.7392,0
oma_e40,4,4,0,0,2,24,22.9257,0
oma_e40,4,4,0,0,3,0,20.0206,1
oma_e40,4,4,0,0,3,1,17.0748,1
oma_e40,4,4,0,0,3,2,16.9540,1
oma_e40,4,4,0,0,3,3,16.8634,1
oma_e40,4,4,0,0,3,4,19.7926,0
oma_e40,4,4,0,0,3,5,15.0877,1
oma_e40,4,4,0,0,3,6,15.0234,1
oma_e40,4,4,0,0,3,7,20.8501,1
oma_e40,4,4,0,0,3,8,20.3112,0
oma_e40,4,4,0,0,3,9,24.8329,0
oma_e40,4,4,0,0,3,10,10.7096,1
oma_e40,4,4,0,0,3,11,17.4046,1
oma_e40,4,4,0,0,3,12,15.5773,0
oma_e40,4,4,0,0,3,13,8.8935,1
oma_e40,4,4,0,0,3,14,18.3617,0
oma_e40,4,4,0,0,3,15,14.5931,1
oma_e40,4,4,0,0,3,16,20.4093,0
oma_e40,4,4,0,0,3,17,18.5986,1
oma_e40,4,4,0,0,3,18,20.3616,0
oma_e40,4,4,0,0,3,19,12.4558,1
oma_e40,4,4,0,0,3,20,19.7557,1
oma_e40,4,4,0,0,3,21,19.2821,1
oma_e40,4,4,0,0,3,22,19.8374,1
oma_e40,4,4,0,0,3,23,19.4941,1
oma_e40,4,4,0,0,3,24,21.5759,1
oma_e40,4,4,0,0,0,25,13.0527,1
oma_e40,4,4,0,0,0,26,20.3135,0
oma_e40,4,4,0,0,0,27,21.1899,1
oma_e40,4,4,0,0,0,28,16.7501,1
oma_e40,4,4,0,0,0,29,17.6046,1
oma_e40,4,4,0,0,0,30,15.0766,1
oma_e40,4,4,0,0,0,31,13.8097,1
oma_e40,4,4,0,0,0,32,17.2677,1
oma_e40,4,4,0,0,0,33,17.9955,1
oma_e40,4,4,0,0,0,34,16.3863,0
oma_e40,4,4,0,0,0,35,17.8244,1
oma_e40,4,4,0,0,0,36,16.0528,1
oma_e40,4,4,0,0,0,37,17.1038,1
oma_e40,4,4,0,0,0,38,16.9199,1
oma_e40,4,4,0,0,0,39,24.2271,0
oma_e40,4,4,0,0,0,40,22.8875,1
oma_e40,4,4,0,0,0,41,20.1883,1
oma_e40,4,4,0,0,0,42,18.4929,0
oma_e40,4,4,0,0,0,43,16.6172,0
oma_e40,4,4,0,0,0,44,18.8677,1
oma_e40,4,4,0,0,0,45,18.8290,1
oma_e40,4,4,0,0,0,46,17.9578,1
oma_e40,4,4,0,0,0,47,16.8380,1
oma_e40,4,4,0,0,0,48,18.0557,1
oma_e40,4,4,0,0,0,49,18.7134,1
oma_e40,4,4,0,0,1,25,14.3343,1
oma_e40,4,4,0,0,1,26,18.3658,1
oma_e40,4,4,0,0,1,27,18.6480,1
oma_e40,4,4,0,0,1,28,16.4104,1
oma_e40,4,4,0,0,1,29,18.8585,1
oma_e40,4,4,0,0,1,30,16.5618,0
oma_e40,4,4,0,0,1,31,13.8139,1
oma_e40,4,4,0,0,1,32,19.7892,1
oma_e40,4,4,0,0,1,33,19.4538,0
oma_e40,4,4,0,0,1,34,17.3445,1
oma_e40,4,4,0,0,1,35,18.6328,1
oma_e40,4,4,0,0,1,36,16.0990,1
oma_e40,4,4,0,0,1,37,15.0828,1
oma_e40,4,4,0,0,1,38,13.7338,0
oma_e40,4,4,0,0,1,39,21.3933,1
oma_e40,4,4,0,0,1,40,21.8251,1
oma_e40,4,4,0,0,1,41,23.3532,1
oma_e40,4,4,0,0,1,42,24.4911,1
oma_e40,4,4,0,0,1,43,16.7570,1
oma_e40,4,4,0,0,1,44,13.9847,1
oma_e40,4,4,0,0,1,45,18.6358,1
oma_e40,4,4,0,0,1,46,18.3261,1
oma_e40,4,4,0,0,1,47,15.3034,1
oma_e40,4,4,0,0,1,48,19.2701,1
oma_e40,4,4,0,0,1,49,16.5943,1
oma_e40,4,4,0,0,2,25,15.0753,1
oma_e40,4,4,0,0,2,26,19.5954,0
oma_e40,4,4,0,0,2,27,23.6979,0
oma_e40,4,4,0,0,2,28,17.5054,1
oma_e40,4,4,0,0,2,29,17.6021,1
oma_e40,4,4,0,0,2,30,12.7742,1
oma_e40,4,4,0,0,2,31,15.5138,1
oma_e40,4,4,0,0,2,32,15.0364,0
oma_e40,4,4,0,0,2,33,16.5597,1
oma_e40,4,4,0,0,2,34,17.9346,0
oma_e40,4,4,0,0,2,35,18.6038,1
oma_e40,4,4,0,0,2,36,15.2009,1
oma_e40,4,4,0,0,2,37,13.6023,1
oma_e40,4,4,0,0,2,38,14.1389,1
oma_e40,4,4,0,0,2,39,21.5601,0
oma_e40,4,4,0,0,2,40,21.6842,1
oma_e40,4,4,0,0,2,41,20.7657,1
oma_e40,4,4,0,0,2,42,16.4194,1
oma_e40,4,4,0,0,2,43,17.5883,1
oma_e40,4,4,0,0,2,44,14.9766,1
oma_e40,4,4,0,0,2,45,21.8213,0
oma_e40,4,4,0,0,2,46,18.1850,1
oma_e40,4,4,0,0,2,47,19.5519,1
oma_e40,4,4,0,0,2,48,20.7375,0
oma_e40,4,4,0,0,2,49,15.6183,1
oma_e40,4,4,0,0,3,25,17.0694,0
oma_e40,4,4,0,0,3,26,19.2581,1
oma_e40,4,4,0,0,3,27,19.4471,0
oma_e40,4,4,0,0,3,28,17.6268,1
oma_e40,4,4,0,0,3,29,19.2802,1
oma_e40,4,4,0,0,3,30,17.1016,1
oma_e40,4,4,0,0,3,31,13.2645,1
oma_e40,4,4,0,0,3,32,19.7338,1
oma_e40,4,4,0,0,3,33,22.6957,0
oma_e40,4,4,0,0,3,34,17.8230,1
oma_e40,4,4,0,0,3,35,20.1864,1
oma_e40,4,4,0,0,3,36,16.2882,1
oma_e40,4,4,0,0,3,37,14.5834,1
oma_e40,4,4,0,0,3,38,15.5249,0
oma_e40,4,4,0,0,3,39,23.8262,0
oma_e40,4,4,0,0,3,40,22.3090,1
oma_e40,4,4,0,0,3,41,19.2764,1
oma_e40,4,4,0,0,3,42,17.5078,0
oma_e40,4,4,0,0,3,43,16.9252,1
oma_e40,4,4,0,0,3,44,15.9665,1
oma_e40,4,4,0,0,3,45,21.8893,1
oma_e40,4,4,0,0,3,46,19.0742,1
oma_e40,4,4,0,0,3,47,17.4554,0
oma_e40,4,4,0,0,3,48,18.6617,1
oma_e40,4,4,0,0,3,49,16.9504,1
oma_e40,4,4,0,0,0,50,22.0504,0
oma_e40,4,4,0,0,0,51,20.6423,1
oma_e40,4,4,0,0,0,52,14.1833,1
oma_e40,4,4,0,0,0,53,19.9635,0
oma_e40,4,4,0,0,0,54,18.1059,1
oma_e40,4,4,0,0,0,55,11.4659,1
oma_e40,4,4,0,0,0,56,16.5259,0
oma_e40,4,4,0,0,0,57,13.3004,1
oma_e40,4,4,0,0,0,58,18.0993,1
oma_e40,4,4,0,0,0,59,19.2182,1
oma_e40,4,4,0,0,0,60,15.8220,1
oma_e40,4,4,0,0,0,61,21.9071,0
oma_e40,4,4,0,0,0,62,19.5765,0
oma_e40,4,4,0,0,0,63,19.8864,0
oma_e40,4,4,0,0,0,64,23.9879,0
oma_e40,4,4,0,0,0,65,13.8127,1
oma_e40,4,4,0,0,0,66,21.4122,0
oma_e40,4,4,0,0,0,67,20.9488,0
oma_e40,4,4,0,0,0,68,18.5632,1
oma_e40,4,4,0,0,0,69,17.2587,1
oma_e40,4,4,0,0,0,70,23.6613,1
oma_e40,4,4,0,0,0,71,20.4917,1
oma_e40,4,4,0,0,0,72,21.6725,1
oma_e40,4,4,0,0,0,73,16.7870,1
oma_e40,4,4,0,0,0,74,18.9803,1
oma_e40,4,4,0,0,1,50,21.1887,1
oma_e40,4,4,0,0,1,51,20.8861,1
oma_e40,4,4,0,0,1,52,14.2731,1
oma_e40,4,4,0,0,1,53,20.1790,1
oma_e40,4,4,0,0,1,54,15.3799,0
oma_e40,4,4,0,0,1,55,13.7171,0
oma_e40,4,4,0,0,1,56,20.2054,0
oma_e40,4,4,0,0,1,57,13.2774,1
oma_e40,4,4,0,0,1,58,19.5376,1
oma_e40,4,4,0,0,1,59,15.1473,1
oma_e40,4,4,0,0,1,60,15.5559,1
oma_e40,4,4,0,0,1,61,21.0067,0
oma_e40,4,4,0,0,1,62,21.4002,0
oma_e40,4,4,0,0,1,63,25.1163,1
oma_e40,4,4,0,0,1,64,22.2490,0
oma_e40,4,4,0,0,1,65,14.5900,1
oma_e40,4,4,0,0,1,66,22.9814,0
oma_e40,4,4,0,0,1,67,17.0816,1
oma_e40,4,4,0,0,1,68,17.2348,1
oma_e40,4,4,0,0,1,69,18.0418,1
oma_e40,4,4,0,0,1,70,20.4728,1
oma_e40,4,4,0,0,1,71,22.0944,0
oma_e40,4,4,0,0,1,72,23.0035,1
oma_e40,4,4,0,0,1,73,15.0552,1
oma_e40,4,4,0,0,1,74,18.3450,0
oma_e40,4,4,0,0,2,50,19.9699,0
oma_e40,4,4,0,0,2,51,21.1262,0
oma_e40,4,4,0,0,2,52,15.7489,1
oma_e40,4,4,0,0,2,53,18.3663,0
oma_e40,4,4,0,0,2,54,16.6939,0
oma_e40,4,4,0,0,2,55,16.0676,1
oma_e40,4,4,0,0,2,56,21.3141,1
oma_e40,4,4,0,0,2,57,15.3473,0
oma_e40,4,4,0,0,2,58,16.4951,1
oma_e40,4,4,0,0,2,59,17.6306,1
oma_e40,4,4,0,0,2,60,13.7074,1
oma_e40,4,4,0,0,2,61,21.5611,0
oma_e40,4,4,0,0,2,62,19.0950,0
oma_e40,4,4,0,0,2,63,19.5426,0
oma_e40,4,4,0,0,2,64,18.4038,0
oma_e40,4,4,0,0,2,65,13.4289,1
oma_e40,4,4,0,0,2,66,21.5475,0
oma_e40,4,4,0,0,2,67,17.9532,1
oma_e40,4,4,0,0,2,68,16.4538,1
oma_e40,4,4,0,0,2,69,17.5929,1
oma_e40,4,4,0,0,2,70,19.9745,0
oma_e40,4,4,0,0,2,71,20.7929,0
oma_e40,4,4,0,0,2,72,22.3877,0
oma_e40,4,4,0,0,2,73,14.2377,1
oma_e40,4,4,0,0,2,74,15.7728,1
oma_e40,4,4,0,0,3,50,20.0358,1
oma_e40,4,4,0,0,3,51,23.5675,0
oma_e40,4,4,0,0,3,52,13.7039,1
oma_e40,4,4,0,0,3,53,17.6334,1
oma_e40,4,4,0,0,3,54,20.1673,1
oma_e40,4,4,0,0,3,55,15.5923,1
oma_e40,4,4,0,0,3,56,22.9165,1
oma_e40,4,4,0,0,3,57,13.8327,1
oma_e40,4,4,0,0,3,58,17.7760,1
oma_e40,4,4,0,0,3,59,18.0063,1
oma_e40,4,4,0,0,3,60,16.5968,1
oma_e40,4,4,0,0,3,61,22.7721,1
oma_e40,4,4,0,0,3,62,19.5704,0
oma_e40,4,4,0,0,3,63,21.0221,1
oma_e40,4,4,0,0,3,64,23.1653,0
oma_e40,4,4,0,0,3,65,14.6594,0
oma_e40,4,4,0,0,3,66,22.6503,0
oma_e40,4,4,0,0,3,67,17.3170,1
oma_e40,4,4,0,0,3,68,19.7978,0
oma_e40,4,4,0,0,3,69,16.9974,1
oma_e40,4,4,0,0,3,70,23.1028,0
oma_e40,4,4,0,0,3,71,19.6404,0
oma_e40,4,4,0,0,3,72,22.0871,1
oma_e40,4,4,0,0,3,73,17.5300,0
oma_e40,4,4,0,0,3,74,17.8838,1
oma_e40,4,4,0,0,0,75,18.3773,0
oma_e40,4,4,0,0,0,76,20.5375,1
oma_e40,4,4,0,0,0,77,13.0685,1
oma_e40,4,4,0,0,0,78,19.1279,0
oma_e40,4,4,0,0,0,79,18.5634,1
oma_e40,4,4,0,0,0,80,19.2042,0
oma_e40,4,4,0,0,0,81,16.3761,1
oma_e40,4,4,0,0,0,82,20.5584,0
oma_e40,4,4,0,0,0,83,15.7413,1
oma_e40,4,4,0,0,0,84,11.6892,1
oma_e40,4,4,0,0,0,85,17.7656,1
oma_e40,4,4,0,0,0,86,19.5587,1
oma_e40,4,4,0,0,0,87,14.9950,1
oma_e40,4,4,0,0,0,88,18.1353,1
oma_e40,4,4,0,0,0,89,14.4289,1
oma_e40,4,4,0,0,0,90,20.1907,0
oma_e40,4,4,0,0,0,91,20.7134,0
oma_e40,4,4,0,0,0,92,18.5230,1
oma_e40,4,4,0,0,0,93,18.6978,1
oma_e40,4,4,0,0,0,94,21.0583,1
oma_e40,4,4,0,0,0,95,16.6616,1
oma_e40,4,4,0,0,0,96,17.6997,1
oma_e40,4,4,0,0,0,97,18.5625,1
oma_e40,4,4,0,0,0,98,18.8356,0
oma_e40,4,4,0,0,0,99,22.5368,1
oma_e40,4,4,0,0,1,75,19.5663,1
oma_e40,4,4,0,0,1,76,19.7285,1
oma_e40,4,4,0,0,1,77,12.5915,1
oma_e40,4,4,0,0,1,78,18.8206,1
oma_e40,4,4,0,0,1,79,16.2296,1
oma_e40,4,4,0,0,1,80,18.5602,1
oma_e40,4,4,0,0,1,81,19.8677,1
oma_e40,4,4,0,0,1,82,24.8606,0
oma_e40,4,4,0,0,1,83,17.1834,1
oma_e40,4,4,0,0,1,84,12.3817,1
oma_e40,4,4,0,0,1,85,21.7449,1
oma_e40,4,4,0,0,1,86,22.1189,0
oma_e40,4,4,0,0,1,87,18.6723,1
oma_e40,4,4,0,0,1,88,17.5400,1
oma_e40,4,4,0,0,1,89,16.1455,1
oma_e40,4,4,0,0,1,90,18.7768,0
oma_e40,4,4,0,0,1,91,20.4815,0
oma_e40,4,4,0,0,1,92,18.1330,1
oma_e40,4,4,0,0,1,93,17.9972,1
oma_e40,4,4,0,0,1,94,22.2265,0
oma_e40,4,4,0,0,1,95,16.1903,0
oma_e40,4,4,0,0,1,96,17.9014,1
oma_e40,4,4,0,0,1,97,19.3958,0
oma_e40,4,4,0,0,1,98,17.5023,1
oma_e40,4,4,0,0,1,99,20.1138,1
oma_e40,4,4,0,0,2,75,16.6725,1
oma_e40,4,4,0,0,2,76,19.8714,1
oma_e40,4,4,0,0,2,77,11.6556,0
oma_e40,4,4,0,0,2,78,19.6296,1
oma_e40,4,4,0,0,2,79,15.1067,1
oma_e40,4,4,0,0,2,80,20.8889,0
oma_e40,4,4,0,0,2,81,18.8251,1
oma_e40,4,4,0,0,2,82,21.7092,0
oma_e40,4,4,0,0,2,83,16.1157,1
oma_e40,4,4,0,0,2,84,12.1839,1
oma_e40,4,4,0,0,2,85,17.6219,1
oma_e40,4,4,0,0,2,86,21.2846,0
oma_e40,4,4,0,0,2,87,16.5152,0
oma_e40,4,4,0,0,2,88,19.9019,0
oma_e40,4,4,0,0,2,89,15.3167,1
oma_e40,4,4,0,0,2,90,21.1067,1
oma_e40,4,4,0,0,2,91,20.8506,0
oma_e40,4,4,0,0,2,92,17.6188,1
oma_e40,4,4,0,0,2,93,17.0651,1
oma_e40,4,4,0,0,2,94,19.4741,0
oma_e40,4,4,0,0,2,95,20.4777,0
oma_e40,4,4,0,0,2,96,18.4060,1
oma_e40,4,4,0,0,2,97,18.9169,1
oma_e40,4,4,0,0,2,98,20.2642,1
oma_e40,4,4,0,0,2,99,18.5313,1
oma_e40,4,4,0,0,3,75,23.2860,1
oma_e40,4,4,0,0,3,76,19.6305,1
oma_e40,4,4,0,0,3,77,11.0773,0
oma_e40,4,4,0,0,3,78,18.7123,1
oma_e40,4,4,0,0,3,79,15.8765,1
oma_e40,4,4,0,0,3,80,22.1946,0
oma_e40,4,4,0,0,3,81,17.5143,1
oma_e40,4,4,0,0,3,82,22.5895,0
oma_e40,4,4,0,0,3,83,18.2586,1
oma_e40,4,4,0,0,3,84,15.2574,1
oma_e40,4,4,0,0,3,85,17.8967,1
oma_e40,4,4,0,0,3,86,19.6633,1
oma_e40,4,4,0,0,3,87,13.4732,1
oma_e40,4,4,0,0,3,88,18.3315,0
oma_e40,4,4,0,0,3,89,17.7577,0
oma_e40,4,4,0,0,3,90,17.8474,0
oma_e40,4,4,0,0,3,91,21.3242,0
oma_e40,4,4,0,0,3,92,17.0340,1
oma_e40,4,4,0,0,3,93,17.9642,0
oma_e40,4,4,0,0,3,94,23.7677,1
oma_e40,4,4,0,0,3,95,15.9888,1
oma_e40,4,4,0,0,3,96,18.1513,1
oma_e40,4,4,0,0,3,97,18.8724,1
oma_e40,4,4,0,0,3,98,18.9698,0
oma_e40,4,4,0,0,3,99,22.7966,1
oma_e40,4,4,0,0,0,100,15.6257,1
oma_e40,4,4,0,0,0,101,20.1184,1
oma_e40,4,4,0,0,0,102,18.4830,0
oma_e40,4,4,0,0,0,103,15.2911,1
oma_e40,4,4,0,0,0,104,20.6808,1
oma_e40,4,4,0,0,0,105,16.2640,1
oma_e40,4,4,0,0,0,106,18.3428,1
oma_e40,4,4,0,0,0,107,12.7150,1
oma_e40,4,4,0,0,0,108,21.9372,0
oma_e40,4,4,0,0,0,109,16.4975,1
oma_e40,4,4,0,0,0,110,16.0202,0
oma_e40,4,4,0,0,0,111,16.3286,1
oma_e40,4,4,0,0,0,112,13.0180,1
oma_e40,4,4,0,0,0,113,18.2349,1
oma_e40,4,4,0,0,0,114,20.8917,1
oma_e40,4,4,0,0,0,115,20.3796,1
oma_e40,4,4,0,0,0,116,17.3927,1
oma_e40,4,4,0,0,0,117,15.4804,1
oma_e40,4,4,0,0,0,118,19.6865,1
oma_e40,4,4,0,0,0,119,20.3153,1
oma_e40,4,4,0,0,0,120,17.6275,1
oma_e40,4,4,0,0,0,121,22.2895,0
oma_e40,4,4,0,0,0,122,16.9881,0
oma_e40,4,4,0,0,0,123,17.0238,1
oma_e40,4,4,0,0,0,124,17.8543,1
oma_e40,4,4,0,0,1,100,17.8625,1
oma_e40,4,4,0,0,1,101,17.9819,1
oma_e40,4,4,0,0,1,102,17.1072,1
oma_e40,4,4,0,0,1,103,17.4873,1
oma_e40,4,4,0,0,1,104,19.4233,1
oma_e40,4,4,0,0,1,105,20.1250,0
oma_e40,4,4,0,0,1,106,18.6859,1
oma_e40,4,4,0,0,1,107,13.6649,1
oma_e40,4,4,0,0,1,108,20.5128,1
oma_e40,4,4,0,0,1,109,16.8189,1
oma_e40,4,4,0,0,1,110,16.2468,1
oma_e40,4,4,0,0,1,111,17.6307,1
oma_e40,4,4,0,0,1,112,14.0713,1
oma_e40,4,4,0,0,1,113,18.3600,1
oma_e40,4,4,0,0,1,114,18.7114,1
oma_e40,4,4,0,0,1,115,19.7524,1
oma_e40,4,4,0,0,1,116,16.4084,1
oma_e40,4,4,0,0,1,117,15.3327,1
oma_e40,4,4,0,0,1,118,20.0632,1
oma_e40,4,4,0,0,1,119,16.9946,1
oma_e40,4,4,0,0,1,120,18.6425,0
oma_e40,4,4,0,0,1,121,22.3608,1
oma_e40,4,4,0,0,1,122,18.8409,0
oma_e40,4,4,0,0,1,123,20.6370,1
oma_e40,4,4,0,0,1,124,20.9673,0
oma_e40,4,4,0,0,2,100,19.1468,1
oma_e40,4,4,0,0,2,101,19.1314,1
oma_e40,4,4,0,0,2,102,18.0757,1
oma_e40,4,4,0,0,2,103,14.5561,1
oma_e40,4,4,0,0,2,104,22.6139,0
oma_e40,4,4,0,0,2,105,16.6610,1
oma_e40,4,4,0,0,2,106,20.6703,1
oma_e40,4,4,0,0,2,107,12.1102,1
oma_e40,4,4,0,0,2,108,17.7224,1
oma_e40,4,4,0,0,2,109,17.5403,1
oma_e40,4,4,0,0,2,110,16.8494,1
oma_e40,4,4,0,0,2,111,16.5953,1
oma_e40,4,4,0,0,2,112,15.1060,1
oma_e40,4,4,0,0,2,113,19.1101,1
oma_e40,4,4,0,0,2,114,20.7247,1
oma_e40,4,4,0,0,2,115,19.1506,1
oma_e40,4,4,0,0,2,116,16.1211,1
oma_e40,4,4,0,0,2,117,15.7929,1
oma_e40,4,4,0,0,2,118,18.7283,1
oma_e40,4,4,0,0,2,119,19.3733,1
oma_e40,4,4,0,0,2,120,17.2367,1
oma_e40,4,4,0,0,2,121,18.8638,1
oma_e40,4,4,0,0,2,122,18.7416,1
oma_e40,4,4,0,0,2,123,23.2139,1
oma_e40,4,4,0,0,2,124,20.9449,1
oma_e40,4,4,0,0,3,100,17.6689,1
oma_e40,4,4,0,0,3,101,17.8337,1
oma_e40,4,4,0,0,3,102,17.7185,1
oma_e40,4,4,0,0,3,103,15.7327,1
oma_e40,4,4,0,0,3,104,22.6983,1
oma_e40,4,4,0,0,3,105,16.3923,1
oma_e40,4,4,0,0,3,106,20.3335,0
oma_e40,4,4,0,0,3,107,11.6425,1
oma_e40,4,4,0,0,3,108,16.6721,0
oma_e40,4,4,0,0,3,109,15.0046,1
oma_e40,4,4,0,0,3,110,17.2869,1
oma_e40,4,4,0,0,3,111,16.8687,1
oma_e40,4,4,0,0,3,112,15.6268,1
oma_e40,4,4,0,0,3,113,17.4601,1
oma_e40,4,4,0,0,3,114,17.7362,1
oma_e40,4,4,0,0,3,115,18.6547,0
oma_e40,4,4,0,0,3,116,18.8931,1
oma_e40,4,4,0,0,3,117,16.2775,1
oma_e40,4,4,0,0,3,118,20.0176,1
oma_e40,4,4,0,0,3,119,17.4691,1
oma_e40,4,4,0,0,3,120,16.9560,1
oma_e40,4,4,0,0,3,121,19.0287,1
oma_e40,4,4,0,0,3,122,23.2140,1
oma_e40,4,4,0,0,3,123,19.9985,1
oma_e40,4,4,0,0,3,124,18.4974,0
oma_e40,4,4,0,0,0,125,15.7111,1
oma_e40,4,4,0,0,0,126,12.8407,1
oma_e40,4,4,0,0,0,127,19.8283,1
oma_e40,4,4,0,0,0,128,14.7803,1
oma_e40,4,4,0,0,0,129,16.4960,1
oma_e40,4,4,0,0,0,130,19.4343,0
oma_e40,4,4,0,0,0,131,17.9874,1
oma_e40,4,4,0,0,0,132,18.3940,1
oma_e40,4,4,0,0,0,133,15.9918,1
oma_e40,4,4,0,0,0,134,21.2356,1
oma_e40,4,4,0,0,0,135,17.6536,1
oma_e40,4,4,0,0,0,136,12.8379,1
oma_e40,4,4,0,0,0,137,17.6804,1
oma_e40,4,4,0,0,0,138,20.0259,0
oma_e40,4,4,0,0,0,139,22.1537,0
oma_e40,4,4,0,0,0,140,14.0713,0
oma_e40,4,4,0,0,0,141,19.2588,1
oma_e40,4,4,0,0,0,142,20.2193,1
oma_e40,4,4,0,0,0,143,22.4937,0
oma_e40,4,4,0,0,0,144,13.7542,1
oma_e40,4,4,0,0,0,145,17.2858,0
oma_e40,4,4,0,0,0,146,23.6586,0
oma_e40,4,4,0,0,0,147,15.9137,1
oma_e40,4,4,0,0,0,148,18.3960,1
oma_e40,4,4,0,0,0,149,15.1527,1
oma_e40,4,4,0,0,1,125,16.7612,1
oma_e40,4,4,0,0,1,126,13.4022,1
oma_e40,4,4,0,0,1,127,20.4811,0
oma_e40,4,4,0,0,1,128,14.9993,1
oma_e40,4,4,0,0,1,129,17.9778,1
oma_e40,4,4,0,0,1,130,14.5560,1
oma_e40,4,4,0,0,1,131,18.7581,1
oma_e40,4,4,0,0,1,132,17.6363,0
oma_e40,4,4,0,0,1,133,17.0750,1
oma_e40,4,4,0,0,1,134,20.0104,1
oma_e40,4,4,0,0,1,135,18.8137,0
oma_e40,4,4,0,0,1,136,13.0600,0
oma_e40,4,4,0,0,1,137,17.3531,1
oma_e40,4,4,0,0,1,138,19.7823,0
oma_e40,4,4,0,0,1,139,21.1654,0
oma_e40,4,4,0,0,1,140,15.3096,1
oma_e40,4,4,0,0,1,141,18.9645,0
oma_e40,4,4,0,0,1,142,16.9655,0
oma_e40,4,4,0,0,1,143,19.2817,1
oma_e40,4,4,0,0,1,144,15.1537,1
oma_e40,4,4,0,0,1,145,17.4353,0
oma_e40,4,4,0,0,1,146,24.0103,0
oma_e40,4,4,0,0,1,147,16.1707,0
oma_e40,4,4,0,0,1,148,17.5830,0
oma_e40,4,4,0,0,1,149,13.3719,1
oma_e40,4,4,0,0,2,125,17.7270,1
oma_e40,4,4,0,0,2,126,10.7273,1
oma_e40,4,4,0,0,2,127,18.9893,1
oma_e40,4,4,0,0,2,128,15.7074,1
oma_e40,4,4,0,0,2,129,17.4695,0
oma_e40,4,4,0,0,2,130,17.0216,1
oma_e40,4,4,0,0,2,131,23.2823,0
oma_e40,4,4,0,0,2,132,19.5211,1
oma_e40,4,4,0,0,2,133,14.6448,1
oma_e40,4,4,0,0,2,134,18.9339,1
oma_e40,4,4,0,0,2,135,19.4496,1
oma_e40,4,4,0,0,2,136,11.1239,1
oma_e40,4,4,0,0,2,137,17.4884,1
oma_e40,4,4,0,0,2,138,21.5534,1
oma_e40,4,4,0,0,2,139,21.6399,1
oma_e40,4,4,0,0,2,140,16.7247,1
oma_e40,4,4,0,0,2,141,21.7278,0
oma_e40,4,4,0,0,2,142,17.3069,1
oma_e40,4,4,0,0,2,143,21.8636,0
oma_e40,4,4,0,0,2,144,13.2175,1
oma_e40,4,4,0,0,2,145,13.8747,1
oma_e40,4,4,0,0,2,146,20.3876,0
oma_e40,4,4,0,0,2,147,15.1962,1
oma_e40,4,4,0,0,2,148,18.8944,1
oma_e40,4,4,0,0,2,149,11.8188,1
oma_e40,4,4,0,0,3,125,18.8300,1
oma_e40,4,4,0,0,3,126,13.5763,1
oma_e40,4,4,0,0,3,127,19.9362,0
oma_e40,4,4,0,0,3,128,16.1647,1
oma_e40,4,4,0,0,3,129,17.6755,1
oma_e40,4,4,0,0,3,130,18.1460,1
oma_e40,4,4,0,0,3,131,21.7522,1
oma_e40,4,4,0,0,3,132,18.8048,1
oma_e40,4,4,0,0,3,133,13.9988,1
oma_e40,4,4,0,0,3,134,18.4806,0
oma_e40,4,4,0,0,3,135,18.0717,1
oma_e40,4,4,0,0,3,136,11.9763,1
oma_e40,4,4,0,0,3,137,16.5675,1
oma_e40,4,4,0,0,3,138,19.2915,0
oma_e40,4,4,0,0,3,139,20.8903,0
oma_e40,4,4,0,0,3,140,12.8541,1
oma_e40,4,4,0,0,3,141,22.2862,0
oma_e40,4,4,0,0,3,142,17.0441,1
oma_e40,4,4,0,0,3,143,23.8848,0
oma_e40,4,4,0,0,3,144,15.9712,1
oma_e40,4,4,0,0,3,145,16.0749,0
oma_e40,4,4,0,0,3,146,18.1810,1
oma_e40,4,4,0,0,3,147,15.1480,1
oma_e40,4,4,0,0,3,148,18.2757,1
oma_e40,4,4,0,0,3,149,12.4742,0
oma_e40,4,4,0,0,0,150,17.0898,1
oma_e40,4,4,0,0,0,151,19.3467,1
oma_e40,4,4,0,0,0,152,18.4645,0
oma_e40,4,4,0,0,0,153,21.7341,0
oma_e40,4,4,0,0,0,154,16.7738,0
oma_e40,4,4,0,0,0,155,16.3897,1
oma_e40,4,4,0,0,0,156,13.5348,0
oma_e40,4,4,0,0,0,157,19.7680,1
oma_e40,4,4,0,0,0,158,21.9591,1
oma_e40,4,4,0,0,0,159,13.0847,0
oma_e40,4,4,0,0,0,160,20.6524,0
oma_e40,4,4,0,0,0,161,21.1479,1
oma_e40,4,4,0,0,0,162,19.7659,0
oma_e40,4,4,0,0,0,163,22.0553,1
oma_e40,4,4,0,0,0,164,13.3676,1
oma_e40,4,4,0,0,0,165,15.2745,1
oma_e40,4,4,0,0,0,166,18.8421,1
oma_e40,4,4,0,0,0,167,12.8678,1
oma_e40,4,4,0,0,0,168,18.2861,1
oma_e40,4,4,0,0,0,169,21.4904,0
oma_e40,4,4,0,0,0,170,15.1809,1
oma_e40,4,4,0,0,0,171,21.7678,1
oma_e40,4,4,0,0,0,172,19.6222,1
oma_e40,4,4,0,0,0,173,22.3612,1
oma_e40,4,4,0,0,0,174,12.3031,1
oma_e40,4,4,0,0,1,150,17.5827,1
oma_e40,4,4,0,0,1,151,22.7411,0
oma_e40,4,4,0,0,1,152,18.2294,0
oma_e40,4,4,0,0,1,153,25.3451,0
oma_e40,4,4,0,0,1,154,17.5936,1
oma_e40,4,4,0,0,1,155,17.0100,1
oma_e40,4,4,0,0,1,156,13.4703,1
oma_e40,4,4,0,0,1,157,17.8119,1
oma_e40,4,4,0,0,1,158,17.8048,1
oma_e40,4,4,0,0,1,159,16.1740,1
oma_e40,4,4,0,0,1,160,21.5572,0
oma_e40,4,4,0,0,1,161,21.4308,1
oma_e40,4,4,0,0,1,162,20.0468,1
oma_e40,4,4,0,0,1,163,18.6063,1
oma_e40,4,4,0,0,1,164,12.4916,0
oma_e40,4,4,0,0,1,165,14.1959,1
oma_e40,4,4,0,0,1,166,20.1600,0
oma_e40,4,4,0,0,1,167,13.4630,1
oma_e40,4,4,0,0,1,168,19.0111,1
oma_e40,4,4,0,0,1,169,20.0290,1
oma_e40,4,4,0,0,1,170,15.6775,1
oma_e40,4,4,0,0,1,171,19.9094,0
oma_e40,4,4,0,0,1,172,21.3856,1
oma_e40,4,4,0,0,1,173,19.6975,0
oma_e40,4,4,0,0,1,174,16.0423,1
oma_e40,4,4,0,0,2,150,20.9532,0
oma_e40,4,4,0,0,2,151,16.0746,1
oma_e40,4,4,0,0,2,152,22.1097,1
oma_e40,4,4,0,0,2,153,23.3335,0
oma_e40,4,4,0,0,2,154,26.1984,0
oma_e40,4,4,0,0,2,155,16.0045,0
oma_e40,4,4,0,0,2,156,14.7448,1
oma_e40,4,4,0,0,2,157,18.4835,1
oma_e40,4,4,0,0,2,158,22.3834,1
oma_e40,4,4,0,0,2,159,12.3829,1
oma_e40,4,4,0,0,2,160,20.1839,0
oma_e40,4,4,0,0,2,161,19.7864,1
oma_e40,4,4,0,0,2,162,17.3298,1
oma_e40,4,4,0,0,2,163,23.0049,1
oma_e40,4,4,0,0,2,164,13.0307,0
oma_e40,4,4,0,0,2,165,18.6688,1
oma_e40,4,4,0,0,2,166,15.7562,0
oma_e40,4,4,0,0,2,167,14.1469,1
oma_e40,4,4,0,0,2,168,17.8244,0
oma_e40,4,4,0,0,2,169,19.0810,1
oma_e40,4,4,0,0,2,170,16.9275,1
oma_e40,4,4,0,0,2,171,23.1247,0
oma_e40,4,4,0,0,2,172,21.6613,0
oma_e40,4,4,0,0,2,173,17.9135,1
oma_e40,4,4,0,0,2,174,12.5729,1
oma_e40,4,4,0,0,3,150,18.0260,1
oma_e40,4,4,0,0,3,151,18.9140,1
oma_e40,4,4,0,0,3,152,21.0553,0
oma_e40,4,4,0,0,3,153,20.6649,1
oma_e40,4,4,0,0,3,154,25.3303,0
oma_e40,4,4,0,0,3,155,17.8326,1
oma_e40,4,4,0,0,3,156,12.8667,1
oma_e40,4,4,0,0,3,157,26.1620,0
oma_e40,4,4,0,0,3,158,17.6521,1
oma_e40,4,4,0,0,3,159,14.7299,0
oma_e40,4,4,0,0,3,160,24.7317,0
oma_e40,4,4,0,0,3,161,17.6373,1
oma_e40,4,4,0,0,3,162,16.7583,1
oma_e40,4,4,0,0,3,163,21.1942,0
oma_e40,4,4,0,0,3,164,14.9369,1
oma_e40,4,4,0,0,3,165,16.6072,1
oma_e40,4,4,0,0,3,166,18.9493,1
oma_e40,4,4,0,0,3,167,16.3900,1
oma_e40,4,4,0,0,3,168,17.6557,1
oma_e40,4,4,0,0,3,169,21.1911,0
oma_e40,4,4,0,0,3,170,15.5445,1
oma_e40,4,4,0,0,3,171,21.0519,0
oma_e40,4,4,0,0,3,172,20.2780,1
oma_e40,4,4,0,0,3,173,19.2209,1
oma_e40,4,4,0,0,3,174,15.8119,1
oma_e40,4,4,0,0,0,175,21.4418,0
oma_e40,4,4,0,0,0,176,22.8220,1
oma_e40,4,4,0,0,0,177,20.3418,0
oma_e40,4,4,0,0,0,178,19.9938,0
oma_e40,4,4,0,0,0,179,16.6460,1
oma_e40,4,4,0,0,0,180,20.0998,0
oma_e40,4,4,0,0,0,181,19.2175,1
oma_e40,4,4,0,0,0,182,8.4191,1
oma_e40,4,4,0,0,0,183,19.7129,0
oma_e40,4,4,0,0,0,184,15.4420,1
oma_e40,4,4,0,0,0,185,20.4133,0
oma_e40,4,4,0,0,0,186,18.2842,1
oma_e40,4,4,0,0,0,187,18.5329,1
oma_e40,4,4,0,0,0,188,17.5661,0
oma_e40,4,4,0,0,0,189,20.4861,1
oma_e40,4,4,0,0,0,190,19.1111,1
oma_e40,4,4,0,0,0,191,20.0185,1
oma_e40,4,4,0,0,0,192,18.2256,1
oma_e40,4,4,0,0,0,193,19.2432,1
oma_e40,4,4,0,0,0,194,18.1662,1
oma_e40,4,4,0,0,0,195,16.5425,0
oma_e40,4,4,0,0,0,196,20.5613,0
oma_e40,4,4,0,0,0,197,20.9470,0
oma_e40,4,4,0,0,0,198,16.8573,1
oma_e40,4,4,0,0,0,199,22.9886,1
oma_e40,4,4,0,0,1,175,19.4985,0
oma_e40,4,4,0,0,1,176,19.9263,0
oma_e40,4,4,0,0,1,177,20.1251,0
oma_e40,4,4,0,0,1,178,20.2087,0
oma_e40,4,4,0,0,1,179,15.6426,1
oma_e40,4,4,0,0,1,180,19.5607,0
oma_e40,4,4,0,0,1,181,16.8254,1
oma_e40,4,4,0,0,1,182,11.4301,1
oma_e40,4,4,0,0,1,183,18.2188,1
oma_e40,4,4,0,0,1,184,16.3733,1
oma_e40,4,4,0,0,1,185,17.7599,1
oma_e40,4,4,0,0,1,186,17.1973,1
oma_e40,4,4,0,0,1,187,18.5316,1
oma_e40,4,4,0,0,1,188,19.8007,1
oma_e40,4,4,0,0,1,189,17.6369,1
oma_e40,4,4,0,0,1,190,19.1672,1
oma_e40,4,4,0,0,1,191,17.9030,1
oma_e40,4,4,0,0,1,192,16.2146,1
oma_e40,4,4,0,0,1,193,17.8456,1
oma_e40,4,4,0,0,1,194,19.4730,1
oma_e40,4,4,0,0,1,195,15.4430,0
oma_e40,4,4,0,0,1,196,18.3317,0
oma_e40,4,4,0,0,1,197,18.5241,1
oma_e40,4,4,0,0,1,198,16.9947,1
oma_e40,4,4,0,0,1,199,17.8167,1
oma_e40,4,4,0,0,2,175,17.0121,1
oma_e40,4,4,0,0,2,176,21.6658,1
oma_e40,4,4,0,0,2,177,21.5723,0
oma_e40,4,4,0,0,2,178,16.9286,1
oma_e40,4,4,0,0,2,179,16.9815,1
oma_e40,4,4,0,0,2,180,18.1835,1
oma_e40,4,4,0,0,2,181,18.0492,1
oma_e40,4,4,0,0,2,182,13.4432,1
oma_e40,4,4,0,0,2,183,21.0165,0
oma_e40,4,4,0,0,2,184,14.5192,0
oma_e40,4,4,0,0,2,185,22.4695,0
oma_e40,4,4,0,0,2,186,16.8925,0
oma_e40,4,4,0,0,2,187,17.8728,1
oma_e40,4,4,0,0,2,188,20.9083,1
oma_e40,4,4,0,0,2,189,19.0996,0
oma_e40,4,4,0,0,2,190,18.7055,1
oma_e40,4,4,0,0,2,191,19.6171,1
oma_e40,4,4,0,0,2,192,17.4660,1
oma_e40,4,4,0,0,2,193,17.8667,1
oma_e40,4,4,0,0,2,194,19.5147,1
oma_e40,4,4,0,0,2,195,20.1078,1
oma_e40,4,4,0,0,2,196,17.7933,1
oma_e40,4,4,0,0,2,197,19.8944,1
oma_e40,4,4,0,0,2,198,17.8422,1
oma_e40,4,4,0,0,2,199,20.3813,1
oma_e40,4,4,0,0,3,175,19.7557,1
oma_e40,4,4,0,0,3,176,18.7329,1
oma_e40,4,4,0,0,3,177,20.4562,0
oma_e40,4,4,0,0,3,178,20.0376,1
oma_e40,4,4,0,0,3,179,12.6249,1
oma_e40,4,4,0,0,3,180,17.9491,1
oma_e40,4,4,0,0,3,181,18.7080,1
oma_e40,4,4,0,0,3,182,11.2032,1
oma_e40,4,4,0,0,3,183,14.2056,1
oma_e40,4,4,0,0,3,184,16.4331,0
oma_e40,4,4,0,0,3,185,23.2060,1
oma_e40,4,4,0,0,3,186,19.7574,0
oma_e40,4,4,0,0,3,187,17.5072,0
oma_e40,4,4,0,0,3,188,19.6447,0
oma_e40,4,4,0,0,3,189,19.3245,1
oma_e40,4,4,0,0,3,190,18.0961,1
oma_e40,4,4,0,0,3,191,19.7649,1
oma_e40,4,4,0,0,3,192,15.6328,1
oma_e40,4,4,0,0,3,193,16.6164,1
oma_e40,4,4,0,0,3,194,20.3302,0
oma_e40,4,4,0,0,3,195,18.2156,0
oma_e40,4,4,0,0,3,196,19.9994,1
oma_e40,4,4,0,0,3,197,16.4314,1
oma_e40,4,4,0,0,3,198,17.1301,0
oma_e40,4,4,0,0,3,199,21.7910,0
oma_e40,4,4,0,1,0,0,17.7775,1
oma_e40,4,4,0,1,0,1,21.3945,0
oma_e40,4,4,0,1,0,2,19.3173,1
oma_e40,4,4,0,1,0,3,12.1761,1
oma_e40,4,4,0,1,0,4,16.8117,0
oma_e40,4,4,0,1,0,5,17.4997,0
oma_e40,4,4,0,1,0,6,18.1597,1
oma_e40,4,4,0,1,0,7,17.3044,1
oma_e40,4,4,0,1,0,8,19.6038,1
oma_e40,4,4,0,1,0,9,18.5066,0
oma_e40,4,4,0,1,0,10,19.7775,1
oma_e40,4,4,0,1,0,11,17.9331,0
oma_e40,4,4,0,1,0,12,22.0299,0
oma_e40,4,4,0,1,0,13,18.6303,0
oma_e40,4,4,0,1,0,14,19.1999,1
oma_e40,4,4,0,1,0,15,18.9321,1
oma_e40,4,4,0,1,0,16,15.9933,1
oma_e40,4,4,0,1,0,17,20.1525,1
oma_e40,4,4,0,1,0,18,18.7113,1
oma_e40,4,4,0,1,0,19,16.3903,1
oma_e40,4,4,0,1,0,20,15.8235,1
oma_e40,4,4,0,1,0,21,15.0563,1
oma_e40,4,4,0,1,0,22,17.4733,1
oma_e40,4,4,0,1,0,23,22.6881,0
oma_e40,4,4,0,1,0,24,18.2351,1
oma_e40,4,4,0,1,1,0,20.8510,1
oma_e40,4,4,0,1,1,1,18.7055,1
oma_e40,4,4,0,1,1,2,21.2196,0
oma_e40,4,4,0,1,1,3,13.4390,1
oma_e40,4,4,0,1,1,4,18.6909,0
oma_e40,4,4,0,1,1,5,15.2252,1
oma_e40,4,4,0,1,1,6,16.9075,0
oma_e40,4,4,0,1,1,7,19.6851,1
oma_e40,4,4,0,1,1,8,20.5025,0
oma_e40,4,4,0,1,1,9,16.3946,1
oma_e40,4,4,0,1,1,10,16.9849,1
oma_e40,4,4,0,1,1,11,21.5248,1
oma_e40,4,4,0,1,1,12,22.8065,0
oma_e40,4,4,0,1,1,13,20.7873,1
oma_e40,4,4,0,1,1,14,20.5218,1
oma_e40,4,4,0,1,1,15,18.7720,0
oma_e40,4,4,0,1,1,16,14.1860,1
oma_e40,4,4,0,1,1,17,20.3954,1
oma_e40,4,4,0,1,1,18,18.6137,1
oma_e40,4,4,0,1,1,19,16.7781,1
oma_e40,4,4,0,1,1,20,16.7864,0
oma_e40,4,4,0,1,1,21,17.0544,1
oma_e40,4,4,0,1,1,22,14.8128,1
oma_e40,4,4,0,1,1,23,19.1949,0
oma_e40,4,4,0,1,1,24,17.8989,0
oma_e40,4,4,0,1,2,0,17.6550,1
oma_e40,4,4,0,1,2,1,19.6874,0
oma_e40,4,4,0,1,2,2,20.0990,1
oma_e40,4,4,0,1,2,3,13.7944,1
oma_e40,4,4,0,1,2,4,21.6029,0
oma_e40,4,4,0,1,2,5,16.5610,1
oma_e40,4,4,0,1,2,6,16.0933,1
oma_e40,4,4,0,1,2,7,19.6706,0
oma_e40,4,4,0,1,2,8,16.6292,1
oma_e40,4,4,0,1,2,9,18.7896,1
oma_e40,4,4,0,1,2,10,19.4546,1
oma_e40,4,4,0,1,2,11,23.9750,1
oma_e40,4,4,0,1,2,12,21.4201,0
oma_e40,4,4,0,1,2,13,19.4614,0
oma_e40,4,4,0,1,2,14,20.3690,1
oma_e40,4,4,0,1,2,15,21.4945,1
oma_e40,4,4,0,1,2,16,13.4209,1
oma_e40,4,4,0,1,2,17,19.6123,1
oma_e40,4,4,0,1,2,18,16.6972,1
oma_e40,4,4,0,1,2,19,15.8889,1
oma_e40,4,4,0,1,2,20,14.1644,1
oma_e40,4,4,0,1,2,21,17.5111,0
oma_e40,4,4,0,1,2,22,16.6921,1
oma_e40,4,4,0,1,2,23,24.7989,0
oma_e40,4,4,0,1,2,24,21.8729,0
oma_e40,4,4,0,1,3,0,18.5402,1
oma_e40,4,4,0,1,3,1,18.0618,1
oma_e40,4,4,0,1,3,2,19.2792,0
oma_e40,4,4,0,1,3,3,13.7720,1
oma_e40,4,4,0,1,3,4,18.7379,0
oma_e40,4,4,0,1,3,5,15.3984,1
oma_e40,4,4,0,1,3,6,15.5644,0
oma_e40,4,4,0,1,3,7,20.0075,1
oma_e40,4,4,0,1,3,8,21.1354,0
oma_e40,4,4,0,1,3,9,20.8315,0
oma_e40,4,4,0,1,3,10,20.6581,1
oma_e40,4,4,0,1,3,11,20.6166,1
oma_e40,4,4,0,1,3,12,19.5128,0
oma_e40,4,4,0,1,3,13,18.7111,1
oma_e40,4,4,0,1,3,14,17.5862,0
oma_e40,4,4,0,1,3,15,17.5214,1
oma_e40,4,4,0,1,3,16,15.5746,1
oma_e40,4,4,0,1,3,17,20.3048,1
oma_e40,4,4,0,1,3,18,21.7074,0
oma_e40,4,4,0,1,3,19,13.7136,1
oma_e40,4,4,0,1,3,20,18.8999,1
oma_e40,4,4,0,1,3,21,20.8931,1
oma_e40,4,4,0,1,3,22,17.5842,1
oma_e40,4,4,0,1,3,23,22.8462,0
oma_e40,4,4,0,1,3,24,20.8482,1
oma_e40,4,4,0,1,0,25,17.3980,1
oma_e40,4,4,0,1,0,26,22.9182,0
oma_e40,4,4,0,1,0,27,17.3453,1
oma_e40,4,4,0,1,0,28,16.8413,1
oma_e40,4,4,0,1,0,29,15.9186,1
oma_e40,4,4,0,1,0,30,16.6772,1
oma_e40,4,4,0,1,0,31,19.8784,0
oma_e40,4,4,0,1,0,32,17.9382,1
oma_e40,4,4,0,1,0,33,21.8600,0
oma_e40,4,4,0,1,0,34,19.9347,0
oma_e40,4,4,0,1,0,35,18.6462,1
oma_e40,4,4,0,1,0,36,18.4494,1
oma_e40,4,4,0,1,0,37,22.9545,0
oma_e40,4,4,0,1,0,38,19.8643,1
oma_e40,4,4,0,1,0,39,20.4689,0
oma_e40,4,4,0,1,0,40,18.4081,1
oma_e40,4,4,0,1,0,41,20.5571,1
oma_e40,4,4,0,1,0,42,23.5862,0
oma_e40,4,4,0,1,0,43,14.0212,0
oma_e40,4,4,0,1,0,44,12.1330,1
oma_e40,4,4,0,1,0,45,18.6415,1
oma_e40,4,4,0,1,0,46,16.0469,1
oma_e40,4,4,0,1,0,47,13.9521,1
oma_e40,4,4,0,1,0,48,20.0192,1
oma_e40,4,4,0,1,0,49,15.7109,1
oma_e40,4,4,0,1,1,25,20.3707,1
oma_e40,4,4,0,1,1,26,20.9654,0
oma_e40,4,4,0,1,1,27,15.0388,1
oma_e40,4,4,0,1,1,28,15.2589,1
oma_e40,4,4,0,1,1,29,17.7789,1
oma_e40,4,4,0,1,1,30,17.7226,0
oma_e40,4,4,0,1,1,31,19.1403,1
oma_e40,4,4,0,1,1,32,19.9704,1
oma_e40,4,4,0,1,1,33,24.7641,0
oma_e40,4,4,0,1,1,34,20.0168,1
oma_e40,4,4,0,1,1,35,19.1434,1
oma_e40,4,4,0,1,1,36,20.3499,1
oma_e40,4,4,0,1,1,37,18.9023,0
oma_e40,4,4,0,1,1,38,17.6264,1
oma_e40,4,4,0,1,1,39,18.3869,1
oma_e40,4,4,0,1,1,40,17.9685,0
oma_e40,4,4,0,1,1,41,23.9685,1
oma_e40,4,4,0,1,1,42,30.2808,1
oma_e40,4,4,0,1,1,43,14.1284,1
oma_e40,4,4,0,1,1,44,11.3291,1
oma_e40,4,4,0,1,1,45,18.4080,1
oma_e40,4,4,0,1,1,46,16.7755,1
oma_e40,4,4,0,1,1,47,13.7988,1
oma_e40,4,4,0,1,1,48,21.4565,0
oma_e40,4,4,0,1,1,49,14.8039,1
oma_e40,4,4,0,1,2,25,20.2292,1
oma_e40,4,4,0,1,2,26,21.3680,0
oma_e40,4,4,0,1,2,27,18.5838,1
oma_e40,4,4,0,1,2,28,16.9630,1
oma_e40,4,4,0,1,2,29,16.2187,1
oma_e40,4,4,0,1,2,30,13.5597,1
oma_e40,4,4,0,1,2,31,24.1844,0
oma_e40,4,4,0,1,2,32,15.6287,1
oma_e40,4,4,0,1,2,33,20.0640,1
oma_e40,4,4,0,1,2,34,21.6057,0
oma_e40,4,4,0,1,2,35,19.5076,1
oma_e40,4,4,0,1,2,36,17.9432,1
oma_e40,4,4,0,1,2,37,16.7931,1
oma_e40,4,4,0,1,2,38,18.2165,1
oma_e40,4,4,0,1,2,39,18.1867,1
oma_e40,4,4,0,1,2,40,17.6146,1
oma_e40,4,4,0,1,2,41,21.1364,1
oma_e40,4,4,0,1,2,42,20.2781,1
oma_e40,4,4,0,1,2,43,14.7929,1
oma_e40,4,4,0,1,2,44,11.1467,1
oma_e40,4,4,0,1,2,45,21.3800,0
oma_e40,4,4,0,1,2,46,16.4454,1
oma_e40,4,4,0,1,2,47,18.0024,1
oma_e40,4,4,0,1,2,48,23.2414,1
oma_e40,4,4,0,1,2,49,14.9445,1
oma_e40,4,4,0,1,3,25,22.2407,0
oma_e40,4,4,0,1,3,26,21.5456,0
oma_e40,4,4,0,1,3,27,14.8013,1
oma_e40,4,4,0,1,3,28,16.9268,1
oma_e40,4,4,0,1,3,29,17.6018,1
oma_e40,4,4,0,1,3,30,18.5340,1
oma_e40,4,4,0,1,3,31,19.0859,0
oma_e40,4,4,0,1,3,32,20.9577,1
oma_e40,4,4,0,1,3,33,26.8034,0
oma_e40,4,4,0,1,3,34,20.6735,1
oma_e40,4,4,0,1,3,35,19.6883,1
oma_e40,4,4,0,1,3,36,18.5913,1
oma_e40,4,4,0,1,3,37,18.7138,0
oma_e40,4,4,0,1,3,38,20.4640,1
oma_e40,4,4,0,1,3,39,20.4450,0
oma_e40,4,4,0,1,3,40,18.0967,1
oma_e40,4,4,0,1,3,41,19.9552,1
oma_e40,4,4,0,1,3,42,21.0137,0
oma_e40,4,4,0,1,3,43,14.3513,1
oma_e40,4,4,0,1,3,44,12.1479,0
oma_e40,4,4,0,1,3,45,21.7848,1
oma_e40,4,4,0,1,3,46,16.7399,1
oma_e40,4,4,0,1,3,47,15.2897,1
oma_e40,4,4,0,1,3,48,20.7408,1
oma_e40,4,4,0,1,3,49,14.6693,1
oma_e40,4,4,0,1,0,50,18.2876,1
oma_e40,4,4,0,1,0,51,20.3579,0
oma_e40,4,4,0,1,0,52,14.9577,1
oma_e40,4,4,0,1,0,53,19.6284,0
oma_e40,4,4,0,1,0,54,12.4203,1
oma_e40,4,4,0,1,0,55,13.3369,1
oma_e40,4,4,0,1,0,56,17.8383,0
oma_e40,4,4,0,1,0,57,14.8238,1
oma_e40,4,4,0,1,0,58,19.8663,1
oma_e40,4,4,0,1,0,59,22.1278,1
oma_e40,4,4,0,1,0,60,17.0218,1
oma_e40,4,4,0,1,0,61,19.4648,0
oma_e40,4,4,0,1,0,62,17.3392,1
oma_e40,4,4,0,1,0,63,20.2396,1
oma_e40,4,4,0,1,0,64,18.9355,1
oma_e40,4,4,0,1,0,65,17.5910,0
oma_e40,4,4,0,1,0,66,19.9053,0
oma_e40,4,4,0,1,0,67,18.5770,0
oma_e40,4,4,0,1,0,68,20.0637,1
oma_e40,4,4,0,1,0,69,16.9864,1
oma_e40,4,4,0,1,0,70,14.6107,1
oma_e40,4,4,0,1,0,71,13.6694,1
oma_e40,4,4,0,1,0,72,19.7237,0
oma_e40,4,4,0,1,0,73,19.5054,1
oma_e40,4,4,0,1,0,74,18.0919,1
oma_e40,4,4,0,1,1,50,18.1933,1
oma_e40,4,4,0,1,1,51,20.2749,1
oma_e40,4,4,0,1,1,52,16.5597,1
oma_e40,4,4,0,1,1,53,19.7380,1
oma_e40,4,4,0,1,1,54,10.1759,1
oma_e40,4,4,0,1,1,55,16.4908,1
oma_e40,4,4,0,1,1,56,21.7569,0
oma_e40,4,4,0,1,1,57,14.8280,1
oma_e40,4,4,0,1,1,58,21.2393,1
oma_e40,4,4,0,1,1,59,17.2125,0
oma_e40,4,4,0,1,1,60,16.0951,1
oma_e40,4,4,0,1,1,61,18.4268,0
oma_e40,4,4,0,1,1,62,18.5210,1
oma_e40,4,4,0,1,1,63,24.0149,1
oma_e40,4,4,0,1,1,64,16.7452,1
oma_e40,4,4,0,1,1,65,20.4025,1
oma_e40,4,4,0,1,1,66,20.9487,0
oma_e40,4,4,0,1,1,67,15.1399,1
oma_e40,4,4,0,1,1,68,18.7756,1
oma_e40,4,4,0,1,1,69,17.7197,1
oma_e40,4,4,0,1,1,70,14.3427,1
oma_e40,4,4,0,1,1,71,13.6100,0
oma_e40,4,4,0,1,1,72,19.1919,1
oma_e40,4,4,0,1,1,73,16.7534,1
oma_e40,4,4,0,1,1,74,16.5870,0
oma_e40,4,4,0,1,2,50,17.3609,0
oma_e40,4,4,0,1,2,51,20.4488,0
oma_e40,4,4,0,1,2,52,17.3238,1
oma_e40,4,4,0,1,2,53,18.2549,0
oma_e40,4,4,0,1,2,54,12.9799,1
oma_e40,4,4,0,1,2,55,19.4400,1
oma_e40,4,4,0,1,2,56,23.0552,0
oma_e40,4,4,0,1,2,57,15.3894,1
oma_e40,4,4,0,1,2,58,18.3179,1
oma_e40,4,4,0,1,2,59,19.1865,1
oma_e40,4,4,0,1,2,60,13.8016,1
oma_e40,4,4,0,1,2,61,19.0606,0
oma_e40,4,4,0,1,2,62,17.3765,1
oma_e40,4,4,0,1,2,63,19.3793,1
oma_e40,4,4,0,1,2,64,14.9768,1
oma_e40,4,4,0,1,2,65,20.7298,1
oma_e40,4,4,0,1,2,66,19.8369,0
oma_e40,4,4,0,1,2,67,17.1716,1
oma_e40,4,4,0,1,2,68,18.5960,1
oma_e40,4,4,0,1,2,69,17.3350,1
oma_e40,4,4,0,1,2,70,12.2703,1
oma_e40,4,4,0,1,2,71,11.1592,1
oma_e40,4,4,0,1,2,72,20.3957,1
oma_e40,4,4,0,1,2,73,16.8689,0
oma_e40,4,4,0,1,2,74,15.0384,1
oma_e40,4,4,0,1,3,50,16.9943,1
oma_e40,4,4,0,1,3,51,22.8034,0
oma_e40,4,4,0,1,3,52,16.9248,1
oma_e40,4,4,0,1,3,53,17.2817,1
oma_e40,4,4,0,1,3,54,12.9491,1
oma_e40,4,4,0,1,3,55,17.8759,1
oma_e40,4,4,0,1,3,56,25.0324,1
oma_e40,4,4,0,1,3,57,14.8495,1
oma_e40,4,4,0,1,3,58,19.4703,0
oma_e40,4,4,0,1,3,59,20.9716,0
oma_e40,4,4,0,1,3,60,17.2188,0
oma_e40,4,4,0,1,3,61,19.8514,1
oma_e40,4,4,0,1,3,62,17.6042,1
oma_e40,4,4,0,1,3,63,20.6381,1
oma_e40,4,4,0,1,3,64,17.0817,1
oma_e40,4,4,0,1,3,65,21.6719,0
oma_e40,4,4,0,1,3,66,20.8613,0
oma_e40,4,4,0,1,3,67,15.2475,1
oma_e40,4,4,0,1,3,68,22.4001,0
oma_e40,4,4,0,1,3,69,18.6763,1
oma_e40,4,4,0,1,3,70,17.1329,1
oma_e40,4,4,0,1,3,71,13.0294,1
oma_e40,4,4,0,1,3,72,19.4836,1
oma_e40,4,4,0,1,3,73,20.4157,0
oma_e40,4,4,0,1,3,74,16.7232,1
oma_e40,4,4,0,1,0,75,18.4973,0
oma_e40,4,4,0,1,0,76,23.3792,0
oma_e40,4,4,0,1,0,77,20.5043,0
oma_e40,4,4,0,1,0,78,21.0677,0
oma_e40,4,4,0,1,0,79,21.5498,1
oma_e40,4,4,0,1,0,80,20.4103,0
oma_e40,4,4,0,1,0,81,17.1632,1
oma_e40,4,4,0,1,0,82,18.0755,0
oma_e40,4,4,0,1,0,83,16.4958,1
oma_e40,4,4,0,1,0,84,12.8728,1
oma_e40,4,4,0,1,0,85,19.4731,0
oma_e40,4,4,0,1,0,86,18.3377,1
oma_e40,4,4,0,1,0,87,16.0016,1
oma_e40,4,4,0,1,0,88,12.2693,1
oma_e40,4,4,0,1,0,89,15.1413,1
oma_e40,4,4,0,1,0,90,17.9379,1
oma_e40,4,4,0,1,0,91,16.8786,1
oma_e40,4,4,0,1,0,92,18.7421,1
oma_e40,4,4,0,1,0,93,18.9705,1
oma_e40,4,4,0,1,0,94,16.1991,1
oma_e40,4,4,0,1,0,95,19.8650,0
oma_e40,4,4,0,1,0,96,23.4632,0
oma_e40,4,4,0,1,0,97,15.6003,1
oma_e40,4,4,0,1,0,98,19.0751,0
oma_e40,4,4,0,1,0,99,18.8462,0
oma_e40,4,4,0,1,1,75,19.1863,1
oma_e40,4,4,0,1,1,76,22.0546,0
oma_e40,4,4,0,1,1,77,24.1527,0
oma_e40,4,4,0,1,1,78,20.7094,1
oma_e40,4,4,0,1,1,79,18.7772,1
oma_e40,4,4,0,1,1,80,19.8149,1
oma_e40,4,4,0,1,1,81,20.7698,1
oma_e40,4,4,0,1,1,82,21.4982,0
oma_e40,4,4,0,1,1,83,18.5936,1
oma_e40,4,4,0,1,1,84,13.5989,1
oma_e40,4,4,0,1,1,85,23.1646,1
oma_e40,4,4,0,1,1,86,19.9286,0
oma_e40,4,4,0,1,1,87,18.5773,1
oma_e40,4,4,0,1,1,88,12.5734,1
oma_e40,4,4,0,1,1,89,16.0595,1
oma_e40,4,4,0,1,1,90,16.3837,0
oma_e40,4,4,0,1,1,91,16.5437,1
oma_e40,4,4,0,1,1,92,18.9725,1
oma_e40,4,4,0,1,1,93,18.7380,1
oma_e40,4,4,0,1,1,94,17.9215,1
oma_e40,4,4,0,1,1,95,19.2556,0
oma_e40,4,4,0,1,1,96,21.3273,0
oma_e40,4,4,0,1,1,97,18.3663,1
oma_e40,4,4,0,1,1,98,17.1977,1
oma_e40,4,4,0,1,1,99,18.0568,1
oma_e40,4,4,0,1,2,75,16.4518,1
oma_e40,4,4,0,1,2,76,22.0356,1
oma_e40,4,4,0,1,2,77,21.2619,0
oma_e40,4,4,0,1,2,78,21.9658,1
oma_e40,4,4,0,1,2,79,16.5953,1
oma_e40,4,4,0,1,2,80,22.3754,0
oma_e40,4,4,0,1,2,81,18.7618,1
oma_e40,4,4,0,1,2,82,17.2898,0
oma_e40,4,4,0,1,2,83,17.9941,1
oma_e40,4,4,0,1,2,84,14.3734,0
oma_e40,4,4,0,1,2,85,19.1998,1
oma_e40,4,4,0,1,2,86,19.1447,0
oma_e40,4,4,0,1,2,87,16.7692,0
oma_e40,4,4,0,1,2,88,11.4171,1
oma_e40,4,4,0,1,2,89,15.3688,1
oma_e40,4,4,0,1,2,90,18.9530,1
oma_e40,4,4,0,1,2,91,17.2723,1
oma_e40,4,4,0,1,2,92,17.8777,1
oma_e40,4,4,0,1,2,93,18.1196,1
oma_e40,4,4,0,1,2,94,15.6879,0
oma_e40,4,4,0,1,2,95,23.6735,0
oma_e40,4,4,0,1,2,96,20.9709,1
oma_e40,4,4,0,1,2,97,17.7924,1
oma_e40,4,4,0,1,2,98,19.6030,1
oma_e40,4,4,0,1,2,99,16.4234,1
oma_e40,4,4,0,1,3,75,22.6362,0
oma_e40,4,4,0,1,3,76,23.6219,0
oma_e40,4,4,0,1,3,77,22.4257,0
oma_e40,4,4,0,1,3,78,20.3843,1
oma_e40,4,4,0,1,3,79,18.7660,0
oma_e40,4,4,0,1,3,80,23.8488,0
oma_e40,4,4,0,1,3,81,18.1018,0
oma_e40,4,4,0,1,3,82,19.2715,0
oma_e40,4,4,0,1,3,83,19.7502,1
oma_e40,4,4,0,1,3,84,15.2511,1
oma_e40,4,4,0,1,3,85,19.5200,0
oma_e40,4,4,0,1,3,86,18.8048,1
oma_e40,4,4,0,1,3,87,14.0833,1
oma_e40,4,4,0,1,3,88,13.1774,1
oma_e40,4,4,0,1,3,89,17.6858,0
oma_e40,4,4,0,1,3,90,15.8976,1
oma_e40,4,4,0,1,3,91,17.3479,1
oma_e40,4,4,0,1,3,92,17.2234,1
oma_e40,4,4,0,1,3,93,18.4833,1
oma_e40,4,4,0,1,3,94,18.3289,1
oma_e40,4,4,0,1,3,95,18.1053,1
oma_e40,4,4,0,1,3,96,21.0813,1
oma_e40,4,4,0,1,3,97,17.5504,1
oma_e40,4,4,0,1,3,98,18.7462,1
oma_e40,4,4,0,1,3,99,21.2195,1
oma_e40,4,4,0,1,0,100,17.2079,1
oma_e40,4,4,0,1,0,101,22.6509,1
oma_e40,4,4,0,1,0,102,17.1936,1
oma_e40,4,4,0,1,0,103,14.8060,1
oma_e40,4,4,0,1,0,104,17.6613,1
oma_e40,4,4,0,1,0,105,21.6205,0
oma_e40,4,4,0,1,0,106,16.9336,1
oma_e40,4,4,0,1,0,107,19.4389,1
oma_e40,4,4,0,1,0,108,20.6957,0
oma_e40,4,4,0,1,0,109,18.6322,1
oma_e40,4,4,0,1,0,110,18.4775,0
oma_e40,4,4,0,1,0,111,11.0169,1
oma_e40,4,4,0,1,0,112,17.2387,1
oma_e40,4,4,0,1,0,113,17.9335,1
oma_e40,4,4,0,1,0,114,19.0039,0
oma_e40,4,4,0,1,0,115,18.7115,1
oma_e40,4,4,0,1,0,116,14.6009,1
oma_e40,4,4,0,1,0,117,14.5513,1
oma_e40,4,4,0,1,0,118,18.6295,1
oma_e40,4,4,0,1,0,119,21.5346,0
oma_e40,4,4,0,1,0,120,13.4621,1
oma_e40,4,4,0,1,0,121,15.4159,1
oma_e40,4,4,0,1,0,122,15.8316,0
oma_e40,4,4,0,1,0,123,17.3550,1
oma_e40,4,4,0,1,0,124,16.9866,1
oma_e40,4,4,0,1,1,100,20.1484,1
oma_e40,4,4,0,1,1,101,19.8942,1
oma_e40,4,4,0,1,1,102,16.6887,1
oma_e40,4,4,0,1,1,103,16.6744,1
oma_e40,4,4,0,1,1,104,16.4243,1
oma_e40,4,4,0,1,1,105,27.0694,1
oma_e40,4,4,0,1,1,106,15.9918,1
oma_e40,4,4,0,1,1,107,21.8547,0
oma_e40,4,4,0,1,1,108,18.8120,1
oma_e40,4,4,0,1,1,109,18.4215,0
oma_e40,4,4,0,1,1,110,19.0747,0
oma_e40,4,4,0,1,1,111,11.4924,1
oma_e40,4,4,0,1,1,112,18.7084,1
oma_e40,4,4,0,1,1,113,18.5219,0
oma_e40,4,4,0,1,1,114,17.7333,1
oma_e40,4,4,0,1,1,115,18.6918,1
oma_e40,4,4,0,1,1,116,14.1261,1
oma_e40,4,4,0,1,1,117,15.2279,1
oma_e40,4,4,0,1,1,118,18.3616,1
oma_e40,4,4,0,1,1,119,18.5906,0
oma_e40,4,4,0,1,1,120,15.1566,1
oma_e40,4,4,0,1,1,121,12.2222,1
oma_e40,4,4,0,1,1,122,16.5025,0
oma_e40,4,4,0,1,1,123,21.5283,0
oma_e40,4,4,0,1,1,124,18.8952,0
oma_e40,4,4,0,1,2,100,21.6248,1
oma_e40,4,4,0,1,2,101,21.8320,1
oma_e40,4,4,0,1,2,102,17.6093,1
oma_e40,4,4,0,1,2,103,14.1029,0
oma_e40,4,4,0,1,2,104,18.6697,1
oma_e40,4,4,0,1,2,105,19.5824,1
oma_e40,4,4,0,1,2,106,19.1517,1
oma_e40,4,4,0,1,2,107,17.1034,1
oma_e40,4,4,0,1,2,108,16.5838,1
oma_e40,4,4,0,1,2,109,18.9291,1
oma_e40,4,4,0,1,2,110,20.3516,1
oma_e40,4,4,0,1,2,111,12.5713,1
oma_e40,4,4,0,1,2,112,18.2141,1
oma_e40,4,4,0,1,2,113,18.8688,1
oma_e40,4,4,0,1,2,114,19.4362,1
oma_e40,4,4,0,1,2,115,17.8774,0
oma_e40,4,4,0,1,2,116,13.0577,1
oma_e40,4,4,0,1,2,117,15.1194,1
oma_e40,4,4,0,1,2,118,17.7579,1
oma_e40,4,4,0,1,2,119,20.9810,1
oma_e40,4,4,0,1,2,120,13.9804,1
oma_e40,4,4,0,1,2,121,13.8385,1
oma_e40,4,4,0,1,2,122,17.8465,1
oma_e40,4,4,0,1,2,123,23.7298,1
oma_e40,4,4,0,1,2,124,19.0050,1
oma_e40,4,4,0,1,3,100,20.9146,0
oma_e40,4,4,0,1,3,101,20.2920,1
oma_e40,4,4,0,1,3,102,16.7593,1
oma_e40,4,4,0,1,3,103,14.8773,1
oma_e40,4,4,0,1,3,104,19.0593,1
oma_e40,4,4,0,1,3,105,20.6433,0
oma_e40,4,4,0,1,3,106,18.0595,1
oma_e40,4,4,0,1,3,107,18.9182,1
oma_e40,4,4,0,1,3,108,15.8971,1
oma_e40,4,4,0,1,3,109,16.7838,1
oma_e40,4,4,0,1,3,110,20.5807,1
oma_e40,4,4,0,1,3,111,13.8487,1
oma_e40,4,4,0,1,3,112,18.0541,0
oma_e40,4,4,0,1,3,113,17.3611,1
oma_e40,4,4,0,1,3,114,16.5618,1
oma_e40,4,4,0,1,3,115,17.3067,1
oma_e40,4,4,0,1,3,116,16.0166,0
oma_e40,4,4,0,1,3,117,14.7824,1
oma_e40,4,4,0,1,3,118,18.5981,1
oma_e40,4,4,0,1,3,119,19.1586,0
oma_e40,4,4,0,1,3,120,13.2000,1
oma_e40,4,4,0,1,3,121,13.9202,1
oma_e40,4,4,0,1,3,122,22.5036,1
oma_e40,4,4,0,1,3,123,19.7909,0
oma_e40,4,4,0,1,3,124,17.6635,1
oma_e40,4,4,0,1,0,125,16.8335,1
oma_e40,4,4,0,1,0,126,16.8718,1
oma_e40,4,4,0,1,0,127,18.6356,1
oma_e40,4,4,0,1,0,128,19.7400,1
oma_e40,4,4,0,1,0,129,14.2955,1
oma_e40,4,4,0,1,0,130,20.9577,0
oma_e40,4,4,0,1,0,131,19.1378,1
oma_e40,4,4,0,1,0,132,19.7920,0
oma_e40,4,4,0,1,0,133,18.8551,1
oma_e40,4,4,0,1,0,134,19.4056,1
oma_e40,4,4,0,1,0,135,21.0724,0
oma_e40,4,4,0,1,0,136,17.2200,1
oma_e40,4,4,0,1,0,137,12.7428,1
oma_e40,4,4,0,1,0,138,18.1416,0
oma_e40,4,4,0,1,0,139,18.9581,1
oma_e40,4,4,0,1,0,140,17.6646,1
oma_e40,4,4,0,1,0,141,14.2203,1
oma_e40,4,4,0,1,0,142,23.2021,1
oma_e40,4,4,0,1,0,143,22.9583,0
oma_e40,4,4,0,1,0,144,17.3997,1
oma_e40,4,4,0,1,0,145,18.2075,0
oma_e40,4,4,0,1,0,146,17.8159,1
oma_e40,4,4,0,1,0,147,16.1400,1
oma_e40,4,4,0,1,0,148,19.1561,0
oma_e40,4,4,0,1,0,149,18.6932,1
oma_e40,4,4,0,1,1,125,18.7586,0
oma_e40,4,4,0,1,1,126,16.3103,0
oma_e40,4,4,0,1,1,127,19.3909,0
oma_e40,4,4,0,1,1,128,21.3328,1
oma_e40,4,4,0,1,1,129,14.4459,1
oma_e40,4,4,0,1,1,130,15.4081,1
oma_e40,4,4,0,1,1,131,20.8509,0
oma_e40,4,4,0,1,1,132,18.7982,0
oma_e40,4,4,0,1,1,133,18.9072,1
oma_e40,4,4,0,1,1,134,17.9785,1
oma_e40,4,4,0,1,1,135,21.9421,0
oma_e40,4,4,0,1,1,136,17.7016,1
oma_e40,4,4,0,1,1,137,13.7994,1
oma_e40,4,4,0,1,1,138,17.0631,1
oma_e40,4,4,0,1,1,139,17.4427,0
oma_e40,4,4,0,1,1,140,21.0137,1
oma_e40,4,4,0,1,1,141,14.9284,1
oma_e40,4,4,0,1,1,142,19.1189,0
oma_e40,4,4,0,1,1,143,18.9614,1
oma_e40,4,4,0,1,1,144,18.3785,1
oma_e40,4,4,0,1,1,145,16.7056,0
oma_e40,4,4,0,1,1,146,18.9262,1
oma_e40,4,4,0,1,1,147,17.1817,1
oma_e40,4,4,0,1,1,148,19.4634,0
oma_e40,4,4,0,1,1,149,17.0047,0
oma_e40,4,4,0,1,2,125,18.8750,0
oma_e40,4,4,0,1,2,126,15.6401,1
oma_e40,4,4,0,1,2,127,18.6567,1
oma_e40,4,4,0,1,2,128,19.6039,1
oma_e40,4,4,0,1,2,129,13.9526,1
oma_e40,4,4,0,1,2,130,17.7846,1
oma_e40,4,4,0,1,2,131,27.0394,0
oma_e40,4,4,0,1,2,132,21.6197,1
oma_e40,4,4,0,1,2,133,16.4563,1
oma_e40,4,4,0,1,2,134,17.1010,1
oma_e40,4,4,0,1,2,135,23.2966,0
oma_e40,4,4,0,1,2,136,16.3675,1
oma_e40,4,4,0,1,2,137,14.0029,1
oma_e40,4,4,0,1,2,138,18.9279,1
oma_e40,4,4,0,1,2,139,18.3849,1
oma_e40,4,4,0,1,2,140,21.4448,1
oma_e40,4,4,0,1,2,141,17.2802,1
oma_e40,4,4,0,1,2,142,20.2796,1
oma_e40,4,4,0,1,2,143,22.1181,1
oma_e40,4,4,0,1,2,144,15.7478,1
oma_e40,4,4,0,1,2,145,15.3540,1
oma_e40,4,4,0,1,2,146,14.9906,1
oma_e40,4,4,0,1,2,147,15.7106,1
oma_e40,4,4,0,1,2,148,20.2498,1
oma_e40,4,4,0,1,2,149,15.5704,1
oma_e40,4,4,0,1,3,125,19.1868,1
oma_e40,4,4,0,1,3,126,15.3472,1
oma_e40,4,4,0,1,3,127,19.1099,1
oma_e40,4,4,0,1,3,128,23.9156,0
oma_e40,4,4,0,1,3,129,14.5151,1
oma_e40,4,4,0,1,3,130,19.7670,1
oma_e40,4,4,0,1,3,131,24.7593,0
oma_e40,4,4,0,1,3,132,20.9886,0
oma_e40,4,4,0,1,3,133,16.3629,1
oma_e40,4,4,0,1,3,134,16.2136,1
oma_e40,4,4,0,1,3,135,20.9134,0
oma_e40,4,4,0,1,3,136,15.5912,1
oma_e40,4,4,0,1,3,137,13.5706,1
oma_e40,4,4,0,1,3,138,16.8249,1
oma_e40,4,4,0,1,3,139,16.9349,1
oma_e40,4,4,0,1,3,140,18.3832,1
oma_e40,4,4,0,1,3,141,16.5448,1
oma_e40,4,4,0,1,3,142,20.4636,1
oma_e40,4,4,0,1,3,143,23.8256,0
oma_e40,4,4,0,1,3,144,17.6876,1
oma_e40,4,4,0,1,3,145,15.3484,0
oma_e40,4,4,0,1,3,146,15.0934,1
oma_e40,4,4,0,1,3,147,15.1594,0
oma_e40,4,4,0,1,3,148,19.2682,1
oma_e40,4,4,0,1,3,149,16.0486,1
oma_e40,4,4,0,1,0,150,14.6758,1
oma_e40,4,4,0,1,0,151,18.6287,1
oma_e40,4,4,0,1,0,152,17.8155,0
oma_e40,4,4,0,1,0,153,18.1996,0
oma_e40,4,4,0,1,0,154,16.9412,0
oma_e40,4,4,0,1,0,155,23.1277,1
oma_e40,4,4,0,1,0,156,20.8903,0
oma_e40,4,4,0,1,0,157,18.3066,1
oma_e40,4,4,0,1,0,158,18.7719,1
oma_e40,4,4,0,1,0,159,13.2347,0
oma_e40,4,4,0,1,0,160,18.6647,0
oma_e40,4,4,0,1,0,161,22.9716,1
oma_e40,4,4,0,1,0,162,20.8925,0
oma_e40,4,4,0,1,0,163,16.9685,1
oma_e40,4,4,0,1,0,164,19.9905,0
oma_e40,4,4,0,1,0,165,17.5302,1
oma_e40,4,4,0,1,0,166,14.0896,1
oma_e40,4,4,0,1,0,167,19.7253,1
oma_e40,4,4,0,1,0,168,18.5898,1
oma_e40,4,4,0,1,0,169,19.7441,1
oma_e40,4,4,0,1,0,170,18.3809,1
oma_e40,4,4,0,1,0,171,14.6974,1
oma_e40,4,4,0,1,0,172,16.4394,1
oma_e40,4,4,0,1,0,173,20.3309,1
oma_e40,4,4,0,1,0,174,11.0706,1
oma_e40,4,4,0,1,1,150,13.5097,1
oma_e40,4,4,0,1,1,151,21.5600,0
oma_e40,4,4,0,1,1,152,16.7067,1
oma_e40,4,4,0,1,1,153,19.4396,1
oma_e40,4,4,0,1,1,154,17.6478,1
oma_e40,4,4,0,1,1,155,25.0155,1
oma_e40,4,4,0,1,1,156,19.7660,0
oma_e40,4,4,0,1,1,157,16.6438,1
oma_e40,4,4,0,1,1,158,15.1979,1
oma_e40,4,4,0,1,1,159,16.0752,1
oma_e40,4,4,0,1,1,160,19.5879,1
oma_e40,4,4,0,1,1,161,23.4547,0
oma_e40,4,4,0,1,1,162,21.7722,1
oma_e40,4,4,0,1,1,163,14.6869,1
oma_e40,4,4,0,1,1,164,20.2638,1
oma_e40,4,4,0,1,1,165,17.8059,1
oma_e40,4,4,0,1,1,166,16.3919,1
oma_e40,4,4,0,1,1,167,20.0492,1
oma_e40,4,4,0,1,1,168,18.2757,1
oma_e40,4,4,0,1,1,169,17.1926,1
oma_e40,4,4,0,1,1,170,20.7654,1
oma_e40,4,4,0,1,1,171,14.3827,1
oma_e40,4,4,0,1,1,172,18.1686,1
oma_e40,4,4,0,1,1,173,18.5961,1
oma_e40,4,4,0,1,1,174,13.6006,1
oma_e40,4,4,0,1,2,150,16.2615,0
oma_e40,4,4,0,1,2,151,15.4791,1
oma_e40,4,4,0,1,2,152,21.0103,0
oma_e40,4,4,0,1,2,153,19.8549,0
oma_e40,4,4,0,1,2,154,26.5594,0
oma_e40,4,4,0,1,2,155,23.2123,1
oma_e40,4,4,0,1,2,156,20.1963,1
oma_e40,4,4,0,1,2,157,17.2864,1
oma_e40,4,4,0,1,2,158,16.8659,1
oma_e40,4,4,0,1,2,159,13.5628,0
oma_e40,4,4,0,1,2,160,18.9386,0
oma_e40,4,4,0,1,2,161,21.1856,0
oma_e40,4,4,0,1,2,162,18.5405,0
oma_e40,4,4,0,1,2,163,17.3656,1
oma_e40,4,4,0,1,2,164,22.5761,0
oma_e40,4,4,0,1,2,165,20.4963,1
oma_e40,4,4,0,1,2,166,11.9679,1
oma_e40,4,4,0,1,2,167,21.7123,0
oma_e40,4,4,0,1,2,168,17.9372,1
oma_e40,4,4,0,1,2,169,16.3825,1
oma_e40,4,4,0,1,2,170,20.9902,0
oma_e40,4,4,0,1,2,171,15.4367,1
oma_e40,4,4,0,1,2,172,18.0948,1
oma_e40,4,4,0,1,2,173,16.2573,1
oma_e40,4,4,0,1,2,174,12.1228,1
oma_e40,4,4,0,1,3,150,12.3762,1
oma_e40,4,4,0,1,3,151,18.6729,1
oma_e40,4,4,0,1,3,152,20.0585,0
oma_e40,4,4,0,1,3,153,17.3675,1
oma_e40,4,4,0,1,3,154,25.0763,0
oma_e40,4,4,0,1,3,155,23.3630,1
oma_e40,4,4,0,1,3,156,18.3066,1
oma_e40,4,4,0,1,3,157,24.3934,0
oma_e40,4,4,0,1,3,158,15.2915,1
oma_e40,4,4,0,1,3,159,14.6732,1
oma_e40,4,4,0,1,3,160,21.5388,0
oma_e40,4,4,0,1,3,161,18.8422,0
oma_e40,4,4,0,1,3,162,17.9884,1
oma_e40,4,4,0,1,3,163,15.0827,1
oma_e40,4,4,0,1,3,164,21.9564,0
oma_e40,4,4,0,1,3,165,19.1583,1
oma_e40,4,4,0,1,3,166,13.8011,1
oma_e40,4,4,0,1,3,167,22.5750,0
oma_e40,4,4,0,1,3,168,17.5817,1
oma_e40,4,4,0,1,3,169,18.6058,0
oma_e40,4,4,0,1,3,170,20.6654,1
oma_e40,4,4,0,1,3,171,14.3624,1
oma_e40,4,4,0,1,3,172,17.5869,1
oma_e40,4,4,0,1,3,173,17.6282,1
oma_e40,4,4,0,1,3,174,13.6474,1
oma_e40,4,4,0,1,0,175,18.6354,1
oma_e40,4,4,0,1,0,176,25.0426,0
oma_e40,4,4,0,1,0,177,18.9872,1
oma_e40,4,4,0,1,0,178,20.5837,0
oma_e40,4,4,0,1,0,179,18.0782,1
oma_e40,4,4,0,1,0,180,18.5209,0
oma_e40,4,4,0,1,0,181,19.4044,1
oma_e40,4,4,0,1,0,182,20.5151,0
oma_e40,4,4,0,1,0,183,19.0322,0
oma_e40,4,4,0,1,0,184,20.0894,1
oma_e40,4,4,0,1,0,185,18.7480,0
oma_e40,4,4,0,1,0,186,16.4620,1
oma_e40,4,4,0,1,0,187,16.5302,0
oma_e40,4,4,0,1,0,188,18.2844,0
oma_e40,4,4,0,1,0,189,23.8743,0
oma_e40,4,4,0,1,0,190,18.5098,1
oma_e40,4,4,0,1,0,191,20.6528,0
oma_e40,4,4,0,1,0,192,19.5520,1
oma_e40,4,4,0,1,0,193,19.6717,1
oma_e40,4,4,0,1,0,194,15.9423,1
oma_e40,4,4,0,1,0,195,17.3541,1
oma_e40,4,4,0,1,0,196,16.0611,1
oma_e40,4,4,0,1,0,197,22.6254,1
oma_e40,4,4,0,1,0,198,21.9024,0
oma_e40,4,4,0,1,0,199,22.0890,0
oma_e40,4,4,0,1,1,175,15.9557,1
oma_e40,4,4,0,1,1,176,21.3760,0
oma_e40,4,4,0,1,1,177,17.3798,1
oma_e40,4,4,0,1,1,178,21.6245,1
oma_e40,4,4,0,1,1,179,19.0712,1
oma_e40,4,4,0,1,1,180,18.3100,0
oma_e40,4,4,0,1,1,181,16.4962,1
oma_e40,4,4,0,1,1,182,18.6183,0
oma_e40,4,4,0,1,1,183,17.3536,1
oma_e40,4,4,0,1,1,184,19.0331,1
oma_e40,4,4,0,1,1,185,15.7685,1
oma_e40,4,4,0,1,1,186,15.9760,1
oma_e40,4,4,0,1,1,187,14.1586,1
oma_e40,4,4,0,1,1,188,20.2690,0
oma_e40,4,4,0,1,1,189,20.4900,1
oma_e40,4,4,0,1,1,190,18.7603,1
oma_e40,4,4,0,1,1,191,18.7168,1
oma_e40,4,4,0,1,1,192,17.1683,1
oma_e40,4,4,0,1,1,193,17.4439,1
oma_e40,4,4,0,1,1,194,16.2780,1
oma_e40,4,4,0,1,1,195,15.0671,1
oma_e40,4,4,0,1,1,196,16.0727,1
oma_e40,4,4,0,1,1,197,20.8864,1
oma_e40,4,4,0,1,1,198,21.2326,0
oma_e40,4,4,0,1,1,199,17.1951,1
oma_e40,4,4,0,1,2,175,14.1912,1
oma_e40,4,4,0,1,2,176,23.3039,1
oma_e40,4,4,0,1,2,177,20.1653,0
oma_e40,4,4,0,1,2,178,17.8568,1
oma_e40,4,4,0,1,2,179,18.9813,1
oma_e40,4,4,0,1,2,180,16.7994,0
oma_e40,4,4,0,1,2,181,17.5108,1
oma_e40,4,4,0,1,2,182,18.7085,0
oma_e40,4,4,0,1,2,183,20.2159,0
oma_e40,4,4,0,1,2,184,17.5937,1
oma_e40,4,4,0,1,2,185,20.2335,1
oma_e40,4,4,0,1,2,186,16.1884,1
oma_e40,4,4,0,1,2,187,13.0062,1
oma_e40,4,4,0,1,2,188,21.5427,1
oma_e40,4,4,0,1,2,189,21.5791,0
oma_e40,4,4,0,1,2,190,19.0892,1
oma_e40,4,4,0,1,2,191,20.4503,1
oma_e40,4,4,0,1,2,192,19.1170,1
oma_e40,4,4,0,1,2,193,18.7123,0
oma_e40,4,4,0,1,2,194,16.4334,1
oma_e40,4,4,0,1,2,195,18.7071,1
oma_e40,4,4,0,1,2,196,15.4538,1
oma_e40,4,4,0,1,2,197,22.2887,1
oma_e40,4,4,0,1,2,198,22.2268,1
oma_e40,4,4,0,1,2,199,19.5129,1
oma_e40,4,4,0,1,3,175,16.2479,1
oma_e40,4,4,0,1,3,176,20.0934,0
oma_e40,4,4,0,1,3,177,18.0279,1
oma_e40,4,4,0,1,3,178,19.9830,1
oma_e40,4,4,0,1,3,179,14.9742,1
oma_e40,4,4,0,1,3,180,16.8439,1
oma_e40,4,4,0,1,3,181,17.8714,1
oma_e40,4,4,0,1,3,182,17.7914,1
oma_e40,4,4,0,1,3,183,13.7316,0
oma_e40,4,4,0,1,3,184,20.8724,0
oma_e40,4,4,0,1,3,185,20.2719,1
oma_e40,4,4,0,1,3,186,18.4399,1
oma_e40,4,4,0,1,3,187,13.9718,1
oma_e40,4,4,0,1,3,188,20.5107,0
oma_e40,4,4,0,1,3,189,21.2273,1
oma_e40,4,4,0,1,3,190,17.1896,1
oma_e40,4,4,0,1,3,191,20.0671,0
oma_e40,4,4,0,1,3,192,18.7880,1
oma_e40,4,4,0,1,3,193,17.0414,1
oma_e40,4,4,0,1,3,194,17.7533,1
oma_e40,4,4,0,1,3,195,18.0604,1
oma_e40,4,4,0,1,3,196,16.9093,1
oma_e40,4,4,0,1,3,197,17.7404,1
oma_e40,4,4,0,1,3,198,21.3923,0
oma_e40,4,4,0,1,3,199,20.9308,0
oma_e40,4,4,0,2,0,0,19.4988,0
oma_e40,4,4,0,2,0,1,22.8297,0
oma_e40,4,4,0,2,0,2,17.0688,1
oma_e40,4,4,0,2,0,3,19.3220,1
oma_e40,4,4,0,2,0,4,16.9355,0
oma_e40,4,4,0,2,0,5,16.2157,0
oma_e40,4,4,0,2,0,6,23.8743,0
oma_e40,4,4,0,2,0,7,16.0084,1
oma_e40,4,4,0,2,0,8,18.4732,1
oma_e40,4,4,0,2,0,9,21.1152,0
oma_e40,4,4,0,2,0,10,19.6439,1
oma_e40,4,4,0,2,0,11,15.8159,1
oma_e40,4,4,0,2,0,12,19.9579,1
oma_e40,4,4,0,2,0,13,16.1212,1
oma_e40,4,4,0,2,0,14,18.7494,1
oma_e40,4,4,0,2,0,15,15.3261,0
oma_e40,4,4,0,2,0,16,20.5831,1
oma_e40,4,4,0,2,0,17,21.3670,1
oma_e40,4,4,0,2,0,18,16.8944,1
oma_e40,4,4,0,2,0,19,17.5480,1
oma_e40,4,4,0,2,0,20,19.4351,1
oma_e40,4,4,0,2,0,21,15.1463,1
oma_e40,4,4,0,2,0,22,18.6823,1
oma_e40,4,4,0,2,0,23,20.3293,0
oma_e40,4,4,0,2,0,24,17.7077,1
oma_e40,4,4,0,2,1,0,24.0326,1
oma_e40,4,4,0,2,1,1,19.5338,1
oma_e40,4,4,0,2,1,2,18.3594,1
oma_e40,4,4,0,2,1,3,23.2818,0
oma_e40,4,4,0,2,1,4,18.9709,0
oma_e40,4,4,0,2,1,5,14.2415,1
oma_e40,4,4,0,2,1,6,20.9027,1
oma_e40,4,4,0,2,1,7,17.9296,1
oma_e40,4,4,0,2,1,8,18.8253,1
oma_e40,4,4,0,2,1,9,18.5112,1
oma_e40,4,4,0,2,1,10,16.6866,1
oma_e40,4,4,0,2,1,11,19.3992,1
oma_e40,4,4,0,2,1,12,21.0669,0
oma_e40,4,4,0,2,1,13,18.3044,1
oma_e40,4,4,0,2,1,14,19.8785,1
oma_e40,4,4,0,2,1,15,15.5121,1
oma_e40,4,4,0,2,1,16,18.2735,0
oma_e40,4,4,0,2,1,17,21.9043,1
oma_e40,4,4,0,2,1,18,17.8718,1
oma_e40,4,4,0,2,1,19,18.7416,1
oma_e40,4,4,0,2,1,20,23.8519,1
oma_e40,4,4,0,2,1,21,17.7928,0
oma_e40,4,4,0,2,1,22,14.7630,1
oma_e40,4,4,0,2,1,23,18.0195,0
oma_e40,4,4,0,2,1,24,17.0951,1
oma_e40,4,4,0,2,2,0,19.1038,1
oma_e40,4,4,0,2,2,1,20.9984,0
oma_e40,4,4,0,2,2,2,18.8904,1
oma_e40,4,4,0,2,2,3,18.9564,1
oma_e40,4,4,0,2,2,4,22.5032,0
oma_e40,4,4,0,2,2,5,15.0255,1
oma_e40,4,4,0,2,2,6,21.2806,0
oma_e40,4,4,0,2,2,7,18.2492,0
oma_e40,4,4,0,2,2,8,15.6920,1
oma_e40,4,4,0,2,2,9,20.9896,0
oma_e40,4,4,0,2,2,10,18.7702,1
oma_e40,4,4,0,2,2,11,21.4140,1
oma_e40,4,4,0,2,2,12,20.4611,1
oma_e40,4,4,0,2,2,13,16.8039,1
oma_e40,4,4,0,2,2,14,20.3931,1
oma_e40,4,4,0,2,2,15,18.6357,1
oma_e40,4,4,0,2,2,16,19.3537,0
oma_e40,4,4,0,2,2,17,21.2078,1
oma_e40,4,4,0,2,2,18,15.7684,1
oma_e40,4,4,0,2,2,19,17.6250,1
oma_e40,4,4,0,2,2,20,17.9704,0
oma_e40,4,4,0,2,2,21,17.5897,1
oma_e40,4,4,0,2,2,22,16.6482,1
oma_e40,4,4,0,2,2,23,22.7251,0
oma_e40,4,4,0,2,2,24,20.5844,1
oma_e40,4,4,0,2,3,0,20.3646,1
oma_e40,4,4,0,2,3,1,18.5755,1
oma_e40,4,4,0,2,3,2,17.5313,1
oma_e40,4,4,0,2,3,3,18.5352,1
oma_e40,4,4,0,2,3,4,18.6361,0
oma_e40,4,4,0,2,3,5,14.9701,1
oma_e40,4,4,0,2,3,6,19.8238,0
oma_e40,4,4,0,2,3,7,18.4337,1
oma_e40,4,4,0,2,3,8,19.6604,1
oma_e40,4,4,0,2,3,9,24.7019,0
oma_e40,4,4,0,2,3,10,20.1771,1
oma_e40,4,4,0,2,3,11,17.9480,1
oma_e40,4,4,0,2,3,12,18.6957,0
oma_e40,4,4,0,2,3,13,15.6972,1
oma_e40,4,4,0,2,3,14,17.4684,0
oma_e40,4,4,0,2,3,15,15.0510,1
oma_e40,4,4,0,2,3,16,20.1211,1
oma_e40,4,4,0,2,3,17,21.2854,1
oma_e40,4,4,0,2,3,18,19.6979,1
oma_e40,4,4,0,2,3,19,14.5998,0
oma_e40,4,4,0,2,3,20,22.9045,1
oma_e40,4,4,0,2,3,21,21.4139,1
oma_e40,4,4,0,2,3,22,17.7338,1
oma_e40,4,4,0,2,3,23,20.9601,0
oma_e40,4,4,0,2,3,24,19.6560,1
oma_e40,4,4,0,2,0,25,14.9935,1
oma_e40,4,4,0,2,0,26,17.6942,0
oma_e40,4,4,0,2,0,27,17.2294,1
oma_e40,4,4,0,2,0,28,19.0306,1
oma_e40,4,4,0,2,0,29,17.0518,1
oma_e40,4,4,0,2,0,30,17.9606,1
oma_e40,4,4,0,2,0,31,21.5434,0
oma_e40,4,4,0,2,0,32,16.3030,1
oma_e40,4,4,0,2,0,33,19.6550,1
oma_e40,4,4,0,2,0,34,15.9536,1
oma_e40,4,4,0,2,0,35,19.0864,1
oma_e40,4,4,0,2,0,36,11.0688,1
oma_e40,4,4,0,2,0,37,23.1051,0
oma_e40,4,4,0,2,0,38,19.2208,1
oma_e40,4,4,0,2,0,39,21.0180,0
oma_e40,4,4,0,2,0,40,20.6049,1
oma_e40,4,4,0,2,0,41,15.7428,1
oma_e40,4,4,0,2,0,42,23.7008,0
oma_e40,4,4,0,2,0,43,16.8566,0
oma_e40,4,4,0,2,0,44,19.3449,1
oma_e40,4,4,0,2,0,45,14.9635,1
oma_e40,4,4,0,2,0,46,16.3159,1
oma_e40,4,4,0,2,0,47,11.1582,1
oma_e40,4,4,0,2,0,48,17.2134,1
oma_e40,4,4,0,2,0,49,23.4207,0
oma_e40,4,4,0,2,1,25,16.8549,1
oma_e40,4,4,0,2,1,26,16.6200,1
oma_e40,4,4,0,2,1,27,16.0681,1
oma_e40,4,4,0,2,1,28,18.1388,1
oma_e40,4,4,0,2,1,29,18.9476,1
oma_e40,4,4,0,2,1,30,19.2424,1
oma_e40,4,4,0,2,1,31,20.8244,0
oma_e40,4,4,0,2,1,32,18.6364,1
oma_e40,4,4,0,2,1,33,21.7586,0
oma_e40,4,4,0,2,1,34,17.1006,1
oma_e40,4,4,0,2,1,35,20.3125,1
oma_e40,4,4,0,2,1,36,11.9696,0
oma_e40,4,4,0,2,1,37,19.2705,1
oma_e40,4,4,0,2,1,38,17.1389,1
oma_e40,4,4,0,2,1,39,18.1109,1
oma_e40,4,4,0,2,1,40,19.8138,1
oma_e40,4,4,0,2,1,41,19.6611,1
oma_e40,4,4,0,2,1,42,30.1335,1
oma_e40,4,4,0,2,1,43,17.0364,1
oma_e40,4,4,0,2,1,44,14.1258,0
oma_e40,4,4,0,2,1,45,15.3861,1
oma_e40,4,4,0,2,1,46,16.2588,0
oma_e40,4,4,0,2,1,47,11.7789,1
oma_e40,4,4,0,2,1,48,18.0709,1
oma_e40,4,4,0,2,1,49,20.7822,0
oma_e40,4,4,0,2,2,25,16.8184,1
oma_e40,4,4,0,2,2,26,17.8909,1
oma_e40,4,4,0,2,2,27,18.9743,1
oma_e40,4,4,0,2,2,28,19.0028,1
oma_e40,4,4,0,2,2,29,16.9535,1
oma_e40,4,4,0,2,2,30,14.0879,1
oma_e40,4,4,0,2,2,31,26.3839,0
oma_e40,4,4,0,2,2,32,13.9899,1
oma_e40,4,4,0,2,2,33,17.9954,1
oma_e40,4,4,0,2,2,34,17.0108,0
oma_e40,4,4,0,2,2,35,20.2179,1
oma_e40,4,4,0,2,2,36,11.0439,1
oma_e40,4,4,0,2,2,37,17.0463,0
oma_e40,4,4,0,2,2,38,17.8156,1
oma_e40,4,4,0,2,2,39,17.2994,1
oma_e40,4,4,0,2,2,40,19.4483,1
oma_e40,4,4,0,2,2,41,14.8194,1
oma_e40,4,4,0,2,2,42,20.2073,0
oma_e40,4,4,0,2,2,43,18.1462,1
oma_e40,4,4,0,2,2,44,16.1998,1
oma_e40,4,4,0,2,2,45,17.7313,0
oma_e40,4,4,0,2,2,46,16.1125,1
oma_e40,4,4,0,2,2,47,14.2164,1
oma_e40,4,4,0,2,2,48,20.0363,1
oma_e40,4,4,0,2,2,49,20.2038,0
oma_e40,4,4,0,2,3,25,18.9809,1
oma_e40,4,4,0,2,3,26,17.0806,1
oma_e40,4,4,0,2,3,27,15.1421,1
oma_e40,4,4,0,2,3,28,19.0538,1
oma_e40,4,4,0,2,3,29,18.6728,1
oma_e40,4,4,0,2,3,30,19.3750,1
oma_e40,4,4,0,2,3,31,20.2786,0
oma_e40,4,4,0,2,3,32,18.6215,1
oma_e40,4,4,0,2,3,33,24.2158,0
oma_e40,4,4,0,2,3,34,16.4572,1
oma_e40,4,4,0,2,3,35,20.6539,1
oma_e40,4,4,0,2,3,36,13.9338,1
oma_e40,4,4,0,2,3,37,19.2550,1
oma_e40,4,4,0,2,3,38,20.4676,1
oma_e40,4,4,0,2,3,39,19.8628,0
oma_e40,4,4,0,2,3,40,19.3680,1
oma_e40,4,4,0,2,3,41,15.0969,1
oma_e40,4,4,0,2,3,42,21.3195,0
oma_e40,4,4,0,2,3,43,17.1888,1
oma_e40,4,4,0,2,3,44,16.5435,1
oma_e40,4,4,0,2,3,45,19.1165,1
oma_e40,4,4,0,2,3,46,16.8613,1
oma_e40,4,4,0,2,3,47,12.9265,0
oma_e40,4,4,0,2,3,48,18.2134,1
oma_e40,4,4,0,2,3,49,21.2264,1
oma_e40,4,4,0,2,0,50,20.9605,1
oma_e40,4,4,0,2,0,51,15.9842,0
oma_e40,4,4,0,2,0,52,17.3912,1
oma_e40,4,4,0,2,0,53,21.2944,0
oma_e40,4,4,0,2,0,54,14.5818,1
oma_e40,4,4,0,2,0,55,15.4034,1
oma_e40,4,4,0,2,0,56,12.8105,1
oma_e40,4,4,0,2,0,57,14.4074,1
oma_e40,4,4,0,2,0,58,19.6521,1
oma_e40,4,4,0,2,0,59,13.9442,1
oma_e40,4,4,0,2,0,60,22.2945,0
oma_e40,4,4,0,2,0,61,16.4618,0
oma_e40,4,4,0,2,0,62,18.8919,0
oma_e40,4,4,0,2,0,63,19.5310,1
oma_e40,4,4,0,2,0,64,23.9558,0
oma_e40,4,4,0,2,0,65,14.4176,1
oma_e40,4,4,0,2,0,66,18.7657,1
oma_e40,4,4,0,2,0,67,18.0622,0
oma_e40,4,4,0,2,0,68,15.1284,1
oma_e40,4,4,0,2,0,69,19.2036,0
oma_e40,4,4,0,2,0,70,22.0151,1
oma_e40,4,4,0,2,0,71,20.5021,1
oma_e40,4,4,0,2,0,72,21.8825,0
oma_e40,4,4,0,2,0,73,18.2975,1
oma_e40,4,4,0,2,0,74,17.0661,1
oma_e40,4,4,0,2,1,50,20.7861,1
oma_e40,4,4,0,2,1,51,15.8760,1
oma_e40,4,4,0,2,1,52,20.7319,1
oma_e40,4,4,0,2,1,53,21.4264,1
oma_e40,4,4,0,2,1,54,11.3168,1
oma_e40,4,4,0,2,1,55,20.6046,1
oma_e40,4,4,0,2,1,56,14.3440,1
oma_e40,4,4,0,2,1,57,15.2431,0
oma_e40,4,4,0,2,1,58,20.7598,1
oma_e40,4,4,0,2,1,59,11.1079,1
oma_e40,4,4,0,2,1,60,21.9064,1
oma_e40,4,4,0,2,1,61,15.0482,0
oma_e40,4,4,0,2,1,62,20.4405,1
oma_e40,4,4,0,2,1,63,24.4651,1
oma_e40,4,4,0,2,1,64,22.1068,0
oma_e40,4,4,0,2,1,65,13.8030,0
oma_e40,4,4,0,2,1,66,17.9551,0
oma_e40,4,4,0,2,1,67,14.6469,1
oma_e40,4,4,0,2,1,68,13.9576,1
oma_e40,4,4,0,2,1,69,20.1758,1
oma_e40,4,4,0,2,1,70,19.8776,1
oma_e40,4,4,0,2,1,71,22.3814,0
oma_e40,4,4,0,2,1,72,22.5036,1
oma_e40,4,4,0,2,1,73,15.5419,1
oma_e40,4,4,0,2,1,74,16.8095,1
oma_e40,4,4,0,2,2,50,19.0864,0
oma_e40,4,4,0,2,2,51,15.6712,1
oma_e40,4,4,0,2,2,52,21.2747,1
oma_e40,4,4,0,2,2,53,20.6148,0
oma_e40,4,4,0,2,2,54,14.1259,1
oma_e40,4,4,0,2,2,55,23.3022,0
oma_e40,4,4,0,2,2,56,14.3869,0
oma_e40,4,4,0,2,2,57,16.7210,1
oma_e40,4,4,0,2,2,58,17.9050,1
oma_e40,4,4,0,2,2,59,14.6848,1
oma_e40,4,4,0,2,2,60,18.9317,1
oma_e40,4,4,0,2,2,61,15.3443,1
oma_e40,4,4,0,2,2,62,18.4701,1
oma_e40,4,4,0,2,2,63,19.0070,0
oma_e40,4,4,0,2,2,64,18.6456,0
oma_e40,4,4,0,2,2,65,13.8793,1
oma_e40,4,4,0,2,2,66,17.1503,1
oma_e40,4,4,0,2,2,67,16.6370,1
oma_e40,4,4,0,2,2,68,13.0014,1
oma_e40,4,4,0,2,2,69,21.4905,1
oma_e40,4,4,0,2,2,70,19.0586,0
oma_e40,4,4,0,2,2,71,19.9544,1
oma_e40,4,4,0,2,2,72,22.1752,0
oma_e40,4,4,0,2,2,73,14.7488,1
oma_e40,4,4,0,2,2,74,14.6644,1
oma_e40,4,4,0,2,3,50,18.9912,1
oma_e40,4,4,0,2,3,51,18.6106,1
oma_e40,4,4,0,2,3,52,20.0095,0
oma_e40,4,4,0,2,3,53,19.2683,1
oma_e40,4,4,0,2,3,54,15.2137,1
oma_e40,4,4,0,2,3,55,20.1718,1
oma_e40,4,4,0,2,3,56,15.6977,1
oma_e40,4,4,0,2,3,57,14.1677,1
oma_e40,4,4,0,2,3,58,19.3969,0
oma_e40,4,4,0,2,3,59,12.6670,0
oma_e40,4,4,0,2,3,60,21.8580,1
oma_e40,4,4,0,2,3,61,16.4709,1
oma_e40,4,4,0,2,3,62,18.9349,1
oma_e40,4,4,0,2,3,63,20.1678,1
oma_e40,4,4,0,2,3,64,23.3458,0
oma_e40,4,4,0,2,3,65,15.4400,0
oma_e40,4,4,0,2,3,66,17.8118,1
oma_e40,4,4,0,2,3,67,14.7910,1
oma_e40,4,4,0,2,3,68,16.3295,1
oma_e40,4,4,0,2,3,69,21.1362,1
oma_e40,4,4,0,2,3,70,22.6081,0
oma_e40,4,4,0,2,3,71,19.4951,1
oma_e40,4,4,0,2,3,72,21.9573,0
oma_e40,4,4,0,2,3,73,18.3765,1
oma_e40,4,4,0,2,3,74,17.1580,1
oma_e40,4,4,0,2,0,75,15.9530,0
oma_e40,4,4,0,2,0,76,22.8971,0
oma_e40,4,4,0,2,0,77,19.0675,0
oma_e40,4,4,0,2,0,78,20.0235,1
oma_e40,4,4,0,2,0,79,20.1175,1
oma_e40,4,4,0,2,0,80,18.9935,0
oma_e40,4,4,0,2,0,81,19.4210,0
oma_e40,4,4,0,2,0,82,19.4404,0
oma_e40,4,4,0,2,0,83,17.1568,1
oma_e40,4,4,0,2,0,84,15.4323,1
oma_e40,4,4,0,2,0,85,18.2163,1
oma_e40,4,4,0,2,0,86,17.6085,0
oma_e40,4,4,0,2,0,87,17.4018,1
oma_e40,4,4,0,2,0,88,20.2460,1
oma_e40,4,4,0,2,0,89,11.9212,1
oma_e40,4,4,0,2,0,90,18.9711,0
oma_e40,4,4,0,2,0,91,15.1312,1
oma_e40,4,4,0,2,0,92,16.3030,1
oma_e40,4,4,0,2,0,93,14.5412,1
oma_e40,4,4,0,2,0,94,18.2701,1
oma_e40,4,4,0,2,0,95,15.4881,1
oma_e40,4,4,0,2,0,96,22.0477,0
oma_e40,4,4,0,2,0,97,11.0224,1
oma_e40,4,4,0,2,0,98,21.2011,1
oma_e40,4,4,0,2,0,99,20.4971,0
oma_e40,4,4,0,2,1,75,16.5432,1
oma_e40,4,4,0,2,1,76,21.6457,1
oma_e40,4,4,0,2,1,77,21.9738,1
oma_e40,4,4,0,2,1,78,20.1734,1
oma_e40,4,4,0,2,1,79,17.9600,1
oma_e40,4,4,0,2,1,80,18.3476,0
oma_e40,4,4,0,2,1,81,23.2880,1
oma_e40,4,4,0,2,1,82,24.0304,0
oma_e40,4,4,0,2,1,83,19.8148,1
oma_e40,4,4,0,2,1,84,15.1790,1
oma_e40,4,4,0,2,1,85,22.4051,1
oma_e40,4,4,0,2,1,86,18.5245,1
oma_e40,4,4,0,2,1,87,20.4912,1
oma_e40,4,4,0,2,1,88,19.5804,1
oma_e40,4,4,0,2,1,89,14.7220,1
oma_e40,4,4,0,2,1,90,17.4413,1
oma_e40,4,4,0,2,1,91,15.0770,1
oma_e40,4,4,0,2,1,92,15.5836,1
oma_e40,4,4,0,2,1,93,13.8104,1
oma_e40,4,4,0,2,1,94,19.1647,0
oma_e40,4,4,0,2,1,95,15.3228,0
oma_e40,4,4,0,2,1,96,20.1535,1
oma_e40,4,4,0,2,1,97,14.3434,1
oma_e40,4,4,0,2,1,98,18.5449,0
oma_e40,4,4,0,2,1,99,19.6273,1
oma_e40,4,4,0,2,2,75,14.4970,1
oma_e40,4,4,0,2,2,76,22.3419,0
oma_e40,4,4,0,2,2,77,19.4170,1
oma_e40,4,4,0,2,2,78,20.5833,1
oma_e40,4,4,0,2,2,79,16.2317,1
oma_e40,4,4,0,2,2,80,20.5710,0
oma_e40,4,4,0,2,2,81,21.0545,1
oma_e40,4,4,0,2,2,82,20.4627,0
oma_e40,4,4,0,2,2,83,19.7573,0
oma_e40,4,4,0,2,2,84,17.1983,1
oma_e40,4,4,0,2,2,85,17.8727,1
oma_e40,4,4,0,2,2,86,17.4448,1
oma_e40,4,4,0,2,2,87,18.3266,0
oma_e40,4,4,0,2,2,88,22.4197,0
oma_e40,4,4,0,2,2,89,13.4801,1
oma_e40,4,4,0,2,2,90,20.2683,1
oma_e40,4,4,0,2,2,91,15.6791,1
oma_e40,4,4,0,2,2,92,15.6766,1
oma_e40,4,4,0,2,2,93,13.1561,1
oma_e40,4,4,0,2,2,94,17.2624,0
oma_e40,4,4,0,2,2,95,19.1821,1
oma_e40,4,4,0,2,2,96,20.2711,1
oma_e40,4,4,0,2,2,97,14.7714,0
oma_e40,4,4,0,2,2,98,22.0403,1
oma_e40,4,4,0,2,2,99,17.3175,1
oma_e40,4,4,0,2,3,75,19.6385,1
oma_e40,4,4,0,2,3,76,23.6305,1
oma_e40,4,4,0,2,3,77,19.1486,1
oma_e40,4,4,0,2,3,78,19.9229,1
oma_e40,4,4,0,2,3,79,18.1752,0
oma_e40,4,4,0,2,3,80,21.9572,0
oma_e40,4,4,0,2,3,81,20.3548,0
oma_e40,4,4,0,2,3,82,21.0273,0
oma_e40,4,4,0,2,3,83,21.0223,1
oma_e40,4,4,0,2,3,84,16.9417,1
oma_e40,4,4,0,2,3,85,17.8119,1
oma_e40,4,4,0,2,3,86,17.5716,1
oma_e40,4,4,0,2,3,87,15.0805,1
oma_e40,4,4,0,2,3,88,21.0400,0
oma_e40,4,4,0,2,3,89,13.6789,1
oma_e40,4,4,0,2,3,90,17.0862,0
oma_e40,4,4,0,2,3,91,15.2645,1
oma_e40,4,4,0,2,3,92,14.6100,1
oma_e40,4,4,0,2,3,93,13.1000,0
oma_e40,4,4,0,2,3,94,20.6290,1
oma_e40,4,4,0,2,3,95,15.1948,1
oma_e40,4,4,0,2,3,96,20.4246,0
oma_e40,4,4,0,2,3,97,15.4109,0
oma_e40,4,4,0,2,3,98,21.0230,1
oma_e40,4,4,0,2,3,99,22.2223,1
oma_e40,4,4,0,2,0,100,16.2191,1
oma_e40,4,4,0,2,0,101,16.5073,1
oma_e40,4,4,0,2,0,102,13.9207,1
oma_e40,4,4,0,2,0,103,16.2007,1
oma_e40,4,4,0,2,0,104,16.8913,1
oma_e40,4,4,0,2,0,105,19.8162,1
oma_e40,4,4,0,2,0,106,18.2673,1
oma_e40,4,4,0,2,0,107,19.3744,1
oma_e40,4,4,0,2,0,108,22.1962,0
oma_e40,4,4,0,2,0,109,16.6469,1
oma_e40,4,4,0,2,0,110,16.9857,1
oma_e40,4,4,0,2,0,111,19.5466,1
oma_e40,4,4,0,2,0,112,21.6576,1
oma_e40,4,4,0,2,0,113,14.5654,1
oma_e40,4,4,0,2,0,114,21.5171,1
oma_e40,4,4,0,2,0,115,19.3374,1
oma_e40,4,4,0,2,0,116,18.8646,1
oma_e40,4,4,0,2,0,117,15.5894,1
oma_e40,4,4,0,2,0,118,18.5603,1
oma_e40,4,4,0,2,0,119,17.2803,1
oma_e40,4,4,0,2,0,120,16.3858,1
oma_e40,4,4,0,2,0,121,15.3914,1
oma_e40,4,4,0,2,0,122,17.5180,0
oma_e40,4,4,0,2,0,123,18.5352,1
oma_e40,4,4,0,2,0,124,13.2981,1
oma_e40,4,4,0,2,1,100,19.1527,1
oma_e40,4,4,0,2,1,101,15.2595,1
oma_e40,4,4,0,2,1,102,13.8525,1
oma_e40,4,4,0,2,1,103,18.5111,1
oma_e40,4,4,0,2,1,104,16.9455,1
oma_e40,4,4,0,2,1,105,24.3698,1
oma_e40,4,4,0,2,1,106,18.2239,1
oma_e40,4,4,0,2,1,107,21.9561,0
oma_e40,4,4,0,2,1,108,20.6932,1
oma_e40,4,4,0,2,1,109,16.7010,1
oma_e40,4,4,0,2,1,110,17.2568,1
oma_e40,4,4,0,2,1,111,19.5922,1
oma_e40,4,4,0,2,1,112,22.7078,0
oma_e40,4,4,0,2,1,113,16.0022,1
oma_e40,4,4,0,2,1,114,20.0919,1
oma_e40,4,4,0,2,1,115,18.7621,1
oma_e40,4,4,0,2,1,116,17.4264,1
oma_e40,4,4,0,2,1,117,14.2553,1
oma_e40,4,4,0,2,1,118,18.4439,1
oma_e40,4,4,0,2,1,119,14.9545,1
oma_e40,4,4,0,2,1,120,16.9202,0
oma_e40,4,4,0,2,1,121,14.5131,1
oma_e40,4,4,0,2,1,122,19.9593,0
oma_e40,4,4,0,2,1,123,23.7226,0
oma_e40,4,4,0,2,1,124,11.6287,0
oma_e40,4,4,0,2,2,100,20.3102,1
oma_e40,4,4,0,2,2,101,14.6496,1
oma_e40,4,4,0,2,2,102,15.6506,1
oma_e40,4,4,0,2,2,103,16.0530,1
oma_e40,4,4,0,2,2,104,19.8730,1
oma_e40,4,4,0,2,2,105,18.5597,1
oma_e40,4,4,0,2,2,106,20.8135,1
oma_e40,4,4,0,2,2,107,16.9421,1
oma_e40,4,4,0,2,2,108,17.6773,1
oma_e40,4,4,0,2,2,109,17.8401,1
oma_e40,4,4,0,2,2,110,18.2938,1
oma_e40,4,4,0,2,2,111,18.8874,1
oma_e40,4,4,0,2,2,112,23.4243,0
oma_e40,4,4,0,2,2,113,17.0736,1
oma_e40,4,4,0,2,2,114,22.1629,1
oma_e40,4,4,0,2,2,115,18.6542,1
oma_e40,4,4,0,2,2,116,17.2206,1
oma_e40,4,4,0,2,2,117,14.9305,1
oma_e40,4,4,0,2,2,118,17.7566,1
oma_e40,4,4,0,2,2,119,16.3273,1
oma_e40,4,4,0,2,2,120,15.9489,1
oma_e40,4,4,0,2,2,121,14.7299,1
oma_e40,4,4,0,2,2,122,20.6891,1
oma_e40,4,4,0,2,2,123,25.2863,0
oma_e40,4,4,0,2,2,124,9.9767,1
oma_e40,4,4,0,2,3,100,19.3777,0
oma_e40,4,4,0,2,3,101,15.1670,1
oma_e40,4,4,0,2,3,102,13.3605,1
oma_e40,4,4,0,2,3,103,16.9677,1
oma_e40,4,4,0,2,3,104,19.7768,1
oma_e40,4,4,0,2,3,105,19.3619,0
oma_e40,4,4,0,2,3,106,19.5290,0
oma_e40,4,4,0,2,3,107,19.7441,1
oma_e40,4,4,0,2,3,108,16.8472,1
oma_e40,4,4,0,2,3,109,14.8336,1
oma_e40,4,4,0,2,3,110,18.0215,1
oma_e40,4,4,0,2,3,111,19.2182,1
oma_e40,4,4,0,2,3,112,22.6323,0
oma_e40,4,4,0,2,3,113,15.3556,1
oma_e40,4,4,0,2,3,114,19.0088,1
oma_e40,4,4,0,2,3,115,17.6345,1
oma_e40,4,4,0,2,3,116,19.9976,1
oma_e40,4,4,0,2,3,117,14.8644,1
oma_e40,4,4,0,2,3,118,19.1894,1
oma_e40,4,4,0,2,3,119,15.0038,0
oma_e40,4,4,0,2,3,120,15.4131,1
oma_e40,4,4,0,2,3,121,14.3649,1
oma_e40,4,4,0,2,3,122,25.1930,1
oma_e40,4,4,0,2,3,123,21.8394,0
oma_e40,4,4,0,2,3,124,12.7294,1
oma_e40,4,4,0,2,0,125,16.2215,1
oma_e40,4,4,0,2,0,126,20.2529,0
oma_e40,4,4,0,2,0,127,17.0386,1
oma_e40,4,4,0,2,0,128,18.0591,0
oma_e40,4,4,0,2,0,129,14.3704,1
oma_e40,4,4,0,2,0,130,17.0231,1
oma_e40,4,4,0,2,0,131,15.2019,1
oma_e40,4,4,0,2,0,132,19.6593,0
oma_e40,4,4,0,2,0,133,19.5733,1
oma_e40,4,4,0,2,0,134,15.9495,1
oma_e40,4,4,0,2,0,135,13.9522,1
oma_e40,4,4,0,2,0,136,14.0660,1
oma_e40,4,4,0,2,0,137,21.3405,1
oma_e40,4,4,0,2,0,138,17.0285,1
oma_e40,4,4,0,2,0,139,20.1408,1
oma_e40,4,4,0,2,0,140,14.6354,1
oma_e40,4,4,0,2,0,141,17.9803,1
oma_e40,4,4,0,2,0,142,20.1252,1
oma_e40,4,4,0,2,0,143,19.1258,0
oma_e40,4,4,0,2,0,144,18.9819,1
oma_e40,4,4,0,2,0,145,22.8193,1
oma_e40,4,4,0,2,0,146,21.2480,0
oma_e40,4,4,0,2,0,147,14.5698,1
oma_e40,4,4,0,2,0,148,17.4628,0
oma_e40,4,4,0,2,0,149,20.4851,1
oma_e40,4,4,0,2,1,125,18.6362,1
oma_e40,4,4,0,2,1,126,18.9052,1
oma_e40,4,4,0,2,1,127,18.1412,0
oma_e40,4,4,0,2,1,128,18.9560,1
oma_e40,4,4,0,2,1,129,14.9716,1
oma_e40,4,4,0,2,1,130,13.0693,1
oma_e40,4,4,0,2,1,131,15.3091,1
oma_e40,4,4,0,2,1,132,18.6046,0
oma_e40,4,4,0,2,1,133,19.7885,1
oma_e40,4,4,0,2,1,134,14.3834,1
oma_e40,4,4,0,2,1,135,16.2386,1
oma_e40,4,4,0,2,1,136,15.0712,0
oma_e40,4,4,0,2,1,137,22.3166,1
oma_e40,4,4,0,2,1,138,16.9316,1
oma_e40,4,4,0,2,1,139,19.2802,1
oma_e40,4,4,0,2,1,140,16.3898,1
oma_e40,4,4,0,2,1,141,17.6682,1
oma_e40,4,4,0,2,1,142,17.0442,1
oma_e40,4,4,0,2,1,143,16.9853,1
oma_e40,4,4,0,2,1,144,20.3187,1
oma_e40,4,4,0,2,1,145,22.0327,0
oma_e40,4,4,0,2,1,146,21.1224,1
oma_e40,4,4,0,2,1,147,14.2312,0
oma_e40,4,4,0,2,1,148,17.6788,1
oma_e40,4,4,0,2,1,149,18.9602,0
oma_e40,4,4,0,2,2,125,17.6857,0
oma_e40,4,4,0,2,2,126,18.7781,1
oma_e40,4,4,0,2,2,127,16.6163,0
oma_e40,4,4,0,2,2,128,17.9851,1
oma_e40,4,4,0,2,2,129,13.1473,1
oma_e40,4,4,0,2,2,130,15.1181,1
oma_e40,4,4,0,2,2,131,18.3924,0
oma_e40,4,4,0,2,2,132,21.7212,1
oma_e40,4,4,0,2,2,133,17.1200,1
oma_e40,4,4,0,2,2,134,13.4979,1
oma_e40,4,4,0,2,2,135,16.4450,0
oma_e40,4,4,0,2,2,136,13.1132,1
oma_e40,4,4,0,2,2,137,20.9896,1
oma_e40,4,4,0,2,2,138,18.0170,1
oma_e40,4,4,0,2,2,139,20.3431,1
oma_e40,4,4,0,2,2,140,17.4700,1
oma_e40,4,4,0,2,2,141,20.6145,0
oma_e40,4,4,0,2,2,142,17.5880,1
oma_e40,4,4,0,2,2,143,18.4836,1
oma_e40,4,4,0,2,2,144,18.3319,1
oma_e40,4,4,0,2,2,145,20.9136,1
oma_e40,4,4,0,2,2,146,18.3097,0
oma_e40,4,4,0,2,2,147,13.8664,1
oma_e40,4,4,0,2,2,148,17.8688,0
oma_e40,4,4,0,2,2,149,17.2839,1
oma_e40,4,4,0,2,3,125,19.2227,1
oma_e40,4,4,0,2,3,126,17.7942,0
oma_e40,4,4,0,2,3,127,17.6378,0
oma_e40,4,4,0,2,3,128,20.0664,0
oma_e40,4,4,0,2,3,129,14.4696,1
oma_e40,4,4,0,2,3,130,16.8831,1
oma_e40,4,4,0,2,3,131,18.3139,1
oma_e40,4,4,0,2,3,132,20.6548,1
oma_e40,4,4,0,2,3,133,17.1137,1
oma_e40,4,4,0,2,3,134,13.0350,1
oma_e40,4,4,0,2,3,135,15.4703,1
oma_e40,4,4,0,2,3,136,13.0088,1
oma_e40,4,4,0,2,3,137,18.3349,0
oma_e40,4,4,0,2,3,138,16.0326,1
oma_e40,4,4,0,2,3,139,18.6133,1
oma_e40,4,4,0,2,3,140,14.5850,1
oma_e40,4,4,0,2,3,141,20.5293,0
oma_e40,4,4,0,2,3,142,17.8693,1
oma_e40,4,4,0,2,3,143,19.6660,0
oma_e40,4,4,0,2,3,144,20.0844,1
oma_e40,4,4,0,2,3,145,21.4244,0
oma_e40,4,4,0,2,3,146,17.1350,1
oma_e40,4,4,0,2,3,147,12.5565,1
oma_e40,4,4,0,2,3,148,17.6167,1
oma_e40,4,4,0,2,3,149,17.6200,1
oma_e40,4,4,0,2,0,150,13.9819,1
oma_e40,4,4,0,2,0,151,19.2701,0
oma_e40,4,4,0,2,0,152,15.8186,1
oma_e40,4,4,0,2,0,153,20.4910,0
oma_e40,4,4,0,2,0,154,14.8438,0
oma_e40,4,4,0,2,0,155,20.3471,1
oma_e40,4,4,0,2,0,156,22.5518,0
oma_e40,4,4,0,2,0,157,18.2918,1
oma_e40,4,4,0,2,0,158,23.0064,1
oma_e40,4,4,0,2,0,159,17.1419,1
oma_e40,4,4,0,2,0,160,18.3603,1
oma_e40,4,4,0,2,0,161,21.7288,1
oma_e40,4,4,0,2,0,162,19.5932,0
oma_e40,4,4,0,2,0,163,16.9815,1
oma_e40,4,4,0,2,0,164,17.8004,0
oma_e40,4,4,0,2,0,165,16.5001,1
oma_e40,4,4,0,2,0,166,16.3441,1
oma_e40,4,4,0,2,0,167,15.4480,1
oma_e40,4,4,0,2,0,168,19.0182,1
oma_e40,4,4,0,2,0,169,19.4429,1
oma_e40,4,4,0,2,0,170,14.5904,1
oma_e40,4,4,0,2,0,171,20.0373,1
oma_e40,4,4,0,2,0,172,15.4493,1
oma_e40,4,4,0,2,0,173,15.8536,1
oma_e40,4,4,0,2,0,174,15.5834,1
oma_e40,4,4,0,2,1,150,14.3151,1
oma_e40,4,4,0,2,1,151,22.4922,0
oma_e40,4,4,0,2,1,152,15.0311,0
oma_e40,4,4,0,2,1,153,22.6241,1
oma_e40,4,4,0,2,1,154,15.9306,1
oma_e40,4,4,0,2,1,155,21.6395,1
oma_e40,4,4,0,2,1,156,20.8667,0
oma_e40,4,4,0,2,1,157,16.5712,1
oma_e40,4,4,0,2,1,158,18.4306,1
oma_e40,4,4,0,2,1,159,20.1670,1
oma_e40,4,4,0,2,1,160,18.9195,0
oma_e40,4,4,0,2,1,161,21.9690,0
oma_e40,4,4,0,2,1,162,20.3789,1
oma_e40,4,4,0,2,1,163,14.2554,1
oma_e40,4,4,0,2,1,164,17.9644,1
oma_e40,4,4,0,2,1,165,15.7517,1
oma_e40,4,4,0,2,1,166,17.8505,0
oma_e40,4,4,0,2,1,167,15.7514,1
oma_e40,4,4,0,2,1,168,19.9869,1
oma_e40,4,4,0,2,1,169,17.4059,0
oma_e40,4,4,0,2,1,170,16.9879,0
oma_e40,4,4,0,2,1,171,18.6619,0
oma_e40,4,4,0,2,1,172,16.8045,0
oma_e40,4,4,0,2,1,173,15.2990,1
oma_e40,4,4,0,2,1,174,20.6664,1
oma_e40,4,4,0,2,2,150,15.2311,0
oma_e40,4,4,0,2,2,151,15.8823,1
oma_e40,4,4,0,2,2,152,19.4013,0
oma_e40,4,4,0,2,2,153,21.9623,0
oma_e40,4,4,0,2,2,154,22.2445,0
oma_e40,4,4,0,2,2,155,20.6552,1
oma_e40,4,4,0,2,2,156,21.2550,1
oma_e40,4,4,0,2,2,157,17.1324,1
oma_e40,4,4,0,2,2,158,23.4431,1
oma_e40,4,4,0,2,2,159,19.7754,1
oma_e40,4,4,0,2,2,160,18.5589,0
oma_e40,4,4,0,2,2,161,19.5151,1
oma_e40,4,4,0,2,2,162,17.4157,1
oma_e40,4,4,0,2,2,163,17.7593,1
oma_e40,4,4,0,2,2,164,19.3413,1
oma_e40,4,4,0,2,2,165,18.9120,1
oma_e40,4,4,0,2,2,166,14.9708,1
oma_e40,4,4,0,2,2,167,17.3011,1
oma_e40,4,4,0,2,2,168,18.9166,1
oma_e40,4,4,0,2,2,169,16.7264,0
oma_e40,4,4,0,2,2,170,18.3033,1
oma_e40,4,4,0,2,2,171,21.0455,0
oma_e40,4,4,0,2,2,172,17.2152,1
oma_e40,4,4,0,2,2,173,12.9749,1
oma_e40,4,4,0,2,2,174,15.9603,1
oma_e40,4,4,0,2,3,150,12.7326,1
oma_e40,4,4,0,2,3,151,18.9043,1
oma_e40,4,4,0,2,3,152,18.8050,1
oma_e40,4,4,0,2,3,153,19.5242,1
oma_e40,4,4,0,2,3,154,21.8340,1
oma_e40,4,4,0,2,3,155,20.7019,1
oma_e40,4,4,0,2,3,156,19.7771,0
oma_e40,4,4,0,2,3,157,25.2122,0
oma_e40,4,4,0,2,3,158,18.6938,1
oma_e40,4,4,0,2,3,159,20.7359,1
oma_e40,4,4,0,2,3,160,21.5906,0
oma_e40,4,4,0,2,3,161,17.7264,0
oma_e40,4,4,0,2,3,162,16.6878,1
oma_e40,4,4,0,2,3,163,15.6109,1
oma_e40,4,4,0,2,3,164,18.6171,1
oma_e40,4,4,0,2,3,165,17.2770,0
oma_e40,4,4,0,2,3,166,17.5685,1
oma_e40,4,4,0,2,3,167,18.7549,0
oma_e40,4,4,0,2,3,168,19.3019,1
oma_e40,4,4,0,2,3,169,18.2033,0
oma_e40,4,4,0,2,3,170,16.3592,1
oma_e40,4,4,0,2,3,171,19.3372,1
oma_e40,4,4,0,2,3,172,17.0342,1
oma_e40,4,4,0,2,3,173,14.8163,1
oma_e40,4,4,0,2,3,174,20.3886,0
oma_e40,4,4,0,2,0,175,20.3608,1
oma_e40,4,4,0,2,0,176,25.8885,1
oma_e40,4,4,0,2,0,177,20.5966,0
oma_e40,4,4,0,2,0,178,19.5299,0
oma_e40,4,4,0,2,0,179,20.7856,0
oma_e40,4,4,0,2,0,180,24.0994,0
oma_e40,4,4,0,2,0,181,18.2634,1
oma_e40,4,4,0,2,0,182,18.4716,0
oma_e40,4,4,0,2,0,183,16.9830,1
oma_e40,4,4,0,2,0,184,18.6602,1
oma_e40,4,4,0,2,0,185,16.4040,0
oma_e40,4,4,0,2,0,186,17.9243,1
oma_e40,4,4,0,2,0,187,19.9045,1
oma_e40,4,4,0,2,0,188,15.5680,1
oma_e40,4,4,0,2,0,189,15.8453,1
oma_e40,4,4,0,2,0,190,22.8071,1
oma_e40,4,4,0,2,0,191,17.1018,1
oma_e40,4,4,0,2,0,192,21.6661,1
oma_e40,4,4,0,2,0,193,22.6420,1
oma_e40,4,4,0,2,0,194,17.9036,1
oma_e40,4,4,0,2,0,195,19.5870,0
oma_e40,4,4,0,2,0,196,21.6791,1
oma_e40,4,4,0,2,0,197,21.9804,0
oma_e40,4,4,0,2,0,198,13.1328,1
oma_e40,4,4,0,2,0,199,24.4829,0
oma_e40,4,4,0,2,1,175,16.7492,1
oma_e40,4,4,0,2,1,176,22.0003,0
oma_e40,4,4,0,2,1,177,19.8635,1
oma_e40,4,4,0,2,1,178,22.0063,0
oma_e40,4,4,0,2,1,179,21.3047,1
oma_e40,4,4,0,2,1,180,22.6468,0
oma_e40,4,4,0,2,1,181,15.2782,1
oma_e40,4,4,0,2,1,182,16.8261,0
oma_e40,4,4,0,2,1,183,14.7475,1
oma_e40,4,4,0,2,1,184,18.5299,1
oma_e40,4,4,0,2,1,185,12.1759,1
oma_e40,4,4,0,2,1,186,16.9328,1
oma_e40,4,4,0,2,1,187,18.9706,1
oma_e40,4,4,0,2,1,188,17.2665,1
oma_e40,4,4,0,2,1,189,15.3224,1
oma_e40,4,4,0,2,1,190,23.3476,0
oma_e40,4,4,0,2,1,191,15.1410,1
oma_e40,4,4,0,2,1,192,19.0877,0
oma_e40,4,4,0,2,1,193,20.4493,1
oma_e40,4,4,0,2,1,194,18.9358,1
oma_e40,4,4,0,2,1,195,18.5291,0
oma_e40,4,4,0,2,1,196,18.4157,0
oma_e40,4,4,0,2,1,197,19.3433,1
oma_e40,4,4,0,2,1,198,12.2584,1
oma_e40,4,4,0,2,1,199,18.6531,1
oma_e40,4,4,0,2,2,175,15.3319,1
oma_e40,4,4,0,2,2,176,24.0017,1
oma_e40,4,4,0,2,2,177,22.0767,0
oma_e40,4,4,0,2,2,178,17.6619,1
oma_e40,4,4,0,2,2,179,21.3184,0
oma_e40,4,4,0,2,2,180,20.7510,0
oma_e40,4,4,0,2,2,181,16.9839,1
oma_e40,4,4,0,2,2,182,17.0656,1
oma_e40,4,4,0,2,2,183,17.4737,0
oma_e40,4,4,0,2,2,184,17.1670,0
oma_e40,4,4,0,2,2,185,17.3076,1
oma_e40,4,4,0,2,2,186,16.4110,0
oma_e40,4,4,0,2,2,187,17.5566,1
oma_e40,4,4,0,2,2,188,17.7137,1
oma_e40,4,4,0,2,2,189,16.0617,1
oma_e40,4,4,0,2,2,190,23.2967,1
oma_e40,4,4,0,2,2,191,16.3024,1
oma_e40,4,4,0,2,2,192,21.2024,1
oma_e40,4,4,0,2,2,193,21.3125,0
oma_e40,4,4,0,2,2,194,18.9230,1
oma_e40,4,4,0,2,2,195,25.5144,1
oma_e40,4,4,0,2,2,196,18.2637,1
oma_e40,4,4,0,2,2,197,21.3503,1
oma_e40,4,4,0,2,2,198,13.5595,1
oma_e40,4,4,0,2,2,199,21.8616,1
oma_e40,4,4,0,2,3,175,18.0002,1
oma_e40,4,4,0,2,3,176,20.5781,0
oma_e40,4,4,0,2,3,177,20.8246,0
oma_e40,4,4,0,2,3,178,19.8591,1
oma_e40,4,4,0,2,3,179,16.3806,1
oma_e40,4,4,0,2,3,180,20.9902,0
oma_e40,4,4,0,2,3,181,16.8404,1
oma_e40,4,4,0,2,3,182,16.8694,1
oma_e40,4,4,0,2,3,183,12.8195,1
oma_e40,4,4,0,2,3,184,20.3584,0
oma_e40,4,4,0,2,3,185,18.5863,1
oma_e40,4,4,0,2,3,186,20.0216,1
oma_e40,4,4,0,2,3,187,17.9021,1
oma_e40,4,4,0,2,3,188,15.9572,1
oma_e40,4,4,0,2,3,189,16.4033,1
oma_e40,4,4,0,2,3,190,20.8127,0
oma_e40,4,4,0,2,3,191,17.1546,1
oma_e40,4,4,0,2,3,192,20.7561,1
oma_e40,4,4,0,2,3,193,19.4538,1
oma_e40,4,4,0,2,3,194,19.5299,0
oma_e40,4,4,0,2,3,195,22.7429,0
oma_e40,4,4,0,2,3,196,20.6124,0
oma_e40,4,4,0,2,3,197,17.2682,1
oma_e40,4,4,0,2,3,198,14.4444,1
oma_e40,4,4,0,2,3,199,23.1433,0
oma_e40,4,4,0,3,0,0,18.1538,0
oma_e40,4,4,0,3,0,1,20.5515,1
oma_e40,4,4,0,3,0,2,17.2639,1
oma_e40,4,4,0,3,0,3,12.1567,1
oma_e40,4,4,0,3,0,4,15.6429,1
oma_e40,4,4,0,3,0,5,18.4296,0
oma_e40,4,4,0,3,0,6,19.6421,1
oma_e40,4,4,0,3,0,7,14.5256,1
oma_e40,4,4,0,3,0,8,17.3450,1
oma_e40,4,4,0,3,0,9,16.0368,1
oma_e40,4,4,0,3,0,10,20.1405,1
oma_e40,4,4,0,3,0,11,16.3567,0
oma_e40,4,4,0,3,0,12,19.3007,1
oma_e40,4,4,0,3,0,13,19.2186,1
oma_e40,4,4,0,3,0,14,19.0455,1
oma_e40,4,4,0,3,0,15,18.8917,1
oma_e40,4,4,0,3,0,16,18.0709,1
oma_e40,4,4,0,3,0,17,20.3312,0
oma_e40,4,4,0,3,0,18,18.3261,1
oma_e40,4,4,0,3,0,19,19.4890,1
oma_e40,4,4,0,3,0,20,16.6364,1
oma_e40,4,4,0,3,0,21,14.8251,1
oma_e40,4,4,0,3,0,22,20.3116,1
oma_e40,4,4,0,3,0,23,16.7327,1
oma_e40,4,4,0,3,0,24,18.2074,1
oma_e40,4,4,0,3,1,0,21.1827,1
oma_e40,4,4,0,3,1,1,18.2866,1
oma_e40,4,4,0,3,1,2,19.3087,0
oma_e40,4,4,0,3,1,3,14.1132,1
oma_e40,4,4,0,3,1,4,18.3192,0
oma_e40,4,4,0,3,1,5,15.6138,1
oma_e40,4,4,0,3,1,6,17.9100,1
oma_e40,4,4,0,3,1,7,15.5862,1
oma_e40,4,4,0,3,1,8,16.6463,1
oma_e40,4,4,0,3,1,9,14.6837,1
oma_e40,4,4,0,3,1,10,17.8542,1
oma_e40,4,4,0,3,1,11,19.2952,1
oma_e40,4,4,0,3,1,12,19.3604,0
oma_e40,4,4,0,3,1,13,21.1079,1
oma_e40,4,4,0,3,1,14,20.2796,1
oma_e40,4,4,0,3,1,15,18.6164,1
oma_e40,4,4,0,3,1,16,15.3533,0
oma_e40,4,4,0,3,1,17,20.7976,1
oma_e40,4,4,0,3,1,18,18.2986,1
oma_e40,4,4,0,3,1,19,20.7709,0
oma_e40,4,4,0,3,1,20,20.1567,1
oma_e40,4,4,0,3,1,21,17.5704,1
oma_e40,4,4,0,3,1,22,17.2509,1
oma_e40,4,4,0,3,1,23,14.4467,1
oma_e40,4,4,0,3,1,24,18.0851,0
oma_e40,4,4,0,3,2,0,17.8983,1
oma_e40,4,4,0,3,2,1,18.9473,1
oma_e40,4,4,0,3,2,2,18.7326,1
oma_e40,4,4,0,3,2,3,12.5119,1
oma_e40,4,4,0,3,2,4,20.9105,0
oma_e40,4,4,0,3,2,5,17.2516,1
oma_e40,4,4,0,3,2,6,17.8396,0
oma_e40,4,4,0,3,2,7,15.6721,0
oma_e40,4,4,0,3,2,8,14.7199,1
oma_e40,4,4,0,3,2,9,16.5152,1
oma_e40,4,4,0,3,2,10,19.8334,0
oma_e40,4,4,0,3,2,11,21.9979,1
oma_e40,4,4,0,3,2,12,19.3306,0
oma_e40,4,4,0,3,2,13,19.7519,0
oma_e40,4,4,0,3,2,14,19.9907,1
oma_e40,4,4,0,3,2,15,21.1472,1
oma_e40,4,4,0,3,2,16,16.2761,0
oma_e40,4,4,0,3,2,17,19.9180,1
oma_e40,4,4,0,3,2,18,16.0163,1
oma_e40,4,4,0,3,2,19,20.0798,1
oma_e40,4,4,0,3,2,20,15.0054,1
oma_e40,4,4,0,3,2,21,17.6464,1
oma_e40,4,4,0,3,2,22,18.3501,1
oma_e40,4,4,0,3,2,23,17.7625,0
oma_e40,4,4,0,3,2,24,21.9458,1
oma_e40,4,4,0,3,3,0,18.5183,1
oma_e40,4,4,0,3,3,1,17.7090,1
oma_e40,4,4,0,3,3,2,17.6662,1
oma_e40,4,4,0,3,3,3,13.3520,1
oma_e40,4,4,0,3,3,4,17.7116,1
oma_e40,4,4,0,3,3,5,15.8079,1
oma_e40,4,4,0,3,3,6,16.8350,1
oma_e40,4,4,0,3,3,7,16.2244,1
oma_e40,4,4,0,3,3,8,18.4714,1
oma_e40,4,4,0,3,3,9,17.3478,1
oma_e40,4,4,0,3,3,10,21.4868,1
oma_e40,4,4,0,3,3,11,18.6702,1
oma_e40,4,4,0,3,3,12,17.6725,1
oma_e40,4,4,0,3,3,13,19.3899,1
oma_e40,4,4,0,3,3,14,17.4844,0
oma_e40,4,4,0,3,3,15,16.8028,1
oma_e40,4,4,0,3,3,16,17.7502,1
oma_e40,4,4,0,3,3,17,20.4339,1
oma_e40,4,4,0,3,3,18,20.5714,0
oma_e40,4,4,0,3,3,19,16.3200,0
oma_e40,4,4,0,3,3,20,19.2191,1
oma_e40,4,4,0,3,3,21,20.9927,1
oma_e40,4,4,0,3,3,22,19.6629,1
oma_e40,4,4,0,3,3,23,17.3926,1
oma_e40,4,4,0,3,3,24,20.6262,1
oma_e40,4,4,0,3,0,25,16.7540,1
oma_e40,4,4,0,3,0,26,15.2459,1
oma_e40,4,4,0,3,0,27,21.7466,1
oma_e40,4,4,0,3,0,28,18.1624,0
oma_e40,4,4,0,3,0,29,16.6047,1
oma_e40,4,4,0,3,0,30,18.7344,1
oma_e40,4,4,0,3,0,31,17.9097,1
oma_e40,4,4,0,3,0,32,18.8465,1
oma_e40,4,4,0,3,0,33,17.0557,0
oma_e40,4,4,0,3,0,34,21.2417,0
oma_e40,4,4,0,3,0,35,17.8104,1
oma_e40,4,4,0,3,0,36,15.9759,1
oma_e40,4,4,0,3,0,37,18.0858,0
oma_e40,4,4,0,3,0,38,21.1718,1
oma_e40,4,4,0,3,0,39,17.4516,1
oma_e40,4,4,0,3,0,40,21.6037,1
oma_e40,4,4,0,3,0,41,15.8866,1
oma_e40,4,4,0,3,0,42,22.0113,0
oma_e40,4,4,0,3,0,43,12.3070,1
oma_e40,4,4,0,3,0,44,17.5348,1
oma_e40,4,4,0,3,0,45,17.2597,1
oma_e40,4,4,0,3,0,46,18.1893,1
oma_e40,4,4,0,3,0,47,18.8252,1
oma_e40,4,4,0,3,0,48,12.2796,1
oma_e40,4,4,0,3,0,49,20.6446,0
oma_e40,4,4,0,3,1,25,19.7544,1
oma_e40,4,4,0,3,1,26,14.8591,1
oma_e40,4,4,0,3,1,27,19.7493,1
oma_e40,4,4,0,3,1,28,17.3140,1
oma_e40,4,4,0,3,1,29,18.2340,1
oma_e40,4,4,0,3,1,30,19.5784,0
oma_e40,4,4,0,3,1,31,17.3955,1
oma_e40,4,4,0,3,1,32,22.0521,1
oma_e40,4,4,0,3,1,33,18.6578,0
oma_e40,4,4,0,3,1,34,21.5043,1
oma_e40,4,4,0,3,1,35,17.8288,1
oma_e40,4,4,0,3,1,36,17.8440,0
oma_e40,4,4,0,3,1,37,15.3868,1
oma_e40,4,4,0,3,1,38,19.5444,1
oma_e40,4,4,0,3,1,39,16.3306,1
oma_e40,4,4,0,3,1,40,20.7321,1
oma_e40,4,4,0,3,1,41,19.7453,1
oma_e40,4,4,0,3,1,42,27.8291,1
oma_e40,4,4,0,3,1,43,13.2689,1
oma_e40,4,4,0,3,1,44,13.7205,1
oma_e40,4,4,0,3,1,45,17.3176,1
oma_e40,4,4,0,3,1,46,18.3691,1
oma_e40,4,4,0,3,1,47,16.5168,1
oma_e40,4,4,0,3,1,48,9.6934,0
oma_e40,4,4,0,3,1,49,18.3489,1
oma_e40,4,4,0,3,2,25,19.6871,1
oma_e40,4,4,0,3,2,26,15.0812,1
oma_e40,4,4,0,3,2,27,24.5812,0
oma_e40,4,4,0,3,2,28,18.7077,1
oma_e40,4,4,0,3,2,29,16.5268,1
oma_e40,4,4,0,3,2,30,14.9419,1
oma_e40,4,4,0,3,2,31,21.2260,1
oma_e40,4,4,0,3,2,32,16.3365,0
oma_e40,4,4,0,3,2,33,16.2942,1
oma_e40,4,4,0,3,2,34,22.7402,0
oma_e40,4,4,0,3,2,35,18.5240,1
oma_e40,4,4,0,3,2,36,15.5485,1
oma_e40,4,4,0,3,2,37,13.3474,1
oma_e40,4,4,0,3,2,38,19.1501,1
oma_e40,4,4,0,3,2,39,15.4031,1
oma_e40,4,4,0,3,2,40,20.1743,0
oma_e40,4,4,0,3,2,41,15.0228,1
oma_e40,4,4,0,3,2,42,19.2807,0
oma_e40,4,4,0,3,2,43,13.9638,1
oma_e40,4,4,0,3,2,44,14.7030,1
oma_e40,4,4,0,3,2,45,20.4576,1
oma_e40,4,4,0,3,2,46,17.9365,1
oma_e40,4,4,0,3,2,47,21.2951,1
oma_e40,4,4,0,3,2,48,9.8754,1
oma_e40,4,4,0,3,2,49,17.2835,1
oma_e40,4,4,0,3,3,25,21.2594,0
oma_e40,4,4,0,3,3,26,15.6300,1
oma_e40,4,4,0,3,3,27,19.7758,0
oma_e40,4,4,0,3,3,28,18.3613,0
oma_e40,4,4,0,3,3,29,17.9909,1
oma_e40,4,4,0,3,3,30,20.3931,1
oma_e40,4,4,0,3,3,31,17.1283,1
oma_e40,4,4,0,3,3,32,22.1317,1
oma_e40,4,4,0,3,3,33,19.8277,0
oma_e40,4,4,0,3,3,34,21.4919,0
oma_e40,4,4,0,3,3,35,19.4013,1
oma_e40,4,4,0,3,3,36,15.5905,1
oma_e40,4,4,0,3,3,37,14.4235,1
oma_e40,4,4,0,3,3,38,22.7884,0
oma_e40,4,4,0,3,3,39,17.8969,1
oma_e40,4,4,0,3,3,40,20.7768,1
oma_e40,4,4,0,3,3,41,15.5093,1
oma_e40,4,4,0,3,3,42,20.5072,0
oma_e40,4,4,0,3,3,43,13.7764,1
oma_e40,4,4,0,3,3,44,15.6500,1
oma_e40,4,4,0,3,3,45,20.7239,1
oma_e40,4,4,0,3,3,46,19.3419,1
oma_e40,4,4,0,3,3,47,18.6156,1
oma_e40,4,4,0,3,3,48,13.2045,1
oma_e40,4,4,0,3,3,49,18.7410,1
oma_e40,4,4,0,3,0,50,22.6581,0
oma_e40,4,4,0,3,0,51,13.6657,0
oma_e40,4,4,0,3,0,52,18.4673,1
oma_e40,4,4,0,3,0,53,18.8562,0
oma_e40,4,4,0,3,0,54,18.7028,1
oma_e40,4,4,0,3,0,55,14.0815,1
oma_e40,4,4,0,3,0,56,18.3899,0
oma_e40,4,4,0,3,0,57,16.1305,1
oma_e40,4,4,0,3,0,58,22.1427,1
oma_e40,4,4,0,3,0,59,21.3059,1
oma_e40,4,4,0,3,0,60,20.4788,0
oma_e40,4,4,0,3,0,61,15.8891,0
oma_e40,4,4,0,3,0,62,18.9153,1
oma_e40,4,4,0,3,0,63,17.5689,1
oma_e40,4,4,0,3,0,64,18.5070,1
oma_e40,4,4,0,3,0,65,17.9965,0
oma_e40,4,4,0,3,0,66,17.7742,1
oma_e40,4,4,0,3,0,67,19.5001,0
oma_e40,4,4,0,3,0,68,12.4060,1
oma_e40,4,4,0,3,0,69,21.0280,0
oma_e40,4,4,0,3,0,70,16.8079,1
oma_e40,4,4,0,3,0,71,13.5008,1
oma_e40,4,4,0,3,0,72,18.1498,1
oma_e40,4,4,0,3,0,73,21.3191,0
oma_e40,4,4,0,3,0,74,18.4206,1
oma_e40,4,4,0,3,1,50,21.4452,1
oma_e40,4,4,0,3,1,51,13.7852,1
oma_e40,4,4,0,3,1,52,22.2540,1
oma_e40,4,4,0,3,1,53,18.9791,1
oma_e40,4,4,0,3,1,54,15.7223,0
oma_e40,4,4,0,3,1,55,18.7382,1
oma_e40,4,4,0,3,1,56,22.8348,0
oma_e40,4,4,0,3,1,57,17.6318,0
oma_e40,4,4,0,3,1,58,23.6130,0
oma_e40,4,4,0,3,1,59,17.2095,1
oma_e40,4,4,0,3,1,60,19.8059,1
oma_e40,4,4,0,3,1,61,13.7565,1
oma_e40,4,4,0,3,1,62,20.4484,0
oma_e40,4,4,0,3,1,63,21.4360,1
oma_e40,4,4,0,3,1,64,15.9778,1
oma_e40,4,4,0,3,1,65,22.0202,1
oma_e40,4,4,0,3,1,66,18.0453,0
oma_e40,4,4,0,3,1,67,15.6924,1
oma_e40,4,4,0,3,1,68,13.2866,1
oma_e40,4,4,0,3,1,69,22.0394,1
oma_e40,4,4,0,3,1,70,15.3420,1
oma_e40,4,4,0,3,1,71,13.8441,1
oma_e40,4,4,0,3,1,72,17.8573,1
oma_e40,4,4,0,3,1,73,18.0692,1
oma_e40,4,4,0,3,1,74,16.9851,0
oma_e40,4,4,0,3,2,50,20.0034,0
oma_e40,4,4,0,3,2,51,13.5690,1
oma_e40,4,4,0,3,2,52,23.2685,1
oma_e40,4,4,0,3,2,53,16.9053,0
oma_e40,4,4,0,3,2,54,17.0010,1
oma_e40,4,4,0,3,2,55,20.3985,1
oma_e40,4,4,0,3,2,56,23.2950,0
oma_e40,4,4,0,3,2,57,18.1190,1
oma_e40,4,4,0,3,2,58,20.2138,1
oma_e40,4,4,0,3,2,59,19.0400,1
oma_e40,4,4,0,3,2,60,17.0420,1
oma_e40,4,4,0,3,2,61,13.2158,1
oma_e40,4,4,0,3,2,62,18.1534,1
oma_e40,4,4,0,3,2,63,16.8909,0
oma_e40,4,4,0,3,2,64,14.9018,1
oma_e40,4,4,0,3,2,65,21.6114,0
oma_e40,4,4,0,3,2,66,17.0326,1
oma_e40,4,4,0,3,2,67,17.0012,1
oma_e40,4,4,0,3,2,68,11.2003,1
oma_e40,4,4,0,3,2,69,24.2875,1
oma_e40,4,4,0,3,2,70,13.7668,1
oma_e40,4,4,0,3,2,71,12.3539,1
oma_e40,4,4,0,3,2,72,18.3945,1
oma_e40,4,4,0,3,2,73,17.8364,0
oma_e40,4,4,0,3,2,74,15.6498,1
oma_e40,4,4,0,3,3,50,20.1927,1
oma_e40,4,4,0,3,3,51,16.3754,0
oma_e40,4,4,0,3,3,52,21.6893,0
oma_e40,4,4,0,3,3,53,16.6849,1
oma_e40,4,4,0,3,3,54,20.3022,1
oma_e40,4,4,0,3,3,55,18.0844,1
oma_e40,4,4,0,3,3,56,26.2351,0
oma_e40,4,4,0,3,3,57,16.4715,1
oma_e40,4,4,0,3,3,58,21.9897,1
oma_e40,4,4,0,3,3,59,20.3671,1
oma_e40,4,4,0,3,3,60,19.5941,1
oma_e40,4,4,0,3,3,61,14.2548,0
oma_e40,4,4,0,3,3,62,18.7060,1
oma_e40,4,4,0,3,3,63,18.0235,1
oma_e40,4,4,0,3,3,64,16.1981,1
oma_e40,4,4,0,3,3,65,22.8352,1
oma_e40,4,4,0,3,3,66,16.8063,1
oma_e40,4,4,0,3,3,67,15.9064,1
oma_e40,4,4,0,3,3,68,13.6621,1
oma_e40,4,4,0,3,3,69,23.9820,1
oma_e40,4,4,0,3,3,70,17.4507,0
oma_e40,4,4,0,3,3,71,11.6676,1
oma_e40,4,4,0,3,3,72,17.9235,1
oma_e40,4,4,0,3,3,73,21.5513,0
oma_e40,4,4,0,3,3,74,18.0610,1
oma_e40,4,4,0,3,0,75,17.9857,0
oma_e40,4,4,0,3,0,76,17.4162,1
oma_e40,4,4,0,3,0,77,15.2584,0
oma_e40,4,4,0,3,0,78,20.5119,0
oma_e40,4,4,0,3,0,79,20.4764,1
oma_e40,4,4,0,3,0,80,12.3992,1
oma_e40,4,4,0,3,0,81,14.6132,1
oma_e40,4,4,0,3,0,82,19.0001,1
oma_e40,4,4,0,3,0,83,15.5767,1
oma_e40,4,4,0,3,0,84,17.7425,0
oma_e40,4,4,0,3,0,85,17.8659,1
oma_e40,4,4,0,3,0,86,19.9695,1
oma_e40,4,4,0,3,0,87,17.4043,1
oma_e40,4,4,0,3,0,88,15.3300,1
oma_e40,4,4,0,3,0,89,19.4381,1
oma_e40,4,4,0,3,0,90,18.0924,1
oma_e40,4,4,0,3,0,91,17.1606,1
oma_e40,4,4,0,3,0,92,20.6038,1
oma_e40,4,4,0,3,0,93,16.4457,1
oma_e40,4,4,0,3,0,94,19.5624,1
oma_e40,4,4,0,3,0,95,17.3864,0
oma_e40,4,4,0,3,0,96,20.3432,0
oma_e40,4,4,0,3,0,97,22.7952,1
oma_e40,4,4,0,3,0,98,16.3706,1
oma_e40,4,4,0,3,0,99,25.1720,0
oma_e40,4,4,0,3,1,75,18.9223,0
oma_e40,4,4,0,3,1,76,17.8065,1
oma_e40,4,4,0,3,1,77,16.3210,1
oma_e40,4,4,0,3,1,78,20.2544,1
oma_e40,4,4,0,3,1,79,18.2184,1
oma_e40,4,4,0,3,1,80,13.2409,1
oma_e40,4,4,0,3,1,81,17.9643,1
oma_e40,4,4,0,3,1,82,22.1074,1
oma_e40,4,4,0,3,1,83,17.0468,1
oma_e40,4,4,0,3,1,84,17.3149,1
oma_e40,4,4,0,3,1,85,21.2804,1
oma_e40,4,4,0,3,1,86,22.4450,0
oma_e40,4,4,0,3,1,87,20.3082,1
oma_e40,4,4,0,3,1,88,15.9530,1
oma_e40,4,4,0,3,1,89,20.2361,1
oma_e40,4,4,0,3,1,90,16.2990,1
oma_e40,4,4,0,3,1,91,17.2878,1
oma_e40,4,4,0,3,1,92,20.6611,1
oma_e40,4,4,0,3,1,93,16.0548,1
oma_e40,4,4,0,3,1,94,20.1786,1
oma_e40,4,4,0,3,1,95,16.9131,0
oma_e40,4,4,0,3,1,96,19.4664,1
oma_e40,4,4,0,3,1,97,25.2987,0
oma_e40,4,4,0,3,1,98,13.8873,1
oma_e40,4,4,0,3,1,99,22.7577,1
oma_e40,4,4,0,3,2,75,16.2388,1
oma_e40,4,4,0,3,2,76,17.8710,1
oma_e40,4,4,0,3,2,77,15.5633,0
oma_e40,4,4,0,3,2,78,21.0334,0
oma_e40,4,4,0,3,2,79,16.1371,1
oma_e40,4,4,0,3,2,80,14.2067,1
oma_e40,4,4,0,3,2,81,16.2936,1
oma_e40,4,4,0,3,2,82,18.0236,0
oma_e40,4,4,0,3,2,83,16.4225,1
oma_e40,4,4,0,3,2,84,20.8257,1
oma_e40,4,4,0,3,2,85,17.4592,1
oma_e40,4,4,0,3,2,86,21.6283,0
oma_e40,4,4,0,3,2,87,18.6740,0
oma_e40,4,4,0,3,2,88,17.9273,0
oma_e40,4,4,0,3,2,89,20.3042,1
oma_e40,4,4,0,3,2,90,18.9551,1
oma_e40,4,4,0,3,2,91,17.3328,1
oma_e40,4,4,0,3,2,92,19.6457,1
oma_e40,4,4,0,3,2,93,15.2402,1
oma_e40,4,4,0,3,2,94,17.4082,0
oma_e40,4,4,0,3,2,95,21.3744,0
oma_e40,4,4,0,3,2,96,18.6660,1
oma_e40,4,4,0,3,2,97,23.0369,0
oma_e40,4,4,0,3,2,98,16.7345,1
oma_e40,4,4,0,3,2,99,20.3826,1
oma_e40,4,4,0,3,3,75,22.4340,1
oma_e40,4,4,0,3,3,76,16.0234,1
oma_e40,4,4,0,3,3,77,15.6612,1
oma_e40,4,4,0,3,3,78,19.6492,1
oma_e40,4,4,0,3,3,79,18.3007,0
oma_e40,4,4,0,3,3,80,13.1418,1
oma_e40,4,4,0,3,3,81,15.3373,1
oma_e40,4,4,0,3,3,82,19.7733,0
oma_e40,4,4,0,3,3,83,18.2375,1
oma_e40,4,4,0,3,3,84,20.5802,1
oma_e40,4,4,0,3,3,85,17.3505,0
oma_e40,4,4,0,3,3,86,19.7166,1
oma_e40,4,4,0,3,3,87,15.4040,1
oma_e40,4,4,0,3,3,88,15.6727,0
oma_e40,4,4,0,3,3,89,22.6792,0
oma_e40,4,4,0,3,3,90,16.4923,1
oma_e40,4,4,0,3,3,91,17.7392,1
oma_e40,4,4,0,3,3,92,19.2852,1
oma_e40,4,4,0,3,3,93,15.6020,1
oma_e40,4,4,0,3,3,94,21.1386,1
oma_e40,4,4,0,3,3,95,16.1832,1
oma_e40,4,4,0,3,3,96,18.8728,0
oma_e40,4,4,0,3,3,97,21.6502,0
oma_e40,4,4,0,3,3,98,15.1925,1
oma_e40,4,4,0,3,3,99,25.5575,1
oma_e40,4,4,0,3,0,100,17.3192,0
oma_e40,4,4,0,3,0,101,23.1923,1
oma_e40,4,4,0,3,0,102,17.6226,1
oma_e40,4,4,0,3,0,103,13.1567,1
oma_e40,4,4,0,3,0,104,19.6245,1
oma_e40,4,4,0,3,0,105,12.1261,1
oma_e40,4,4,0,3,0,106,18.2790,1
oma_e40,4,4,0,3,0,107,15.5562,1
oma_e40,4,4,0,3,0,108,20.4253,0
oma_e40,4,4,0,3,0,109,15.5906,1
oma_e40,4,4,0,3,0,110,16.3612,1
oma_e40,4,4,0,3,0,111,14.4387,1
oma_e40,4,4,0,3,0,112,13.9640,1
oma_e40,4,4,0,3,0,113,19.3768,1
oma_e40,4,4,0,3,0,114,19.3965,1
oma_e40,4,4,0,3,0,115,18.3252,1
oma_e40,4,4,0,3,0,116,16.3779,1
oma_e40,4,4,0,3,0,117,15.1704,1
oma_e40,4,4,0,3,0,118,20.3905,1
oma_e40,4,4,0,3,0,119,14.2047,1
oma_e40,4,4,0,3,0,120,19.8881,1
oma_e40,4,4,0,3,0,121,20.4121,1
oma_e40,4,4,0,3,0,122,15.4327,0
oma_e40,4,4,0,3,0,123,19.0130,0
oma_e40,4,4,0,3,0,124,17.6146,0
oma_e40,4,4,0,3,1,100,19.9950,1
oma_e40,4,4,0,3,1,101,20.0435,1
oma_e40,4,4,0,3,1,102,17.2029,1
oma_e40,4,4,0,3,1,103,14.1555,1
oma_e40,4,4,0,3,1,104,19.0756,1
oma_e40,4,4,0,3,1,105,16.0591,1
oma_e40,4,4,0,3,1,106,18.2165,1
oma_e40,4,4,0,3,1,107,16.5390,1
oma_e40,4,4,0,3,1,108,18.0408,1
oma_e40,4,4,0,3,1,109,15.0121,1
oma_e40,4,4,0,3,1,110,16.8877,1
oma_e40,4,4,0,3,1,111,15.8658,1
oma_e40,4,4,0,3,1,112,14.2326,0
oma_e40,4,4,0,3,1,113,19.2362,0
oma_e40,4,4,0,3,1,114,17.0170,1
oma_e40,4,4,0,3,1,115,18.0594,1
oma_e40,4,4,0,3,1,116,15.1399,1
oma_e40,4,4,0,3,1,117,14.9650,1
oma_e40,4,4,0,3,1,118,21.3096,1
oma_e40,4,4,0,3,1,119,12.9133,1
oma_e40,4,4,0,3,1,120,20.5060,0
oma_e40,4,4,0,3,1,121,20.6844,1
oma_e40,4,4,0,3,1,122,16.3607,1
oma_e40,4,4,0,3,1,123,24.6485,0
oma_e40,4,4,0,3,1,124,20.2173,0
oma_e40,4,4,0,3,2,100,21.5234,1
oma_e40,4,4,0,3,2,101,22.0430,1
oma_e40,4,4,0,3,2,102,17.4774,1
oma_e40,4,4,0,3,2,103,12.2749,1
oma_e40,4,4,0,3,2,104,21.9021,0
oma_e40,4,4,0,3,2,105,14.8906,1
oma_e40,4,4,0,3,2,106,19.9359,1
oma_e40,4,4,0,3,2,107,14.1448,1
oma_e40,4,4,0,3,2,108,16.1180,1
oma_e40,4,4,0,3,2,109,16.3111,1
oma_e40,4,4,0,3,2,110,18.3934,1
oma_e40,4,4,0,3,2,111,15.5337,1
oma_e40,4,4,0,3,2,112,15.6217,1
oma_e40,4,4,0,3,2,113,19.5645,1
oma_e40,4,4,0,3,2,114,18.9572,1
oma_e40,4,4,0,3,2,115,17.7803,1
oma_e40,4,4,0,3,2,116,15.3065,1
oma_e40,4,4,0,3,2,117,14.8781,1
oma_e40,4,4,0,3,2,118,19.1309,1
oma_e40,4,4,0,3,2,119,14.2731,1
oma_e40,4,4,0,3,2,120,18.9608,0
oma_e40,4,4,0,3,2,121,17.8381,1
oma_e40,4,4,0,3,2,122,17.3992,1
oma_e40,4,4,0,3,2,123,26.8696,0
oma_e40,4,4,0,3,2,124,20.1105,1
oma_e40,4,4,0,3,3,100,20.4326,0
oma_e40,4,4,0,3,3,101,20.5630,1
oma_e40,4,4,0,3,3,102,17.5975,1
oma_e40,4,4,0,3,3,103,13.3079,1
oma_e40,4,4,0,3,3,104,21.6741,1
oma_e40,4,4,0,3,3,105,13.3603,1
oma_e40,4,4,0,3,3,106,20.4230,0
oma_e40,4,4,0,3,3,107,15.8031,1
oma_e40,4,4,0,3,3,108,15.2726,1
oma_e40,4,4,0,3,3,109,13.3301,1
oma_e40,4,4,0,3,3,110,18.1144,1
oma_e40,4,4,0,3,3,111,15.9780,1
oma_e40,4,4,0,3,3,112,14.7881,1
oma_e40,4,4,0,3,3,113,18.1753,1
oma_e40,4,4,0,3,3,114,16.1097,1
oma_e40,4,4,0,3,3,115,16.7691,1
oma_e40,4,4,0,3,3,116,17.8280,1
oma_e40,4,4,0,3,3,117,14.2974,1
oma_e40,4,4,0,3,3,118,20.5514,1
oma_e40,4,4,0,3,3,119,12.9985,1
oma_e40,4,4,0,3,3,120,18.8800,1
oma_e40,4,4,0,3,3,121,17.7584,1
oma_e40,4,4,0,3,3,122,21.2960,1
oma_e40,4,4,0,3,3,123,23.2882,0
oma_e40,4,4,0,3,3,124,18.4806,0
oma_e40,4,4,0,3,0,125,14.2591,0
oma_e40,4,4,0,3,0,126,20.3107,0
oma_e40,4,4,0,3,0,127,18.0754,1
oma_e40,4,4,0,3,0,128,15.3940,1
oma_e40,4,4,0,3,0,129,16.4619,1
oma_e40,4,4,0,3,0,130,16.2258,1
oma_e40,4,4,0,3,0,131,17.2238,1
oma_e40,4,4,0,3,0,132,17.6148,0
oma_e40,4,4,0,3,0,133,16.7710,1
oma_e40,4,4,0,3,0,134,18.4645,1
oma_e40,4,4,0,3,0,135,18.9234,0
oma_e40,4,4,0,3,0,136,20.5405,1
oma_e40,4,4,0,3,0,137,17.6670,1
oma_e40,4,4,0,3,0,138,18.0594,1
oma_e40,4,4,0,3,0,139,19.8489,1
oma_e40,4,4,0,3,0,140,17.0651,1
oma_e40,4,4,0,3,0,141,15.4722,1
oma_e40,4,4,0,3,0,142,23.7072,0
oma_e40,4,4,0,3,0,143,22.0167,0
oma_e40,4,4,0,3,0,144,21.9773,0
oma_e40,4,4,0,3,0,145,18.2238,1
oma_e40,4,4,0,3,0,146,18.1203,1
oma_e40,4,4,0,3,0,147,18.6342,1
oma_e40,4,4,0,3,0,148,19.0567,0
oma_e40,4,4,0,3,0,149,18.7351,1
oma_e40,4,4,0,3,1,125,14.6611,1
oma_e40,4,4,0,3,1,126,18.5289,1
oma_e40,4,4,0,3,1,127,18.8116,0
oma_e40,4,4,0,3,1,128,16.0542,1
oma_e40,4,4,0,3,1,129,17.5122,1
oma_e40,4,4,0,3,1,130,12.1080,1
oma_e40,4,4,0,3,1,131,17.7918,1
oma_e40,4,4,0,3,1,132,16.8013,1
oma_e40,4,4,0,3,1,133,17.4542,1
oma_e40,4,4,0,3,1,134,18.2192,1
oma_e40,4,4,0,3,1,135,19.6945,0
oma_e40,4,4,0,3,1,136,20.7975,0
oma_e40,4,4,0,3,1,137,18.1857,1
oma_e40,4,4,0,3,1,138,17.3784,1
oma_e40,4,4,0,3,1,139,19.3749,1
oma_e40,4,4,0,3,1,140,20.3851,1
oma_e40,4,4,0,3,1,141,15.8315,1
oma_e40,4,4,0,3,1,142,19.8086,1
oma_e40,4,4,0,3,1,143,18.5536,1
oma_e40,4,4,0,3,1,144,23.5281,1
oma_e40,4,4,0,3,1,145,16.9375,0
oma_e40,4,4,0,3,1,146,18.7378,1
oma_e40,4,4,0,3,1,147,20.7928,0
oma_e40,4,4,0,3,1,148,18.7078,0
oma_e40,4,4,0,3,1,149,17.2958,0
oma_e40,4,4,0,3,2,125,16.5060,1
oma_e40,4,4,0,3,2,126,18.5603,1
oma_e40,4,4,0,3,2,127,17.4669,1
oma_e40,4,4,0,3,2,128,16.2662,1
oma_e40,4,4,0,3,2,129,17.6778,0
oma_e40,4,4,0,3,2,130,14.1026,1
oma_e40,4,4,0,3,2,131,22.7098,1
oma_e40,4,4,0,3,2,132,19.5731,1
oma_e40,4,4,0,3,2,133,14.8657,0
oma_e40,4,4,0,3,2,134,16.5420,1
oma_e40,4,4,0,3,2,135,19.5791,1
oma_e40,4,4,0,3,2,136,19.4010,1
oma_e40,4,4,0,3,2,137,17.6346,1
oma_e40,4,4,0,3,2,138,19.2045,1
oma_e40,4,4,0,3,2,139,19.5997,1
oma_e40,4,4,0,3,2,140,21.4838,1
oma_e40,4,4,0,3,2,141,18.6196,1
oma_e40,4,4,0,3,2,142,21.2718,1
oma_e40,4,4,0,3,2,143,21.1304,1
oma_e40,4,4,0,3,2,144,21.0295,1
oma_e40,4,4,0,3,2,145,15.2191,1
oma_e40,4,4,0,3,2,146,15.4633,1
oma_e40,4,4,0,3,2,147,17.5423,1
oma_e40,4,4,0,3,2,148,18.9747,1
oma_e40,4,4,0,3,2,149,15.9337,1
oma_e40,4,4,0,3,3,125,15.4990,1
oma_e40,4,4,0,3,3,126,17.7403,0
oma_e40,4,4,0,3,3,127,18.2174,1
oma_e40,4,4,0,3,3,128,17.4700,1
oma_e40,4,4,0,3,3,129,17.5137,1
oma_e40,4,4,0,3,3,130,15.6086,1
oma_e40,4,4,0,3,3,131,20.9953,1
oma_e40,4,4,0,3,3,132,17.7656,1
oma_e40,4,4,0,3,3,133,14.7836,1
oma_e40,4,4,0,3,3,134,16.2599,0
oma_e40,4,4,0,3,3,135,18.8824,0
oma_e40,4,4,0,3,3,136,18.4796,0
oma_e40,4,4,0,3,3,137,17.0165,1
oma_e40,4,4,0,3,3,138,16.4298,1
oma_e40,4,4,0,3,3,139,18.1814,1
oma_e40,4,4,0,3,3,140,18.0911,1
oma_e40,4,4,0,3,3,141,17.9934,1
oma_e40,4,4,0,3,3,142,20.6105,1
oma_e40,4,4,0,3,3,143,23.1053,0
oma_e40,4,4,0,3,3,144,23.3371,0
oma_e40,4,4,0,3,3,145,16.5264,0
oma_e40,4,4,0,3,3,146,15.2072,1
oma_e40,4,4,0,3,3,147,16.4761,0
oma_e40,4,4,0,3,3,148,18.3738,1
oma_e40,4,4,0,3,3,149,16.3479,1
oma_e40,4,4,0,3,0,150,13.7073,1
oma_e40,4,4,0,3,0,151,18.2502,1
oma_e40,4,4,0,3,0,152,17.2702,1
oma_e40,4,4,0,3,0,153,20.0134,0
oma_e40,4,4,0,3,0,154,15.0628,0
oma_e40,4,4,0,3,0,155,21.0343,1
oma_e40,4,4,0,3,0,156,16.1778,1
oma_e40,4,4,0,3,0,157,19.4248,1
oma_e40,4,4,0,3,0,158,23.7675,0
oma_e40,4,4,0,3,0,159,17.9469,1
oma_e40,4,4,0,3,0,160,18.1274,1
oma_e40,4,4,0,3,0,161,21.9572,1
oma_e40,4,4,0,3,0,162,20.0337,0
oma_e40,4,4,0,3,0,163,18.9249,1
oma_e40,4,4,0,3,0,164,15.5494,1
oma_e40,4,4,0,3,0,165,19.6344,0
oma_e40,4,4,0,3,0,166,19.7470,0
oma_e40,4,4,0,3,0,167,16.2564,1
oma_e40,4,4,0,3,0,168,19.8804,1
oma_e40,4,4,0,3,0,169,22.7704,0
oma_e40,4,4,0,3,0,170,14.0456,1
oma_e40,4,4,0,3,0,171,18.3403,1
oma_e40,4,4,0,3,0,172,17.7459,1
oma_e40,4,4,0,3,0,173,18.2977,1
oma_e40,4,4,0,3,0,174,15.7213,1
oma_e40,4,4,0,3,1,150,14.2099,1
oma_e40,4,4,0,3,1,151,22.4369,0
oma_e40,4,4,0,3,1,152,17.0079,0
oma_e40,4,4,0,3,1,153,22.0791,1
oma_e40,4,4,0,3,1,154,16.2012,1
oma_e40,4,4,0,3,1,155,22.8129,1
oma_e40,4,4,0,3,1,156,15.7779,0
oma_e40,4,4,0,3,1,157,17.3141,1
oma_e40,4,4,0,3,1,158,18.9549,1
oma_e40,4,4,0,3,1,159,20.5366,1
oma_e40,4,4,0,3,1,160,18.9718,0
oma_e40,4,4,0,3,1,161,22.0931,1
oma_e40,4,4,0,3,1,162,20.4323,1
oma_e40,4,4,0,3,1,163,16.2508,1
oma_e40,4,4,0,3,1,164,14.7652,0
oma_e40,4,4,0,3,1,165,20.6118,0
oma_e40,4,4,0,3,1,166,21.1406,0
oma_e40,4,4,0,3,1,167,16.6637,0
oma_e40,4,4,0,3,1,168,19.9581,1
oma_e40,4,4,0,3,1,169,20.9808,0
oma_e40,4,4,0,3,1,170,15.5667,0
oma_e40,4,4,0,3,1,171,17.5283,1
oma_e40,4,4,0,3,1,172,18.9625,1
oma_e40,4,4,0,3,1,173,16.9462,1
oma_e40,4,4,0,3,1,174,19.5208,0
oma_e40,4,4,0,3,2,150,15.1972,1
oma_e40,4,4,0,3,2,151,15.4094,1
oma_e40,4,4,0,3,2,152,21.0876,0
oma_e40,4,4,0,3,2,153,21.3719,0
oma_e40,4,4,0,3,2,154,22.9997,0
oma_e40,4,4,0,3,2,155,21.3367,1
oma_e40,4,4,0,3,2,156,16.6093,1
oma_e40,4,4,0,3,2,157,17.9412,1
oma_e40,4,4,0,3,2,158,24.2460,0
oma_e40,4,4,0,3,2,159,20.5214,1
oma_e40,4,4,0,3,2,160,18.6027,0
oma_e40,4,4,0,3,2,161,19.5808,0
oma_e40,4,4,0,3,2,162,17.5573,1
oma_e40,4,4,0,3,2,163,20.1655,1
oma_e40,4,4,0,3,2,164,15.7878,0
oma_e40,4,4,0,3,2,165,22.7387,0
oma_e40,4,4,0,3,2,166,16.8465,1
oma_e40,4,4,0,3,2,167,18.3066,1
oma_e40,4,4,0,3,2,168,19.4578,1
oma_e40,4,4,0,3,2,169,19.7856,1
oma_e40,4,4,0,3,2,170,14.8669,1
oma_e40,4,4,0,3,2,171,19.7921,0
oma_e40,4,4,0,3,2,172,19.5488,1
oma_e40,4,4,0,3,2,173,14.3861,1
oma_e40,4,4,0,3,2,174,15.8254,1
oma_e40,4,4,0,3,3,150,12.9022,1
oma_e40,4,4,0,3,3,151,18.2341,1
oma_e40,4,4,0,3,3,152,20.3007,0
oma_e40,4,4,0,3,3,153,18.6796,1
oma_e40,4,4,0,3,3,154,22.5867,0
oma_e40,4,4,0,3,3,155,21.4548,1
oma_e40,4,4,0,3,3,156,15.1353,1
oma_e40,4,4,0,3,3,157,26.2742,0
oma_e40,4,4,0,3,3,158,19.4027,0
oma_e40,4,4,0,3,3,159,21.3110,0
oma_e40,4,4,0,3,3,160,21.3892,0
oma_e40,4,4,0,3,3,161,17.7706,0
oma_e40,4,4,0,3,3,162,17.1577,1
oma_e40,4,4,0,3,3,163,18.2795,0
oma_e40,4,4,0,3,3,164,16.0071,1
oma_e40,4,4,0,3,3,165,21.0439,0
oma_e40,4,4,0,3,3,166,19.4640,1
oma_e40,4,4,0,3,3,167,18.6874,0
oma_e40,4,4,0,3,3,168,19.4866,1
oma_e40,4,4,0,3,3,169,21.5768,0
oma_e40,4,4,0,3,3,170,13.9533,1
oma_e40,4,4,0,3,3,171,17.8864,1
oma_e40,4,4,0,3,3,172,18.7122,1
oma_e40,4,4,0,3,3,173,16.1573,1
oma_e40,4,4,0,3,3,174,19.6919,0
oma_e40,4,4,0,3,0,175,21.1385,0
oma_e40,4,4,0,3,0,176,19.2722,1
oma_e40,4,4,0,3,0,177,18.6055,1
oma_e40,4,4,0,3,0,178,21.4891,0
oma_e40,4,4,0,3,0,179,17.1853,0
oma_e40,4,4,0,3,0,180,22.3594,0
oma_e40,4,4,0,3,0,181,18.6183,1
oma_e40,4,4,0,3,0,182,19.1525,0
oma_e40,4,4,0,3,0,183,15.1061,1
oma_e40,4,4,0,3,0,184,12.6291,1
oma_e40,4,4,0,3,0,185,20.7188,0
oma_e40,4,4,0,3,0,186,18.6975,1
oma_e40,4,4,0,3,0,187,20.2802,1
oma_e40,4,4,0,3,0,188,17.1078,0
oma_e40,4,4,0,3,0,189,19.0695,1
oma_e40,4,4,0,3,0,190,19.2489,1
oma_e40,4,4,0,3,0,191,19.5642,1
oma_e40,4,4,0,3,0,192,19.9453,1
oma_e40,4,4,0,3,0,193,14.7219,0
oma_e40,4,4,0,3,0,194,19.5586,0
oma_e40,4,4,0,3,0,195,17.9265,1
oma_e40,4,4,0,3,0,196,22.3401,0
oma_e40,4,4,0,3,0,197,16.4084,1
oma_e40,4,4,0,3,0,198,20.3413,0
oma_e40,4,4,0,3,0,199,11.5464,1
oma_e40,4,4,0,3,1,175,18.0060,0
oma_e40,4,4,0,3,1,176,16.1357,1
oma_e40,4,4,0,3,1,177,18.2117,1
oma_e40,4,4,0,3,1,178,23.6472,0
oma_e40,4,4,0,3,1,179,17.4202,1
oma_e40,4,4,0,3,1,180,21.1345,0
oma_e40,4,4,0,3,1,181,16.2151,1
oma_e40,4,4,0,3,1,182,17.5591,0
oma_e40,4,4,0,3,1,183,12.7535,1
oma_e40,4,4,0,3,1,184,13.8556,1
oma_e40,4,4,0,3,1,185,17.9108,1
oma_e40,4,4,0,3,1,186,17.7014,1
oma_e40,4,4,0,3,1,187,18.5061,1
oma_e40,4,4,0,3,1,188,18.9717,0
oma_e40,4,4,0,3,1,189,17.7903,1
oma_e40,4,4,0,3,1,190,19.5185,0
oma_e40,4,4,0,3,1,191,17.9518,1
oma_e40,4,4,0,3,1,192,17.4241,0
oma_e40,4,4,0,3,1,193,13.2859,0
oma_e40,4,4,0,3,1,194,21.2273,1
oma_e40,4,4,0,3,1,195,16.4021,1
oma_e40,4,4,0,3,1,196,18.8445,1
oma_e40,4,4,0,3,1,197,14.9108,1
oma_e40,4,4,0,3,1,198,19.6057,0
oma_e40,4,4,0,3,1,199,13.0726,1
oma_e40,4,4,0,3,2,175,16.2852,1
oma_e40,4,4,0,3,2,176,17.5289,1
oma_e40,4,4,0,3,2,177,19.7688,0
oma_e40,4,4,0,3,2,178,18.1927,1
oma_e40,4,4,0,3,2,179,16.9390,1
oma_e40,4,4,0,3,2,180,19.9538,0
oma_e40,4,4,0,3,2,181,18.4257,0
oma_e40,4,4,0,3,2,182,17.4282,0
oma_e40,4,4,0,3,2,183,14.2360,1
oma_e40,4,4,0,3,2,184,14.4062,1
oma_e40,4,4,0,3,2,185,22.5660,0
oma_e40,4,4,0,3,2,186,17.2838,0
oma_e40,4,4,0,3,2,187,18.0123,1
oma_e40,4,4,0,3,2,188,20.2045,1
oma_e40,4,4,0,3,2,189,18.7867,1
oma_e40,4,4,0,3,2,190,18.9635,1
oma_e40,4,4,0,3,2,191,19.5644,1
oma_e40,4,4,0,3,2,192,19.6205,0
oma_e40,4,4,0,3,2,193,12.5744,1
oma_e40,4,4,0,3,2,194,20.6550,0
oma_e40,4,4,0,3,2,195,23.4759,1
oma_e40,4,4,0,3,2,196,18.6732,0
oma_e40,4,4,0,3,2,197,17.1328,1
oma_e40,4,4,0,3,2,198,20.8638,1
oma_e40,4,4,0,3,2,199,11.8281,1
oma_e40,4,4,0,3,3,175,18.6148,1
oma_e40,4,4,0,3,3,176,16.2459,1
oma_e40,4,4,0,3,3,177,18.4554,0
oma_e40,4,4,0,3,3,178,21.2850,1
oma_e40,4,4,0,3,3,179,13.1974,1
oma_e40,4,4,0,3,3,180,20.0999,0
oma_e40,4,4,0,3,3,181,18.7100,1
oma_e40,4,4,0,3,3,182,16.7665,1
oma_e40,4,4,0,3,3,183,11.2793,1
oma_e40,4,4,0,3,3,184,10.9483,1
oma_e40,4,4,0,3,3,185,23.0898,0
oma_e40,4,4,0,3,3,186,21.1467,0
oma_e40,4,4,0,3,3,187,19.1849,0
oma_e40,4,4,0,3,3,188,19.2097,0
oma_e40,4,4,0,3,3,189,19.6343,1
oma_e40,4,4,0,3,3,190,18.0110,1
oma_e40,4,4,0,3,3,191,19.4295,0
oma_e40,4,4,0,3,3,192,18.8355,1
oma_e40,4,4,0,3,3,193,12.1030,1
oma_e40,4,4,0,3,3,194,22.4681,0
oma_e40,4,4,0,3,3,195,19.2936,0
oma_e40,4,4,0,3,3,196,21.1149,1
oma_e40,4,4,0,3,3,197,12.9541,1
oma_e40,4,4,0,3,3,198,19.6060,1
oma_e40,4,4,0,3,3,199,11.8724,1
oma_e40,4,4,0,4,0,0,13.1088,1
oma_e40,4,4,0,4,0,1,22.7384,0
oma_e40,4,4,0,4,0,2,17.7911,1
oma_e40,4,4,0,4,0,3,17.6468,1
oma_e40,4,4,0,4,0,4,12.9788,1
oma_e40,4,4,0,4,0,5,21.1393,0
oma_e40,4,4,0,4,0,6,18.5046,1
oma_e40,4,4,0,4,0,7,13.3912,1
oma_e40,4,4,0,4,0,8,16.4634,1
oma_e40,4,4,0,4,0,9,18.4589,0
oma_e40,4,4,0,4,0,10,18.8771,1
oma_e40,4,4,0,4,0,11,15.6088,1
oma_e40,4,4,0,4,0,12,19.0777,1
oma_e40,4,4,0,4,0,13,17.2862,1
oma_e40,4,4,0,4,0,14,18.6248,1
oma_e40,4,4,0,4,0,15,16.7281,1
oma_e40,4,4,0,4,0,16,19.4158,0
oma_e40,4,4,0,4,0,17,14.8596,1
oma_e40,4,4,0,4,0,18,16.6624,1
oma_e40,4,4,0,4,0,19,14.6107,1
oma_e40,4,4,0,4,0,20,15.1775,1
oma_e40,4,4,0,4,0,21,13.5619,1
oma_e40,4,4,0,4,0,22,21.8620,1
oma_e40,4,4,0,4,0,23,17.4670,1
oma_e40,4,4,0,4,0,24,17.5923,1
oma_e40,4,4,0,4,1,0,14.5279,1
oma_e40,4,4,0,4,1,1,19.7617,1
oma_e40,4,4,0,4,1,2,18.7949,0
oma_e40,4,4,0,4,1,3,20.3495,0
oma_e40,4,4,0,4,1,4,16.5045,1
oma_e40,4,4,0,4,1,5,18.5588,0
oma_e40,4,4,0,4,1,6,16.5303,1
oma_e40,4,4,0,4,1,7,14.3153,1
oma_e40,4,4,0,4,1,8,16.2224,1
oma_e40,4,4,0,4,1,9,16.8072,1
oma_e40,4,4,0,4,1,10,15.4259,1
oma_e40,4,4,0,4,1,11,18.1120,1
oma_e40,4,4,0,4,1,12,20.0416,0
oma_e40,4,4,0,4,1,13,19.0110,0
oma_e40,4,4,0,4,1,14,19.6076,1
oma_e40,4,4,0,4,1,15,15.5515,1
oma_e40,4,4,0,4,1,16,17.3413,0
oma_e40,4,4,0,4,1,17,15.1118,1
oma_e40,4,4,0,4,1,18,17.1057,1
oma_e40,4,4,0,4,1,19,15.9521,1
oma_e40,4,4,0,4,1,20,17.4853,1
oma_e40,4,4,0,4,1,21,16.0247,1
oma_e40,4,4,0,4,1,22,17.9169,1
oma_e40,4,4,0,4,1,23,15.6176,1
oma_e40,4,4,0,4,1,24,17.0696,0
oma_e40,4,4,0,4,2,0,13.5140,1
oma_e40,4,4,0,4,2,1,20.8710,1
oma_e40,4,4,0,4,2,2,18.4798,1
oma_e40,4,4,0,4,2,3,16.7728,1
oma_e40,4,4,0,4,2,4,17.6160,1
oma_e40,4,4,0,4,2,5,20.7947,0
oma_e40,4,4,0,4,2,6,16.5318,1
oma_e40,4,4,0,4,2,7,13.1857,1
oma_e40,4,4,0,4,2,8,13.4996,1
oma_e40,4,4,0,4,2,9,18.9371,1
oma_e40,4,4,0,4,2,10,17.3733,1
oma_e40,4,4,0,4,2,11,20.5302,1
oma_e40,4,4,0,4,2,12,19.4321,0
oma_e40,4,4,0,4,2,13,17.4713,1
oma_e40,4,4,0,4,2,14,19.9152,1
oma_e40,4,4,0,4,2,15,19.8786,1
oma_e40,4,4,0,4,2,16,18.0034,0
oma_e40,4,4,0,4,2,17,14.7718,1
oma_e40,4,4,0,4,2,18,15.5433,1
oma_e40,4,4,0,4,2,19,13.8620,1
oma_e40,4,4,0,4,2,20,13.6866,1
oma_e40,4,4,0,4,2,21,16.3581,1
oma_e40,4,4,0,4,2,22,18.9281,1
oma_e40,4,4,0,4,2,23,19.9162,0
oma_e40,4,4,0,4,2,24,19.5926,1
oma_e40,4,4,0,4,3,0,15.1610,1
oma_e40,4,4,0,4,3,1,18.9381,1
oma_e40,4,4,0,4,3,2,17.2534,1
oma_e40,4,4,0,4,3,3,16.8531,1
oma_e40,4,4,0,4,3,4,15.6384,1
oma_e40,4,4,0,4,3,5,18.5213,1
oma_e40,4,4,0,4,3,6,15.7271,1
oma_e40,4,4,0,4,3,7,14.4627,1
oma_e40,4,4,0,4,3,8,16.9817,1
oma_e40,4,4,0,4,3,9,21.1212,0
oma_e40,4,4,0,4,3,10,18.8720,1
oma_e40,4,4,0,4,3,11,18.5477,1
oma_e40,4,4,0,4,3,12,17.4345,0
oma_e40,4,4,0,4,3,13,16.5621,1
oma_e40,4,4,0,4,3,14,16.8885,0
oma_e40,4,4,0,4,3,15,15.6646,1
oma_e40,4,4,0,4,3,16,18.3168,1
oma_e40,4,4,0,4,3,17,16.3311,1
oma_e40,4,4,0,4,3,18,17.7526,1
oma_e40,4,4,0,4,3,19,12.8916,1
oma_e40,4,4,0,4,3,20,17.9186,1
oma_e40,4,4,0,4,3,21,18.5134,1
oma_e40,4,4,0,4,3,22,20.1472,1
oma_e40,4,4,0,4,3,23,17.9249,0
oma_e40,4,4,0,4,3,24,19.1331,1
oma_e40,4,4,0,4,0,25,14.7317,1
oma_e40,4,4,0,4,0,26,21.0726,0
oma_e40,4,4,0,4,0,27,18.3832,1
oma_e40,4,4,0,4,0,28,19.7253,0
oma_e40,4,4,0,4,0,29,13.9704,1
oma_e40,4,4,0,4,0,30,16.3405,1
oma_e40,4,4,0,4,0,31,17.3619,0
oma_e40,4,4,0,4,0,32,19.3855,1
oma_e40,4,4,0,4,0,33,22.7648,0
oma_e40,4,4,0,4,0,34,16.8291,0
oma_e40,4,4,0,4,0,35,10.0247,1
oma_e40,4,4,0,4,0,36,19.2594,0
oma_e40,4,4,0,4,0,37,20.0579,0
oma_e40,4,4,0,4,0,38,18.4895,1
oma_e40,4,4,0,4,0,39,23.4174,0
oma_e40,4,4,0,4,0,40,24.0399,1
oma_e40,4,4,0,4,0,41,20.5119,1
oma_e40,4,4,0,4,0,42,22.6026,0
oma_e40,4,4,0,4,0,43,10.7473,1
oma_e40,4,4,0,4,0,44,22.2595,0
oma_e40,4,4,0,4,0,45,18.0513,1
oma_e40,4,4,0,4,0,46,15.1352,1
oma_e40,4,4,0,4,0,47,20.8478,1
oma_e40,4,4,0,4,0,48,19.0316,1
oma_e40,4,4,0,4,0,49,21.0159,1
oma_e40,4,4,0,4,1,25,16.4873,1
oma_e40,4,4,0,4,1,26,19.4238,1
oma_e40,4,4,0,4,1,27,16.2830,1
oma_e40,4,4,0,4,1,28,18.8282,0
oma_e40,4,4,0,4,1,29,15.1284,1
oma_e40,4,4,0,4,1,30,17.7920,0
oma_e40,4,4,0,4,1,31,16.5075,1
oma_e40,4,4,0,4,1,32,22.7358,0
oma_e40,4,4,0,4,1,33,26.0639,0
oma_e40,4,4,0,4,1,34,17.8479,1
oma_e40,4,4,0,4,1,35,13.1824,1
oma_e40,4,4,0,4,1,36,21.2194,1
oma_e40,4,4,0,4,1,37,17.0585,0
oma_e40,4,4,0,4,1,38,16.8794,1
oma_e40,4,4,0,4,1,39,20.4444,1
oma_e40,4,4,0,4,1,40,22.5033,1
oma_e40,4,4,0,4,1,41,23.7237,1
oma_e40,4,4,0,4,1,42,27.8703,0
oma_e40,4,4,0,4,1,43,12.4981,1
oma_e40,4,4,0,4,1,44,16.2436,0
oma_e40,4,4,0,4,1,45,17.7417,1
oma_e40,4,4,0,4,1,46,14.3002,1
oma_e40,4,4,0,4,1,47,17.8772,0
oma_e40,4,4,0,4,1,48,19.7415,1
oma_e40,4,4,0,4,1,49,18.0537,0
oma_e40,4,4,0,4,2,25,16.6150,1
oma_e40,4,4,0,4,2,26,19.9760,0
oma_e40,4,4,0,4,2,27,19.4469,1
oma_e40,4,4,0,4,2,28,20.4119,1
oma_e40,4,4,0,4,2,29,14.1511,1
oma_e40,4,4,0,4,2,30,13.3498,1
oma_e40,4,4,0,4,2,31,21.9066,0
oma_e40,4,4,0,4,2,32,16.8857,0
oma_e40,4,4,0,4,2,33,20.7035,1
oma_e40,4,4,0,4,2,34,18.9102,0
oma_e40,4,4,0,4,2,35,10.6580,1
oma_e40,4,4,0,4,2,36,19.0201,0
oma_e40,4,4,0,4,2,37,14.3913,1
oma_e40,4,4,0,4,2,38,16.9212,1
oma_e40,4,4,0,4,2,39,19.9984,0
oma_e40,4,4,0,4,2,40,22.8573,0
oma_e40,4,4,0,4,2,41,20.7015,1
oma_e40,4,4,0,4,2,42,19.5023,1
oma_e40,4,4,0,4,2,43,10.6930,0
oma_e40,4,4,0,4,2,44,18.6635,0
oma_e40,4,4,0,4,2,45,20.4721,1
oma_e40,4,4,0,4,2,46,13.9088,1
oma_e40,4,4,0,4,2,47,22.2896,0
oma_e40,4,4,0,4,2,48,21.4799,1
oma_e40,4,4,0,4,2,49,17.4124,1
oma_e40,4,4,0,4,3,25,18.0162,0
oma_e40,4,4,0,4,3,26,19.9858,1
oma_e40,4,4,0,4,3,27,15.5727,1
oma_e40,4,4,0,4,3,28,20.2860,1
oma_e40,4,4,0,4,3,29,14.3335,0
oma_e40,4,4,0,4,3,30,17.6366,1
oma_e40,4,4,0,4,3,31,16.8568,1
oma_e40,4,4,0,4,3,32,23.1875,1
oma_e40,4,4,0,4,3,33,26.9419,0
oma_e40,4,4,0,4,3,34,18.1548,1
oma_e40,4,4,0,4,3,35,10.4203,0
oma_e40,4,4,0,4,3,36,19.0017,1
oma_e40,4,4,0,4,3,37,16.8187,1
oma_e40,4,4,0,4,3,38,20.5450,1
oma_e40,4,4,0,4,3,39,22.8765,0
oma_e40,4,4,0,4,3,40,23.2948,1
oma_e40,4,4,0,4,3,41,19.8255,1
oma_e40,4,4,0,4,3,42,21.0234,0
oma_e40,4,4,0,4,3,43,11.9381,1
oma_e40,4,4,0,4,3,44,19.3814,1
oma_e40,4,4,0,4,3,45,20.7298,1
oma_e40,4,4,0,4,3,46,14.9727,1
oma_e40,4,4,0,4,3,47,20.1577,0
oma_e40,4,4,0,4,3,48,19.6118,1
oma_e40,4,4,0,4,3,49,18.1938,0
oma_e40,4,4,0,4,0,50,20.3460,0
oma_e40,4,4,0,4,0,51,16.1041,0
oma_e40,4,4,0,4,0,52,14.3777,1
oma_e40,4,4,0,4,0,53,16.6183,1
oma_e40,4,4,0,4,0,54,17.1313,1
oma_e40,4,4,0,4,0,55,15.2484,1
oma_e40,4,4,0,4,0,56,11.8466,1
oma_e40,4,4,0,4,0,57,14.9642,1
oma_e40,4,4,0,4,0,58,21.5687,0
oma_e40,4,4,0,4,0,59,24.4783,1
oma_e40,4,4,0,4,0,60,14.2991,1
oma_e40,4,4,0,4,0,61,13.8761,0
oma_e40,4,4,0,4,0,62,20.5698,0
oma_e40,4,4,0,4,0,63,16.8708,1
oma_e40,4,4,0,4,0,64,22.4188,1
oma_e40,4,4,0,4,0,65,18.2730,0
oma_e40,4,4,0,4,0,66,20.5303,1
oma_e40,4,4,0,4,0,67,21.6708,0
oma_e40,4,4,0,4,0,68,16.8172,1
oma_e40,4,4,0,4,0,69,17.8189,1
oma_e40,4,4,0,4,0,70,12.0590,1
oma_e40,4,4,0,4,0,71,13.6592,1
oma_e40,4,4,0,4,0,72,20.3074,0
oma_e40,4,4,0,4,0,73,18.9085,1
oma_e40,4,4,0,4,0,74,18.8925,1
oma_e40,4,4,0,4,1,50,20.0918,1
oma_e40,4,4,0,4,1,51,14.3119,1
oma_e40,4,4,0,4,1,52,16.7345,1
oma_e40,4,4,0,4,1,53,14.1765,1
oma_e40,4,4,0,4,1,54,14.6029,0
oma_e40,4,4,0,4,1,55,19.8728,1
oma_e40,4,4,0,4,1,56,12.3280,1
oma_e40,4,4,0,4,1,57,16.0916,0
oma_e40,4,4,0,4,1,58,23.1898,1
oma_e40,4,4,0,4,1,59,19.4105,0
oma_e40,4,4,0,4,1,60,13.7579,1
oma_e40,4,4,0,4,1,61,12.7770,1
oma_e40,4,4,0,4,1,62,22.0617,0
oma_e40,4,4,0,4,1,63,19.4059,1
oma_e40,4,4,0,4,1,64,21.1842,0
oma_e40,4,4,0,4,1,65,21.1475,1
oma_e40,4,4,0,4,1,66,21.1183,0
oma_e40,4,4,0,4,1,67,16.9363,1
oma_e40,4,4,0,4,1,68,15.9583,1
oma_e40,4,4,0,4,1,69,18.4902,1
oma_e40,4,4,0,4,1,70,13.3703,1
oma_e40,4,4,0,4,1,71,15.1107,1
oma_e40,4,4,0,4,1,72,20.9078,1
oma_e40,4,4,0,4,1,73,16.2101,1
oma_e40,4,4,0,4,1,74,17.9699,0
oma_e40,4,4,0,4,2,50,18.2616,0
oma_e40,4,4,0,4,2,51,14.7922,1
oma_e40,4,4,0,4,2,52,16.5427,1
oma_e40,4,4,0,4,2,53,14.5994,1
oma_e40,4,4,0,4,2,54,16.1241,1
oma_e40,4,4,0,4,2,55,23.8086,1
oma_e40,4,4,0,4,2,56,13.2199,1
oma_e40,4,4,0,4,2,57,17.3251,1
oma_e40,4,4,0,4,2,58,19.7430,1
oma_e40,4,4,0,4,2,59,20.5824,1
oma_e40,4,4,0,4,2,60,12.5254,1
oma_e40,4,4,0,4,2,61,11.8668,1
oma_e40,4,4,0,4,2,62,19.7210,1
oma_e40,4,4,0,4,2,63,15.8087,1
oma_e40,4,4,0,4,2,64,17.9879,0
oma_e40,4,4,0,4,2,65,21.7857,0
oma_e40,4,4,0,4,2,66,19.7060,0
oma_e40,4,4,0,4,2,67,18.5061,1
oma_e40,4,4,0,4,2,68,14.6182,1
oma_e40,4,4,0,4,2,69,18.5724,1
oma_e40,4,4,0,4,2,70,10.6074,1
oma_e40,4,4,0,4,2,71,13.9360,1
oma_e40,4,4,0,4,2,72,21.2226,0
oma_e40,4,4,0,4,2,73,15.5740,1
oma_e40,4,4,0,4,2,74,15.3855,1
oma_e40,4,4,0,4,3,50,18.5371,1
oma_e40,4,4,0,4,3,51,17.6678,1
oma_e40,4,4,0,4,3,52,16.0233,1
oma_e40,4,4,0,4,3,53,14.5944,1
oma_e40,4,4,0,4,3,54,19.4876,1
oma_e40,4,4,0,4,3,55,20.2124,1
oma_e40,4,4,0,4,3,56,11.5262,1
oma_e40,4,4,0,4,3,57,15.5152,1
oma_e40,4,4,0,4,3,58,21.2606,0
oma_e40,4,4,0,4,3,59,23.4279,0
oma_e40,4,4,0,4,3,60,15.2760,1
oma_e40,4,4,0,4,3,61,13.3549,0
oma_e40,4,4,0,4,3,62,19.9524,1
oma_e40,4,4,0,4,3,63,16.8500,1
oma_e40,4,4,0,4,3,64,22.2522,1
oma_e40,4,4,0,4,3,65,22.8135,0
oma_e40,4,4,0,4,3,66,21.0754,0
oma_e40,4,4,0,4,3,67,16.7524,1
oma_e40,4,4,0,4,3,68,18.5146,0
oma_e40,4,4,0,4,3,69,19.9091,1
oma_e40,4,4,0,4,3,70,15.3983,1
oma_e40,4,4,0,4,3,71,13.5161,1
oma_e40,4,4,0,4,3,72,20.1982,1
oma_e40,4,4,0,4,3,73,18.7102,1
oma_e40,4,4,0,4,3,74,17.6719,1
oma_e40,4,4,0,4,0,75,18.7051,0
oma_e40,4,4,0,4,0,76,21.6524,1
oma_e40,4,4,0,4,0,77,16.9952,0
oma_e40,4,4,0,4,0,78,19.5887,0
oma_e40,4,4,0,4,0,79,20.0159,1
oma_e40,4,4,0,4,0,80,18.2748,0
oma_e40,4,4,0,4,0,81,17.2589,0
oma_e40,4,4,0,4,0,82,17.7510,1
oma_e40,4,4,0,4,0,83,16.3041,1
oma_e40,4,4,0,4,0,84,17.2495,1
oma_e40,4,4,0,4,0,85,19.0341,1
oma_e40,4,4,0,4,0,86,17.9241,1
oma_e40,4,4,0,4,0,87,14.3071,1
oma_e40,4,4,0,4,0,88,17.1016,1
oma_e40,4,4,0,4,0,89,20.0079,0
oma_e40,4,4,0,4,0,90,18.0815,1
oma_e40,4,4,0,4,0,91,17.7328,1
oma_e40,4,4,0,4,0,92,21.0444,1
oma_e40,4,4,0,4,0,93,15.2427,1
oma_e40,4,4,0,4,0,94,18.4859,1
oma_e40,4,4,0,4,0,95,18.7311,0
oma_e40,4,4,0,4,0,96,20.2684,0
oma_e40,4,4,0,4,0,97,13.7303,1
oma_e40,4,4,0,4,0,98,18.0196,0
oma_e40,4,4,0,4,0,99,15.2787,1
oma_e40,4,4,0,4,1,75,19.8629,0
oma_e40,4,4,0,4,1,76,19.8928,1
oma_e40,4,4,0,4,1,77,17.7524,1
oma_e40,4,4,0,4,1,78,19.6809,1
oma_e40,4,4,0,4,1,79,17.6297,1
oma_e40,4,4,0,4,1,80,18.2017,0
oma_e40,4,4,0,4,1,81,21.2193,1
oma_e40,4,4,0,4,1,82,19.7721,1
oma_e40,4,4,0,4,1,83,19.1162,1
oma_e40,4,4,0,4,1,84,16.5037,1
oma_e40,4,4,0,4,1,85,23.1877,1
oma_e40,4,4,0,4,1,86,19.8925,0
oma_e40,4,4,0,4,1,87,14.8704,1
oma_e40,4,4,0,4,1,88,17.0837,1
oma_e40,4,4,0,4,1,89,20.8426,0
oma_e40,4,4,0,4,1,90,16.8386,1
oma_e40,4,4,0,4,1,91,18.1169,1
oma_e40,4,4,0,4,1,92,21.0615,1
oma_e40,4,4,0,4,1,93,14.1763,1
oma_e40,4,4,0,4,1,94,19.4876,1
oma_e40,4,4,0,4,1,95,18.3387,0
oma_e40,4,4,0,4,1,96,19.9685,1
oma_e40,4,4,0,4,1,97,15.0026,1
oma_e40,4,4,0,4,1,98,15.8336,1
oma_e40,4,4,0,4,1,99,15.7985,1
oma_e40,4,4,0,4,2,75,17.1626,1
oma_e40,4,4,0,4,2,76,20.2641,1
oma_e40,4,4,0,4,2,77,16.7103,0
oma_e40,4,4,0,4,2,78,20.2180,1
oma_e40,4,4,0,4,2,79,15.5540,1
oma_e40,4,4,0,4,2,80,20.2210,1
oma_e40,4,4,0,4,2,81,19.0970,1
oma_e40,4,4,0,4,2,82,16.5076,0
oma_e40,4,4,0,4,2,83,18.9005,1
oma_e40,4,4,0,4,2,84,19.9475,1
oma_e40,4,4,0,4,2,85,18.7864,1
oma_e40,4,4,0,4,2,86,18.4239,1
oma_e40,4,4,0,4,2,87,11.5116,0
oma_e40,4,4,0,4,2,88,19.1084,0
oma_e40,4,4,0,4,2,89,20.6788,1
oma_e40,4,4,0,4,2,90,19.0978,1
oma_e40,4,4,0,4,2,91,18.2119,1
oma_e40,4,4,0,4,2,92,20.3374,1
oma_e40,4,4,0,4,2,93,13.1473,1
oma_e40,4,4,0,4,2,94,16.7945,0
oma_e40,4,4,0,4,2,95,22.8318,0
oma_e40,4,4,0,4,2,96,19.7342,1
oma_e40,4,4,0,4,2,97,15.5146,1
oma_e40,4,4,0,4,2,98,18.8551,1
oma_e40,4,4,0,4,2,99,14.2278,1
oma_e40,4,4,0,4,3,75,23.8018,0
oma_e40,4,4,0,4,3,76,21.2438,1
oma_e40,4,4,0,4,3,77,16.1267,1
oma_e40,4,4,0,4,3,78,19.3868,1
oma_e40,4,4,0,4,3,79,17.4290,0
oma_e40,4,4,0,4,3,80,21.0926,0
oma_e40,4,4,0,4,3,81,18.1300,1
oma_e40,4,4,0,4,3,82,18.2711,1
oma_e40,4,4,0,4,3,83,20.2860,1
oma_e40,4,4,0,4,3,84,20.1206,1
oma_e40,4,4,0,4,3,85,19.3073,0
oma_e40,4,4,0,4,3,86,18.2588,0
oma_e40,4,4,0,4,3,87,11.5177,1
oma_e40,4,4,0,4,3,88,17.8883,0
oma_e40,4,4,0,4,3,89,23.1207,0
oma_e40,4,4,0,4,3,90,16.5478,0
oma_e40,4,4,0,4,3,91,18.6681,1
oma_e40,4,4,0,4,3,92,20.4847,1
oma_e40,4,4,0,4,3,93,13.1992,0
oma_e40,4,4,0,4,3,94,20.4008,1
oma_e40,4,4,0,4,3,95,17.5257,1
oma_e40,4,4,0,4,3,96,19.4276,0
oma_e40,4,4,0,4,3,97,15.7135,1
oma_e40,4,4,0,4,3,98,17.5524,1
oma_e40,4,4,0,4,3,99,14.5638,1
oma_e40,4,4,0,4,0,100,14.9041,1
oma_e40,4,4,0,4,0,101,21.7803,1
oma_e40,4,4,0,4,0,102,19.3628,0
oma_e40,4,4,0,4,0,103,14.2427,1
oma_e40,4,4,0,4,0,104,15.2704,1
oma_e40,4,4,0,4,0,105,20.0586,0
oma_e40,4,4,0,4,0,106,17.2904,1
oma_e40,4,4,0,4,0,107,19.3274,1
oma_e40,4,4,0,4,0,108,15.8210,1
oma_e40,4,4,0,4,0,109,13.5597,1
oma_e40,4,4,0,4,0,110,17.8742,0
oma_e40,4,4,0,4,0,111,18.2254,1
oma_e40,4,4,0,4,0,112,18.7251,1
oma_e40,4,4,0,4,0,113,17.8076,1
oma_e40,4,4,0,4,0,114,19.6644,0
oma_e40,4,4,0,4,0,115,17.7349,1
oma_e40,4,4,0,4,0,116,20.3785,1
oma_e40,4,4,0,4,0,117,20.0406,1
oma_e40,4,4,0,4,0,118,17.4350,1
oma_e40,4,4,0,4,0,119,12.7219,1
oma_e40,4,4,0,4,0,120,18.6324,1
oma_e40,4,4,0,4,0,121,20.2655,1
oma_e40,4,4,0,4,0,122,16.2670,0
oma_e40,4,4,0,4,0,123,16.6200,1
oma_e40,4,4,0,4,0,124,15.2773,1
oma_e40,4,4,0,4,1,100,17.1613,1
oma_e40,4,4,0,4,1,101,19.2821,1
oma_e40,4,4,0,4,1,102,17.7812,1
oma_e40,4,4,0,4,1,103,17.0169,1
oma_e40,4,4,0,4,1,104,15.0532,1
oma_e40,4,4,0,4,1,105,24.8112,0
oma_e40,4,4,0,4,1,106,16.1383,1
oma_e40,4,4,0,4,1,107,22.2454,0
oma_e40,4,4,0,4,1,108,14.2134,1
oma_e40,4,4,0,4,1,109,12.4346,1
oma_e40,4,4,0,4,1,110,18.5070,0
oma_e40,4,4,0,4,1,111,19.0759,1
oma_e40,4,4,0,4,1,112,20.2586,1
oma_e40,4,4,0,4,1,113,18.0369,1
oma_e40,4,4,0,4,1,114,18.3697,1
oma_e40,4,4,0,4,1,115,17.6745,1
oma_e40,4,4,0,4,1,116,18.1549,0
oma_e40,4,4,0,4,1,117,20.3986,1
oma_e40,4,4,0,4,1,118,17.7700,1
oma_e40,4,4,0,4,1,119,12.3300,1
oma_e40,4,4,0,4,1,120,19.2513,0
oma_e40,4,4,0,4,1,121,19.8317,1
oma_e40,4,4,0,4,1,122,17.3752,1
oma_e40,4,4,0,4,1,123,20.5866,1
oma_e40,4,4,0,4,1,124,16.4640,0
oma_e40,4,4,0,4,2,100,17.8351,1
oma_e40,4,4,0,4,2,101,20.8453,1
oma_e40,4,4,0,4,2,102,18.4374,1
oma_e40,4,4,0,4,2,103,13.9679,1
oma_e40,4,4,0,4,2,104,15.9811,0
oma_e40,4,4,0,4,2,105,18.7005,1
oma_e40,4,4,0,4,2,106,18.7784,0
oma_e40,4,4,0,4,2,107,17.3593,1
oma_e40,4,4,0,4,2,108,13.8081,1
oma_e40,4,4,0,4,2,109,14.8045,1
oma_e40,4,4,0,4,2,110,19.9766,0
oma_e40,4,4,0,4,2,111,18.0006,1
oma_e40,4,4,0,4,2,112,19.9016,1
oma_e40,4,4,0,4,2,113,18.3670,1
oma_e40,4,4,0,4,2,114,20.0265,1
oma_e40,4,4,0,4,2,115,17.6747,1
oma_e40,4,4,0,4,2,116,18.9456,0
oma_e40,4,4,0,4,2,117,19.7036,1
oma_e40,4,4,0,4,2,118,17.0896,1
oma_e40,4,4,0,4,2,119,13.0462,1
oma_e40,4,4,0,4,2,120,17.7346,1
oma_e40,4,4,0,4,2,121,17.7075,1
oma_e40,4,4,0,4,2,122,18.1581,1
oma_e40,4,4,0,4,2,123,22.1501,1
oma_e40,4,4,0,4,2,124,17.1804,1
oma_e40,4,4,0,4,3,100,17.8225,1
oma_e40,4,4,0,4,3,101,19.4243,1
oma_e40,4,4,0,4,3,102,18.4034,1
oma_e40,4,4,0,4,3,103,15.2945,1
oma_e40,4,4,0,4,3,104,16.6865,1
oma_e40,4,4,0,4,3,105,19.0595,0
oma_e40,4,4,0,4,3,106,16.6690,1
oma_e40,4,4,0,4,3,107,19.5002,1
oma_e40,4,4,0,4,3,108,13.6540,1
oma_e40,4,4,0,4,3,109,12.1158,1
oma_e40,4,4,0,4,3,110,20.0055,1
oma_e40,4,4,0,4,3,111,18.8220,1
oma_e40,4,4,0,4,3,112,20.0641,0
oma_e40,4,4,0,4,3,113,17.0129,1
oma_e40,4,4,0,4,3,114,17.2221,1
oma_e40,4,4,0,4,3,115,16.5136,1
oma_e40,4,4,0,4,3,116,22.1334,1
oma_e40,4,4,0,4,3,117,18.8725,1
oma_e40,4,4,0,4,3,118,18.9211,1
oma_e40,4,4,0,4,3,119,12.3918,1
oma_e40,4,4,0,4,3,120,17.5296,1
oma_e40,4,4,0,4,3,121,17.2789,1
oma_e40,4,4,0,4,3,122,21.3660,1
oma_e40,4,4,0,4,3,123,19.1973,1
oma_e40,4,4,0,4,3,124,15.5259,1
oma_e40,4,4,0,4,0,125,15.1770,1
oma_e40,4,4,0,4,0,126,20.6694,0
oma_e40,4,4,0,4,0,127,20.6567,1
oma_e40,4,4,0,4,0,128,18.4796,1
oma_e40,4,4,0,4,0,129,17.1500,1
oma_e40,4,4,0,4,0,130,22.8097,1
oma_e40,4,4,0,4,0,131,14.7105,1
oma_e40,4,4,0,4,0,132,12.2407,1
oma_e40,4,4,0,4,0,133,16.2287,1
oma_e40,4,4,0,4,0,134,17.8443,1
oma_e40,4,4,0,4,0,135,21.4085,0
oma_e40,4,4,0,4,0,136,20.1072,1
oma_e40,4,4,0,4,0,137,19.1873,1
oma_e40,4,4,0,4,0,138,13.5507,1
oma_e40,4,4,0,4,0,139,21.4029,1
oma_e40,4,4,0,4,0,140,14.8411,1
oma_e40,4,4,0,4,0,141,14.3847,1
oma_e40,4,4,0,4,0,142,15.1835,0
oma_e40,4,4,0,4,0,143,20.3251,0
oma_e40,4,4,0,4,0,144,19.8142,1
oma_e40,4,4,0,4,0,145,25.0547,0
oma_e40,4,4,0,4,0,146,22.3115,0
oma_e40,4,4,0,4,0,147,16.5570,1
oma_e40,4,4,0,4,0,148,13.3545,1
oma_e40,4,4,0,4,0,149,19.1288,1
oma_e40,4,4,0,4,1,125,16.7161,0
oma_e40,4,4,0,4,1,126,19.2156,1
oma_e40,4,4,0,4,1,127,21.1152,0
oma_e40,4,4,0,4,1,128,19.3587,1
oma_e40,4,4,0,4,1,129,18.6902,1
oma_e40,4,4,0,4,1,130,16.6211,1
oma_e40,4,4,0,4,1,131,11.5758,0
oma_e40,4,4,0,4,1,132,12.2248,1
oma_e40,4,4,0,4,1,133,15.7769,1
oma_e40,4,4,0,4,1,134,17.2012,1
oma_e40,4,4,0,4,1,135,22.3340,0
oma_e40,4,4,0,4,1,136,20.5582,0
oma_e40,4,4,0,4,1,137,19.5085,1
oma_e40,4,4,0,4,1,138,13.9637,1
oma_e40,4,4,0,4,1,139,20.1792,1
oma_e40,4,4,0,4,1,140,15.8939,1
oma_e40,4,4,0,4,1,141,14.8686,0
oma_e40,4,4,0,4,1,142,9.7603,1
oma_e40,4,4,0,4,1,143,17.7062,1
oma_e40,4,4,0,4,1,144,21.2157,1
oma_e40,4,4,0,4,1,145,23.4195,0
oma_e40,4,4,0,4,1,146,22.3641,0
oma_e40,4,4,0,4,1,147,17.2242,1
oma_e40,4,4,0,4,1,148,11.8739,1
oma_e40,4,4,0,4,1,149,17.2978,0
oma_e40,4,4,0,4,2,125,17.1134,0
oma_e40,4,4,0,4,2,126,19.1258,1
oma_e40,4,4,0,4,2,127,19.7310,1
oma_e40,4,4,0,4,2,128,18.0341,1
oma_e40,4,4,0,4,2,129,18.7959,0
oma_e40,4,4,0,4,2,130,19.7175,1
oma_e40,4,4,0,4,2,131,12.1132,0
oma_e40,4,4,0,4,2,132,13.2561,1
oma_e40,4,4,0,4,2,133,14.4119,0
oma_e40,4,4,0,4,2,134,16.0693,1
oma_e40,4,4,0,4,2,135,22.5183,0
oma_e40,4,4,0,4,2,136,19.3203,1
oma_e40,4,4,0,4,2,137,19.5607,1
oma_e40,4,4,0,4,2,138,15.7707,1
oma_e40,4,4,0,4,2,139,21.0884,1
oma_e40,4,4,0,4,2,140,17.4334,1
oma_e40,4,4,0,4,2,141,17.0963,1
oma_e40,4,4,0,4,2,142,11.9137,1
oma_e40,4,4,0,4,2,143,19.6473,1
oma_e40,4,4,0,4,2,144,19.2772,1
oma_e40,4,4,0,4,2,145,23.0574,1
oma_e40,4,4,0,4,2,146,19.4053,0
oma_e40,4,4,0,4,2,147,15.4984,1
oma_e40,4,4,0,4,2,148,11.6927,1
oma_e40,4,4,0,4,2,149,15.4471,1
oma_e40,4,4,0,4,3,125,18.6586,1
oma_e40,4,4,0,4,3,126,17.9805,0
oma_e40,4,4,0,4,3,127,20.6481,0
oma_e40,4,4,0,4,3,128,21.1703,0
oma_e40,4,4,0,4,3,129,18.6158,1
oma_e40,4,4,0,4,3,130,21.8212,1
oma_e40,4,4,0,4,3,131,12.8714,1
oma_e40,4,4,0,4,3,132,11.8364,1
oma_e40,4,4,0,4,3,133,13.5810,1
oma_e40,4,4,0,4,3,134,15.4608,0
oma_e40,4,4,0,4,3,135,20.7007,0
oma_e40,4,4,0,4,3,136,18.2642,0
oma_e40,4,4,0,4,3,137,17.3638,1
oma_e40,4,4,0,4,3,138,13.7816,1
oma_e40,4,4,0,4,3,139,20.2976,1
oma_e40,4,4,0,4,3,140,14.2475,1
oma_e40,4,4,0,4,3,141,16.4481,0
oma_e40,4,4,0,4,3,142,13.3152,1
oma_e40,4,4,0,4,3,143,21.3534,0
oma_e40,4,4,0,4,3,144,21.1224,1
oma_e40,4,4,0,4,3,145,23.4174,0
oma_e40,4,4,0,4,3,146,17.6192,1
oma_e40,4,4,0,4,3,147,14.9987,1
oma_e40,4,4,0,4,3,148,12.7995,1
oma_e40,4,4,0,4,3,149,16.5634,0
oma_e40,4,4,0,4,0,150,13.5419,1
oma_e40,4,4,0,4,0,151,18.0646,0
oma_e40,4,4,0,4,0,152,19.0397,1
oma_e40,4,4,0,4,0,153,15.9093,1
oma_e40,4,4,0,4,0,154,15.6422,0
oma_e40,4,4,0,4,0,155,20.4802,1
oma_e40,4,4,0,4,0,156,21.0300,1
oma_e40,4,4,0,4,0,157,19.9038,1
oma_e40,4,4,0,4,0,158,21.6560,1
oma_e40,4,4,0,4,0,159,15.4351,1
oma_e40,4,4,0,4,0,160,20.0674,0
oma_e40,4,4,0,4,0,161,18.8470,1
oma_e40,4,4,0,4,0,162,15.3770,1
oma_e40,4,4,0,4,0,163,17.6553,1
oma_e40,4,4,0,4,0,164,11.8411,1
oma_e40,4,4,0,4,0,165,16.2473,1
oma_e40,4,4,0,4,0,166,19.4231,1
oma_e40,4,4,0,4,0,167,17.2476,1
oma_e40,4,4,0,4,0,168,20.2903,0
oma_e40,4,4,0,4,0,169,20.3326,1
oma_e40,4,4,0,4,0,170,18.7732,1
oma_e40,4,4,0,4,0,171,19.2273,1
oma_e40,4,4,0,4,0,172,19.2862,1
oma_e40,4,4,0,4,0,173,18.0146,1
oma_e40,4,4,0,4,0,174,17.8049,0
oma_e40,4,4,0,4,1,150,13.7102,1
oma_e40,4,4,0,4,1,151,20.6286,0
oma_e40,4,4,0,4,1,152,18.5277,0
oma_e40,4,4,0,4,1,153,16.7733,1
oma_e40,4,4,0,4,1,154,16.9368,1
oma_e40,4,4,0,4,1,155,22.5265,1
oma_e40,4,4,0,4,1,156,19.8395,0
oma_e40,4,4,0,4,1,157,17.6449,1
oma_e40,4,4,0,4,1,158,17.4503,1
oma_e40,4,4,0,4,1,159,18.5776,1
oma_e40,4,4,0,4,1,160,20.9678,0
oma_e40,4,4,0,4,1,161,19.0644,1
oma_e40,4,4,0,4,1,162,18.1443,1
oma_e40,4,4,0,4,1,163,15.4233,1
oma_e40,4,4,0,4,1,164,12.6934,0
oma_e40,4,4,0,4,1,165,16.2386,1
oma_e40,4,4,0,4,1,166,20.6165,0
oma_e40,4,4,0,4,1,167,17.4045,0
oma_e40,4,4,0,4,1,168,20.3143,1
oma_e40,4,4,0,4,1,169,17.9281,0
oma_e40,4,4,0,4,1,170,21.0665,1
oma_e40,4,4,0,4,1,171,18.0099,1
oma_e40,4,4,0,4,1,172,20.9294,1
oma_e40,4,4,0,4,1,173,17.0412,1
oma_e40,4,4,0,4,1,174,24.2867,0
oma_e40,4,4,0,4,2,150,13.8094,1
oma_e40,4,4,0,4,2,151,14.6158,0
oma_e40,4,4,0,4,2,152,22.8563,0
oma_e40,4,4,0,4,2,153,16.6403,0
oma_e40,4,4,0,4,2,154,24.4470,0
oma_e40,4,4,0,4,2,155,22.0860,0
oma_e40,4,4,0,4,2,156,20.1507,1
oma_e40,4,4,0,4,2,157,18.2277,1
oma_e40,4,4,0,4,2,158,21.4771,0
oma_e40,4,4,0,4,2,159,17.2424,1
oma_e40,4,4,0,4,2,160,19.7497,0
oma_e40,4,4,0,4,2,161,16.9375,0
oma_e40,4,4,0,4,2,162,15.5166,1
oma_e40,4,4,0,4,2,163,18.7506,1
oma_e40,4,4,0,4,2,164,13.9788,0
oma_e40,4,4,0,4,2,165,18.7426,0
oma_e40,4,4,0,4,2,166,16.7460,0
oma_e40,4,4,0,4,2,167,19.1192,1
oma_e40,4,4,0,4,2,168,20.0405,0
oma_e40,4,4,0,4,2,169,17.5338,0
oma_e40,4,4,0,4,2,170,21.0838,0
oma_e40,4,4,0,4,2,171,20.8248,1
oma_e40,4,4,0,4,2,172,21.0869,0
oma_e40,4,4,0,4,2,173,14.6187,1
oma_e40,4,4,0,4,2,174,18.0639,1
oma_e40,4,4,0,4,3,150,11.5045,1
oma_e40,4,4,0,4,3,151,17.4945,1
oma_e40,4,4,0,4,3,152,22.3068,1
oma_e40,4,4,0,4,3,153,15.5833,1
oma_e40,4,4,0,4,3,154,23.6868,0
oma_e40,4,4,0,4,3,155,21.6969,1
oma_e40,4,4,0,4,3,156,19.2800,0
oma_e40,4,4,0,4,3,157,27.2376,0
oma_e40,4,4,0,4,3,158,17.7028,1
oma_e40,4,4,0,4,3,159,17.8984,0
oma_e40,4,4,0,4,3,160,24.0726,0
oma_e40,4,4,0,4,3,161,14.9377,1
oma_e40,4,4,0,4,3,162,14.3877,1
oma_e40,4,4,0,4,3,163,16.4684,1
oma_e40,4,4,0,4,3,164,13.5971,1
oma_e40,4,4,0,4,3,165,17.3060,1
oma_e40,4,4,0,4,3,166,19.1481,1
oma_e40,4,4,0,4,3,167,19.4830,1
oma_e40,4,4,0,4,3,168,20.1194,1
oma_e40,4,4,0,4,3,169,19.5729,0
oma_e40,4,4,0,4,3,170,21.2776,1
oma_e40,4,4,0,4,3,171,18.6318,1
oma_e40,4,4,0,4,3,172,19.7717,1
oma_e40,4,4,0,4,3,173,15.8822,1
oma_e40,4,4,0,4,3,174,23.5586,0
oma_e40,4,4,0,4,0,175,25.1861,0
oma_e40,4,4,0,4,0,176,23.5153,1
oma_e40,4,4,0,4,0,177,21.0181,0
oma_e40,4,4,0,4,0,178,20.3652,0
oma_e40,4,4,0,4,0,179,17.0567,0
oma_e40,4,4,0,4,0,180,23.2740,0
oma_e40,4,4,0,4,0,181,16.4646,1
oma_e40,4,4,0,4,0,182,17.6335,0
oma_e40,4,4,0,4,0,183,17.4254,0
oma_e40,4,4,0,4,0,184,12.3924,1
oma_e40,4,4,0,4,0,185,17.1177,1
oma_e40,4,4,0,4,0,186,17.7788,1
oma_e40,4,4,0,4,0,187,24.0778,1
oma_e40,4,4,0,4,0,188,18.1066,0
oma_e40,4,4,0,4,0,189,17.3418,1
oma_e40,4,4,0,4,0,190,21.4688,1
oma_e40,4,4,0,4,0,191,22.0399,1
oma_e40,4,4,0,4,0,192,22.1809,1
oma_e40,4,4,0,4,0,193,23.8073,0
oma_e40,4,4,0,4,0,194,18.1059,1
oma_e40,4,4,0,4,0,195,22.1375,0
oma_e40,4,4,0,4,0,196,22.5144,1
oma_e40,4,4,0,4,0,197,22.3484,0
oma_e40,4,4,0,4,0,198,20.5171,0
oma_e40,4,4,0,4,0,199,15.3822,1
oma_e40,4,4,0,4,1,175,21.4354,1
oma_e40,4,4,0,4,1,176,19.9270,1
oma_e40,4,4,0,4,1,177,20.4967,1
oma_e40,4,4,0,4,1,178,22.1108,0
oma_e40,4,4,0,4,1,179,16.8972,1
oma_e40,4,4,0,4,1,180,21.7939,0
oma_e40,4,4,0,4,1,181,13.6667,1
oma_e40,4,4,0,4,1,182,15.8482,1
oma_e40,4,4,0,4,1,183,15.9226,1
oma_e40,4,4,0,4,1,184,13.2091,1
oma_e40,4,4,0,4,1,185,13.6557,1
oma_e40,4,4,0,4,1,186,16.5228,1
oma_e40,4,4,0,4,1,187,21.9212,1
oma_e40,4,4,0,4,1,188,19.8539,0
oma_e40,4,4,0,4,1,189,15.3674,1
oma_e40,4,4,0,4,1,190,21.8781,0
oma_e40,4,4,0,4,1,191,20.0680,0
oma_e40,4,4,0,4,1,192,19.5531,0
oma_e40,4,4,0,4,1,193,22.0847,1
oma_e40,4,4,0,4,1,194,19.6533,1
oma_e40,4,4,0,4,1,195,20.5191,0
oma_e40,4,4,0,4,1,196,19.0306,1
oma_e40,4,4,0,4,1,197,20.7624,1
oma_e40,4,4,0,4,1,198,19.6961,1
oma_e40,4,4,0,4,1,199,14.3425,1
oma_e40,4,4,0,4,2,175,18.7397,0
oma_e40,4,4,0,4,2,176,21.6100,1
oma_e40,4,4,0,4,2,177,23.6152,0
oma_e40,4,4,0,4,2,178,17.5564,1
oma_e40,4,4,0,4,2,179,16.6309,1
oma_e40,4,4,0,4,2,180,20.0292,0
oma_e40,4,4,0,4,2,181,14.6987,1
oma_e40,4,4,0,4,2,182,16.3398,0
oma_e40,4,4,0,4,2,183,18.8126,0
oma_e40,4,4,0,4,2,184,13.5962,1
oma_e40,4,4,0,4,2,185,17.5893,1
oma_e40,4,4,0,4,2,186,16.3598,1
oma_e40,4,4,0,4,2,187,22.5899,1
oma_e40,4,4,0,4,2,188,21.2628,1
oma_e40,4,4,0,4,2,189,15.3519,1
oma_e40,4,4,0,4,2,190,21.1960,1
oma_e40,4,4,0,4,2,191,21.8480,1
oma_e40,4,4,0,4,2,192,21.5826,0
oma_e40,4,4,0,4,2,193,23.7879,0
oma_e40,4,4,0,4,2,194,19.5962,1
oma_e40,4,4,0,4,2,195,27.2230,1
oma_e40,4,4,0,4,2,196,18.5525,0
oma_e40,4,4,0,4,2,197,21.5540,1
oma_e40,4,4,0,4,2,198,20.6305,1
oma_e40,4,4,0,4,2,199,13.6566,1
oma_e40,4,4,0,4,3,175,23.1099,0
oma_e40,4,4,0,4,3,176,18.6309,0
oma_e40,4,4,0,4,3,177,21.2980,0
oma_e40,4,4,0,4,3,178,19.9613,1
oma_e40,4,4,0,4,3,179,13.2513,1
oma_e40,4,4,0,4,3,180,20.1497,1
oma_e40,4,4,0,4,3,181,14.5865,1
oma_e40,4,4,0,4,3,182,16.1516,1
oma_e40,4,4,0,4,3,183,13.0539,1
oma_e40,4,4,0,4,3,184,6.8090,0
oma_e40,4,4,0,4,3,185,17.9257,1
oma_e40,4,4,0,4,3,186,19.2999,0
oma_e40,4,4,0,4,3,187,21.8001,0
oma_e40,4,4,0,4,3,188,20.6743,0
oma_e40,4,4,0,4,3,189,15.4162,1
oma_e40,4,4,0,4,3,190,20.0470,1
oma_e40,4,4,0,4,3,191,21.9405,1
oma_e40,4,4,0,4,3,192,20.9436,1
oma_e40,4,4,0,4,3,193,20.7044,1
oma_e40,4,4,0,4,3,194,20.5513,0
oma_e40,4,4,0,4,3,195,24.4911,0
oma_e40,4,4,0,4,3,196,21.3427,0
oma_e40,4,4,0,4,3,197,17.9425,1
oma_e40,4,4,0,4,3,198,19.8140,1
oma_e40,4,4,0,4,3,199,14.4839,1
oma_e40,4,4,5,0,0,0,20.4559,0
oma_e40,4,4,5,0,0,1,22.2005,0
oma_e40,4,4,5,0,0,2,22.8975,0
oma_e40,4,4,5,0,0,3,19.5329,1
oma_e40,4,4,5,0,0,4,15.2318,1
oma_e40,4,4,5,0,0,5,19.6874,0
oma_e40,4,4,5,0,0,6,23.0324,0
oma_e40,4,4,5,0,0,7,18.7789,1
oma_e40,4,4,5,0,0,8,21.2976,0
oma_e40,4,4,5,0,0,9,20.5910,0
oma_e40,4,4,5,0,0,10,22.1291,0
oma_e40,4,4,5,0,0,11,17.0284,0
oma_e40,4,4,5,0,0,12,21.6566,0
oma_e40,4,4,5,0,0,13,19.0933,1
oma_e40,4,4,5,0,0,14,20.2147,1
oma_e40,4,4,5,0,0,15,19.3481,1
oma_e40,4,4,5,0,0,16,19.4678,1
oma_e40,4,4,5,0,0,17,21.0064,0
oma_e40,4,4,5,0,0,18,16.2489,1
oma_e40,4,4,5,0,0,19,19.6809,1
oma_e40,4,4,5,0,0,20,21.4560,1
oma_e40,4,4,5,0,0,21,14.7497,1
oma_e40,4,4,5,0,0,22,26.7576,0
oma_e40,4,4,5,0,0,23,22.1881,1
oma_e40,4,4,5,0,0,24,16.8214,1
oma_e40,4,4,5,0,1,0,25.2103,1
oma_e40,4,4,5,0,1,1,19.2028,1
oma_e40,4,4,5,0,1,2,24.8005,0
oma_e40,4,4,5,0,1,3,23.1650,1
oma_e40,4,4,5,0,1,4,17.8155,1
oma_e40,4,4,5,0,1,5,16.9007,1
oma_e40,4,4,5,0,1,6,20.2447,0
oma_e40,4,4,5,0,1,7,21.7663,0
oma_e40,4,4,5,0,1,8,22.7695,0
oma_e40,4,4,5,0,1,9,18.6168,1
oma_e40,4,4,5,0,1,10,19.5286,1
oma_e40,4,4,5,0,1,11,20.5011,1
oma_e40,4,4,5,0,1,12,23.3584,0
oma_e40,4,4,5,0,1,13,21.0541,0
oma_e40,4,4,5,0,1,14,21.4077,1
oma_e40,4,4,5,0,1,15,18.9237,0
oma_e40,4,4,5,0,1,16,17.3936,1
oma_e40,4,4,5,0,1,17,20.8691,1
oma_e40,4,4,5,0,1,18,16.6885,1
oma_e40,4,4,5,0,1,19,21.5871,0
oma_e40,4,4,5,0,1,20,27.8732,0
oma_e40,4,4,5,0,1,21,16.9659,1
oma_e40,4,4,5,0,1,22,21.3416,1
oma_e40,4,4,5,0,1,23,19.4893,0
oma_e40,4,4,5,0,1,24,15.5205,1
oma_e40,4,4,5,0,2,0,20.1875,1
oma_e40,4,4,5,0,2,1,20.3388,0
oma_e40,4,4,5,0,2,2,24.2386,1
oma_e40,4,4,5,0,2,3,18.7489,1
oma_e40,4,4,5,0,2,4,21.3249,0
oma_e40,4,4,5,0,2,5,18.9494,1
oma_e40,4,4,5,0,2,6,20.3447,0
oma_e40,4,4,5,0,2,7,21.4775,0
oma_e40,4,4,5,0,2,8,18.2004,1
oma_e40,4,4,5,0,2,9,20.9284,0
oma_e40,4,4,5,0,2,10,21.6512,0
oma_e40,4,4,5,0,2,11,22.5264,1
oma_e40,4,4,5,0,2,12,21.9489,0
oma_e40,4,4,5,0,2,13,19.8556,0
oma_e40,4,4,5,0,2,14,22.8528,1
oma_e40,4,4,5,0,2,15,21.8582,1
oma_e40,4,4,5,0,2,16,17.7117,0
oma_e40,4,4,5,0,2,17,20.3362,1
oma_e40,4,4,5,0,2,18,15.6262,1
oma_e40,4,4,5,0,2,19,21.0282,1
oma_e40,4,4,5,0,2,20,20.4125,0
oma_e40,4,4,5,0,2,21,17.4574,1
oma_e40,4,4,5,0,2,22,23.1479,0
oma_e40,4,4,5,0,2,23,24.0623,0
oma_e40,4,4,5,0,2,24,17.9748,1
oma_e40,4,4,5,0,3,0,21.3359,1
oma_e40,4,4,5,0,3,1,18.5450,1
oma_e40,4,4,5,0,3,2,22.2173,0
oma_e40,4,4,5,0,3,3,18.5527,0
oma_e40,4,4,5,0,3,4,17.6608,1
oma_e40,4,4,5,0,3,5,17.1060,1
oma_e40,4,4,5,0,3,6,18.7332,0
oma_e40,4,4,5,0,3,7,22.1684,1
oma_e40,4,4,5,0,3,8,23.2440,1
oma_e40,4,4,5,0,3,9,24.0403,0
oma_e40,4,4,5,0,3,10,23.3579,0
oma_e40,4,4,5,0,3,11,19.6034,1
oma_e40,4,4,5,0,3,12,19.8598,1
oma_e40,4,4,5,0,3,13,19.1341,1
oma_e40,4,4,5,0,3,14,18.4389,0
oma_e40,4,4,5,0,3,15,17.2684,1
oma_e40,4,4,5,0,3,16,18.3107,1
oma_e40,4,4,5,0,3,17,20.6841,1
oma_e40,4,4,5,0,3,18,19.5256,1
oma_e40,4,4,5,0,3,19,16.4689,0
oma_e40,4,4,5,0,3,20,25.3315,0
oma_e40,4,4,5,0,3,21,18.9524,1
oma_e40,4,4,5,0,3,22,23.7709,1
oma_e40,4,4,5,0,3,23,22.6875,0
oma_e40,4,4,5,0,3,24,18.2280,1
oma_e40,4,4,5,0,0,25,17.5418,1
oma_e40,4,4,5,0,0,26,22.3931,0
oma_e40,4,4,5,0,0,27,19.1715,1
oma_e40,4,4,5,0,0,28,18.2596,1
oma_e40,4,4,5,0,0,29,21.1778,0
oma_e40,4,4,5,0,0,30,19.4613,1
oma_e40,4,4,5,0,0,31,20.2040,0
oma_e40,4,4,5,0,0,32,17.6260,1
oma_e40,4,4,5,0,0,33,23.3912,0
oma_e40,4,4,5,0,0,34,19.3349,0
oma_e40,4,4,5,0,0,35,20.5831,1
oma_e40,4,4,5,0,0,36,21.2970,0
oma_e40,4,4,5,0,0,37,22.0678,0
oma_e40,4,4,5,0,0,38,19.5074,1
oma_e40,4,4,5,0,0,39,20.4287,0
oma_e40,4,4,5,0,0,40,24.9273,1
oma_e40,4,4,5,0,0,41,18.1441,1
oma_e40,4,4,5,0,0,42,17.6841,1
oma_e40,4,4,5,0,0,43,19.9453,0
oma_e40,4,4,5,0,0,44,22.0403,0
oma_e40,4,4,5,0,0,45,18.4604,1
oma_e40,4,4,5,0,0,46,18.3882,1
oma_e40,4,4,5,0,0,47,19.4992,1
oma_e40,4,4,5,0,0,48,21.4971,0
oma_e40,4,4,5,0,0,49,23.4820,0
oma_e40,4,4,5,0,1,25,20.8845,1
oma_e40,4,4,5,0,1,26,20.8971,0
oma_e40,4,4,5,0,1,27,17.2390,1
oma_e40,4,4,5,0,1,28,17.0500,1
oma_e40,4,4,5,0,1,29,22.5476,0
oma_e40,4,4,5,0,1,30,19.7376,0
oma_e40,4,4,5,0,1,31,19.2138,0
oma_e40,4,4,5,0,1,32,20.3840,1
oma_e40,4,4,5,0,1,33,26.2595,0
oma_e40,4,4,5,0,1,34,20.0169,1
oma_e40,4,4,5,0,1,35,22.4432,0
oma_e40,4,4,5,0,1,36,24.3587,0
oma_e40,4,4,5,0,1,37,18.6513,0
oma_e40,4,4,5,0,1,38,17.3722,1
oma_e40,4,4,5,0,1,39,18.3734,1
oma_e40,4,4,5,0,1,40,23.5042,1
oma_e40,4,4,5,0,1,41,20.7979,1
oma_e40,4,4,5,0,1,42,21.3872,1
oma_e40,4,4,5,0,1,43,19.8077,1
oma_e40,4,4,5,0,1,44,16.2761,0
oma_e40,4,4,5,0,1,45,18.5687,0
oma_e40,4,4,5,0,1,46,19.1269,1
oma_e40,4,4,5,0,1,47,16.8548,1
oma_e40,4,4,5,0,1,48,23.8552,0
oma_e40,4,4,5,0,1,49,20.4576,0
oma_e40,4,4,5,0,2,25,20.6775,1
oma_e40,4,4,5,0,2,26,21.3672,0
oma_e40,4,4,5,0,2,27,20.1318,1
oma_e40,4,4,5,0,2,28,19.0805,1
oma_e40,4,4,5,0,2,29,21.4069,0
oma_e40,4,4,5,0,2,30,15.3255,1
oma_e40,4,4,5,0,2,31,24.7863,0
oma_e40,4,4,5,0,2,32,15.2389,1
oma_e40,4,4,5,0,2,33,21.3610,0
oma_e40,4,4,5,0,2,34,21.2855,0
oma_e40,4,4,5,0,2,35,21.3842,0
oma_e40,4,4,5,0,2,36,21.4617,0
oma_e40,4,4,5,0,2,37,16.3303,1
oma_e40,4,4,5,0,2,38,17.2385,1
oma_e40,4,4,5,0,2,39,17.9150,1
oma_e40,4,4,5,0,2,40,23.5068,0
oma_e40,4,4,5,0,2,41,17.1987,1
oma_e40,4,4,5,0,2,42,14.4917,1
oma_e40,4,4,5,0,2,43,21.9708,0
oma_e40,4,4,5,0,2,44,18.1909,1
oma_e40,4,4,5,0,2,45,21.4895,1
oma_e40,4,4,5,0,2,46,18.9187,1
oma_e40,4,4,5,0,2,47,21.2001,1
oma_e40,4,4,5,0,2,48,25.1041,0
oma_e40,4,4,5,0,2,49,19.7633,0
oma_e40,4,4,5,0,3,25,22.6120,0
oma_e40,4,4,5,0,3,26,21.7532,0
oma_e40,4,4,5,0,3,27,16.0668,1
oma_e40,4,4,5,0,3,28,18.7493,1
oma_e40,4,4,5,0,3,29,23.5462,0
oma_e40,4,4,5,0,3,30,21.0266,1
oma_e40,4,4,5,0,3,31,19.2125,0
oma_e40,4,4,5,0,3,32,21.0140,0
oma_e40,4,4,5,0,3,33,28.4492,0
oma_e40,4,4,5,0,3,34,20.1464,0
oma_e40,4,4,5,0,3,35,22.4104,1
oma_e40,4,4,5,0,3,36,21.2686,1
oma_e40,4,4,5,0,3,37,18.1580,1
oma_e40,4,4,5,0,3,38,21.1407,1
oma_e40,4,4,5,0,3,39,20.1950,1
oma_e40,4,4,5,0,3,40,24.2452,1
oma_e40,4,4,5,0,3,41,16.7460,1
oma_e40,4,4,5,0,3,42,15.9080,0
oma_e40,4,4,5,0,3,43,19.8249,1
oma_e40,4,4,5,0,3,44,19.1055,1
oma_e40,4,4,5,0,3,45,21.8008,1
oma_e40,4,4,5,0,3,46,19.8982,1
oma_e40,4,4,5,0,3,47,19.2014,0
oma_e40,4,4,5,0,3,48,22.8343,0
oma_e40,4,4,5,0,3,49,20.6019,0
oma_e40,4,4,5,0,0,50,14.0384,1
oma_e40,4,4,5,0,0,51,23.6081,0
oma_e40,4,4,5,0,0,52,19.0097,0
oma_e40,4,4,5,0,0,53,23.4237,0
oma_e40,4,4,5,0,0,54,19.3993,1
oma_e40,4,4,5,0,0,55,16.9326,0
oma_e40,4,4,5,0,0,56,20.1996,0
oma_e40,4,4,5,0,0,57,16.2292,1
oma_e40,4,4,5,0,0,58,14.6855,1
oma_e40,4,4,5,0,0,59,25.3485,1
oma_e40,4,4,5,0,0,60,23.0501,0
oma_e40,4,4,5,0,0,61,21.4167,0
oma_e40,4,4,5,0,0,62,17.7494,1
oma_e40,4,4,5,0,0,63,22.5066,0
oma_e40,4,4,5,0,0,64,23.8381,0
oma_e40,4,4,5,0,0,65,19.2002,0
oma_e40,4,4,5,0,0,66,22.5257,0
oma_e40,4,4,5,0,0,67,19.3359,0
oma_e40,4,4,5,0,0,68,21.7035,1
oma_e40,4,4,5,0,0,69,21.5742,0
oma_e40,4,4,5,0,0,70,24.5006,1
oma_e40,4,4,5,0,0,71,21.7948,1
oma_e40,4,4,5,0,0,72,21.6861,0
oma_e40,4,4,5,0,0,73,21.8130,1
oma_e40,4,4,5,0,0,74,21.0189,0
oma_e40,4,4,5,0,1,50,15.8487,1
oma_e40,4,4,5,0,1,51,22.8210,0
oma_e40,4,4,5,0,1,52,22.7345,1
oma_e40,4,4,5,0,1,53,23.1058,1
oma_e40,4,4,5,0,1,54,16.2592,0
oma_e40,4,4,5,0,1,55,24.2976,0
oma_e40,4,4,5,0,1,56,25.7889,0
oma_e40,4,4,5,0,1,57,17.6966,0
oma_e40,4,4,5,0,1,58,14.3056,1
oma_e40,4,4,5,0,1,59,20.5143,0
oma_e40,4,4,5,0,1,60,23.4874,0
oma_e40,4,4,5,0,1,61,20.0804,0
oma_e40,4,4,5,0,1,62,18.5935,0
oma_e40,4,4,5,0,1,63,28.1951,1
oma_e40,4,4,5,0,1,64,22.0113,0
oma_e40,4,4,5,0,1,65,23.9928,0
oma_e40,4,4,5,0,1,66,24.4788,0
oma_e40,4,4,5,0,1,67,16.0476,1
oma_e40,4,4,5,0,1,68,20.4342,1
oma_e40,4,4,5,0,1,69,22.8269,1
oma_e40,4,4,5,0,1,70,20.8053,1
oma_e40,4,4,5,0,1,71,24.5922,0
oma_e40,4,4,5,0,1,72,22.9076,1
oma_e40,4,4,5,0,1,73,18.2993,1
oma_e40,4,4,5,0,1,74,21.8600,0
oma_e40,4,4,5,0,2,50,14.2961,1
oma_e40,4,4,5,0,2,51,23.8171,0
oma_e40,4,4,5,0,2,52,23.7891,0
oma_e40,4,4,5,0,2,53,21.7675,0
oma_e40,4,4,5,0,2,54,17.7551,0
oma_e40,4,4,5,0,2,55,27.6561,0
oma_e40,4,4,5,0,2,56,27.0510,0
oma_e40,4,4,5,0,2,57,19.4535,1
oma_e40,4,4,5,0,2,58,13.1514,1
oma_e40,4,4,5,0,2,59,21.2762,0
oma_e40,4,4,5,0,2,60,19.2390,1
oma_e40,4,4,5,0,2,61,20.7838,0
oma_e40,4,4,5,0,2,62,17.0916,1
oma_e40,4,4,5,0,2,63,21.9267,0
oma_e40,4,4,5,0,2,64,18.4303,0
oma_e40,4,4,5,0,2,65,23.0372,0
oma_e40,4,4,5,0,2,66,22.6257,0
oma_e40,4,4,5,0,2,67,16.7887,1
oma_e40,4,4,5,0,2,68,20.1108,1
oma_e40,4,4,5,0,2,69,24.9609,0
oma_e40,4,4,5,0,2,70,20.3816,0
oma_e40,4,4,5,0,2,71,22.0998,0
oma_e40,4,4,5,0,2,72,22.4981,0
oma_e40,4,4,5,0,2,73,17.9790,0
oma_e40,4,4,5,0,2,74,18.9791,1
oma_e40,4,4,5,0,3,50,14.3900,1
oma_e40,4,4,5,0,3,51,26.0416,0
oma_e40,4,4,5,0,3,52,22.3563,0
oma_e40,4,4,5,0,3,53,21.0253,0
oma_e40,4,4,5,0,3,54,22.0862,1
oma_e40,4,4,5,0,3,55,23.4234,0
oma_e40,4,4,5,0,3,56,29.7336,0
oma_e40,4,4,5,0,3,57,16.5753,1
oma_e40,4,4,5,0,3,58,15.3334,0
oma_e40,4,4,5,0,3,59,25.3801,0
oma_e40,4,4,5,0,3,60,22.2152,1
oma_e40,4,4,5,0,3,61,21.9928,0
oma_e40,4,4,5,0,3,62,17.9651,1
oma_e40,4,4,5,0,3,63,24.3748,0
oma_e40,4,4,5,0,3,64,23.1674,0
oma_e40,4,4,5,0,3,65,24.9219,0
oma_e40,4,4,5,0,3,66,23.9508,0
oma_e40,4,4,5,0,3,67,15.7902,1
oma_e40,4,4,5,0,3,68,23.5764,0
oma_e40,4,4,5,0,3,69,24.4728,1
oma_e40,4,4,5,0,3,70,23.2932,0
oma_e40,4,4,5,0,3,71,21.2650,1
oma_e40,4,4,5,0,3,72,21.3236,1
oma_e40,4,4,5,0,3,73,21.6550,0
oma_e40,4,4,5,0,3,74,21.5313,1
oma_e40,4,4,5,0,0,75,19.9550,0
oma_e40,4,4,5,0,0,76,25.6648,0
oma_e40,4,4,5,0,0,77,18.1955,0
oma_e40,4,4,5,0,0,78,20.0837,0
oma_e40,4,4,5,0,0,79,20.4881,1
oma_e40,4,4,5,0,0,80,21.3534,0
oma_e40,4,4,5,0,0,81,18.9499,0
oma_e40,4,4,5,0,0,82,18.4791,1
oma_e40,4,4,5,0,0,83,16.9217,1
oma_e40,4,4,5,0,0,84,18.5670,1
oma_e40,4,4,5,0,0,85,18.5994,0
oma_e40,4,4,5,0,0,86,13.3518,1
oma_e40,4,4,5,0,0,87,20.8477,0
oma_e40,4,4,5,0,0,88,22.3032,0
oma_e40,4,4,5,0,0,89,20.2054,1
oma_e40,4,4,5,0,0,90,19.9083,0
oma_e40,4,4,5,0,0,91,18.6523,0
oma_e40,4,4,5,0,0,92,23.2474,0
oma_e40,4,4,5,0,0,93,22.5090,1
oma_e40,4,4,5,0,0,94,21.0819,1
oma_e40,4,4,5,0,0,95,13.3923,1
oma_e40,4,4,5,0,0,96,23.7449,0
oma_e40,4,4,5,0,0,97,24.4276,1
oma_e40,4,4,5,0,0,98,17.1158,1
oma_e40,4,4,5,0,0,99,21.0937,0
oma_e40,4,4,5,0,1,75,21.5770,0
oma_e40,4,4,5,0,1,76,23.9364,0
oma_e40,4,4,5,0,1,77,20.9119,1
oma_e40,4,4,5,0,1,78,20.1464,1
oma_e40,4,4,5,0,1,79,18.4212,1
oma_e40,4,4,5,0,1,80,20.3003,0
oma_e40,4,4,5,0,1,81,23.4590,1
oma_e40,4,4,5,0,1,82,20.6799,0
oma_e40,4,4,5,0,1,83,20.1831,1
oma_e40,4,4,5,0,1,84,17.9322,1
oma_e40,4,4,5,0,1,85,21.9489,1
oma_e40,4,4,5,0,1,86,13.0812,1
oma_e40,4,4,5,0,1,87,25.1656,1
oma_e40,4,4,5,0,1,88,21.7689,1
oma_e40,4,4,5,0,1,89,20.5296,1
oma_e40,4,4,5,0,1,90,18.5488,1
oma_e40,4,4,5,0,1,91,18.5756,0
oma_e40,4,4,5,0,1,92,22.6754,0
oma_e40,4,4,5,0,1,93,22.5739,0
oma_e40,4,4,5,0,1,94,22.6610,0
oma_e40,4,4,5,0,1,95,13.3815,1
oma_e40,4,4,5,0,1,96,21.2218,1
oma_e40,4,4,5,0,1,97,27.2810,0
oma_e40,4,4,5,0,1,98,15.4301,1
oma_e40,4,4,5,0,1,99,19.0457,1
oma_e40,4,4,5,0,2,75,18.4711,1
oma_e40,4,4,5,0,2,76,23.9104,0
oma_e40,4,4,5,0,2,77,18.6580,1
oma_e40,4,4,5,0,2,78,20.8343,1
oma_e40,4,4,5,0,2,79,16.0929,1
oma_e40,4,4,5,0,2,80,23.0691,0
oma_e40,4,4,5,0,2,81,20.7378,1
oma_e40,4,4,5,0,2,82,17.5770,0
oma_e40,4,4,5,0,2,83,19.1327,0
oma_e40,4,4,5,0,2,84,21.9678,1
oma_e40,4,4,5,0,2,85,18.3366,1
oma_e40,4,4,5,0,2,86,13.3252,1
oma_e40,4,4,5,0,2,87,24.4143,0
oma_e40,4,4,5,0,2,88,24.7296,0
oma_e40,4,4,5,0,2,89,20.6606,1
oma_e40,4,4,5,0,2,90,21.1939,1
oma_e40,4,4,5,0,2,91,18.8406,1
oma_e40,4,4,5,0,2,92,22.4802,1
oma_e40,4,4,5,0,2,93,22.8098,1
oma_e40,4,4,5,0,2,94,19.2309,0
oma_e40,4,4,5,0,2,95,14.1618,0
oma_e40,4,4,5,0,2,96,21.6757,1
oma_e40,4,4,5,0,2,97,24.1826,0
oma_e40,4,4,5,0,2,98,17.2439,1
oma_e40,4,4,5,0,2,99,17.5879,1
oma_e40,4,4,5,0,3,75,26.8552,0
oma_e40,4,4,5,0,3,76,25.1242,1
oma_e40,4,4,5,0,3,77,18.6443,1
oma_e40,4,4,5,0,3,78,19.4875,1
oma_e40,4,4,5,0,3,79,18.4304,0
oma_e40,4,4,5,0,3,80,24.9571,0
oma_e40,4,4,5,0,3,81,20.3125,0
oma_e40,4,4,5,0,3,82,19.3837,1
oma_e40,4,4,5,0,3,83,21.0324,1
oma_e40,4,4,5,0,3,84,21.9685,1
oma_e40,4,4,5,0,3,85,18.4338,0
oma_e40,4,4,5,0,3,86,14.9008,1
oma_e40,4,4,5,0,3,87,18.2091,1
oma_e40,4,4,5,0,3,88,23.5291,0
oma_e40,4,4,5,0,3,89,23.1360,0
oma_e40,4,4,5,0,3,90,17.7898,0
oma_e40,4,4,5,0,3,91,18.9962,1
oma_e40,4,4,5,0,3,92,22.8302,0
oma_e40,4,4,5,0,3,93,22.7020,0
oma_e40,4,4,5,0,3,94,23.7955,1
oma_e40,4,4,5,0,3,95,13.1061,1
oma_e40,4,4,5,0,3,96,22.2000,0
oma_e40,4,4,5,0,3,97,22.6126,0
oma_e40,4,4,5,0,3,98,17.4696,1
oma_e40,4,4,5,0,3,99,21.8335,1
oma_e40,4,4,5,0,0,100,18.0715,1
oma_e40,4,4,5,0,0,101,22.5614,1
oma_e40,4,4,5,0,0,102,14.5456,1
oma_e40,4,4,5,0,0,103,19.5764,0
oma_e40,4,4,5,0,0,104,13.1715,1
oma_e40,4,4,5,0,0,105,11.0921,1
oma_e40,4,4,5,0,0,106,11.7624,1
oma_e40,4,4,5,0,0,107,16.1091,1
oma_e40,4,4,5,0,0,108,22.5916,0
oma_e40,4,4,5,0,0,109,21.1067,0
oma_e40,4,4,5,0,0,110,20.5873,0
oma_e40,4,4,5,0,0,111,20.3442,1
oma_e40,4,4,5,0,0,112,22.2561,0
oma_e40,4,4,5,0,0,113,20.9981,1
oma_e40,4,4,5,0,0,114,21.3617,1
oma_e40,4,4,5,0,0,115,17.2538,0
oma_e40,4,4,5,0,0,116,12.9794,1
oma_e40,4,4,5,0,0,117,19.5003,1
oma_e40,4,4,5,0,0,118,21.9912,1
oma_e40,4,4,5,0,0,119,23.5813,0
oma_e40,4,4,5,0,0,120,19.9357,1
oma_e40,4,4,5,0,0,121,20.9044,1
oma_e40,4,4,5,0,0,122,17.4280,0
oma_e40,4,4,5,0,0,123,15.6878,1
oma_e40,4,4,5,0,0,124,20.3660,0
oma_e40,4,4,5,0,1,100,21.0049,1
oma_e40,4,4,5,0,1,101,19.7560,1
oma_e40,4,4,5,0,1,102,13.7543,0
oma_e40,4,4,5,0,1,103,23.1524,0
oma_e40,4,4,5,0,1,104,13.3361,0
oma_e40,4,4,5,0,1,105,12.7694,1
oma_e40,4,4,5,0,1,106,12.1127,1
oma_e40,4,4,5,0,1,107,17.9127,0
oma_e40,4,4,5,0,1,108,21.3526,1
oma_e40,4,4,5,0,1,109,20.9337,1
oma_e40,4,4,5,0,1,110,21.5960,0
oma_e40,4,4,5,0,1,111,20.6379,1
oma_e40,4,4,5,0,1,112,23.5258,0
oma_e40,4,4,5,0,1,113,20.2511,0
oma_e40,4,4,5,0,1,114,19.5249,1
oma_e40,4,4,5,0,1,115,18.2478,1
oma_e40,4,4,5,0,1,116,11.8044,1
oma_e40,4,4,5,0,1,117,19.3779,1
oma_e40,4,4,5,0,1,118,22.0077,1
oma_e40,4,4,5,0,1,119,20.0651,0
oma_e40,4,4,5,0,1,120,20.8117,1
oma_e40,4,4,5,0,1,121,19.8728,1
oma_e40,4,4,5,0,1,122,19.1843,1
oma_e40,4,4,5,0,1,123,19.3129,1
oma_e40,4,4,5,0,1,124,23.7420,0
oma_e40,4,4,5,0,2,100,22.7452,0
oma_e40,4,4,5,0,2,101,21.4682,1
oma_e40,4,4,5,0,2,102,14.9757,1
oma_e40,4,4,5,0,2,103,19.6467,0
oma_e40,4,4,5,0,2,104,14.1924,0
oma_e40,4,4,5,0,2,105,14.9348,1
oma_e40,4,4,5,0,2,106,14.1470,1
oma_e40,4,4,5,0,2,107,15.1241,1
oma_e40,4,4,5,0,2,108,18.2263,0
oma_e40,4,4,5,0,2,109,22.1021,0
oma_e40,4,4,5,0,2,110,24.6649,0
oma_e40,4,4,5,0,2,111,19.3758,1
oma_e40,4,4,5,0,2,112,24.7532,0
oma_e40,4,4,5,0,2,113,21.0615,1
oma_e40,4,4,5,0,2,114,21.1143,1
oma_e40,4,4,5,0,2,115,17.5143,1
oma_e40,4,4,5,0,2,116,11.7793,1
oma_e40,4,4,5,0,2,117,19.3872,1
oma_e40,4,4,5,0,2,118,19.9155,1
oma_e40,4,4,5,0,2,119,23.3132,1
oma_e40,4,4,5,0,2,120,19.0111,0
oma_e40,4,4,5,0,2,121,18.1534,1
oma_e40,4,4,5,0,2,122,19.9849,1
oma_e40,4,4,5,0,2,123,21.7934,1
oma_e40,4,4,5,0,2,124,22.8510,0
oma_e40,4,4,5,0,3,100,21.4250,0
oma_e40,4,4,5,0,3,101,20.2558,1
oma_e40,4,4,5,0,3,102,12.8232,1
oma_e40,4,4,5,0,3,103,20.9815,0
oma_e40,4,4,5,0,3,104,15.5664,1
oma_e40,4,4,5,0,3,105,12.7282,1
oma_e40,4,4,5,0,3,106,12.4078,0
oma_e40,4,4,5,0,3,107,17.2453,1
oma_e40,4,4,5,0,3,108,17.1567,1
oma_e40,4,4,5,0,3,109,19.1434,1
oma_e40,4,4,5,0,3,110,24.9801,0
oma_e40,4,4,5,0,3,111,19.0727,1
oma_e40,4,4,5,0,3,112,24.1664,0
oma_e40,4,4,5,0,3,113,19.1227,1
oma_e40,4,4,5,0,3,114,18.4636,1
oma_e40,4,4,5,0,3,115,16.1633,1
oma_e40,4,4,5,0,3,116,14.8163,1
oma_e40,4,4,5,0,3,117,18.2741,0
oma_e40,4,4,5,0,3,118,21.7805,1
oma_e40,4,4,5,0,3,119,21.2227,0
oma_e40,4,4,5,0,3,120,19.1435,1
oma_e40,4,4,5,0,3,121,18.0159,1
oma_e40,4,4,5,0,3,122,24.2791,1
oma_e40,4,4,5,0,3,123,18.0041,1
oma_e40,4,4,5,0,3,124,20.9459,0
oma_e40,4,4,5,0,0,125,19.2696,0
oma_e40,4,4,5,0,0,126,20.3365,0
oma_e40,4,4,5,0,0,127,22.4519,0
oma_e40,4,4,5,0,0,128,18.2495,1
oma_e40,4,4,5,0,0,129,14.9138,1
oma_e40,4,4,5,0,0,130,23.5911,0
oma_e40,4,4,5,0,0,131,18.1583,1
oma_e40,4,4,5,0,0,132,19.5445,1
oma_e40,4,4,5,0,0,133,20.7154,1
oma_e40,4,4,5,0,0,134,18.4345,1
oma_e40,4,4,5,0,0,135,22.9598,1
oma_e40,4,4,5,0,0,136,23.2202,1
oma_e40,4,4,5,0,0,137,23.3361,1
oma_e40,4,4,5,0,0,138,17.4221,1
oma_e40,4,4,5,0,0,139,22.0161,1
oma_e40,4,4,5,0,0,140,18.4364,1
oma_e40,4,4,5,0,0,141,19.9076,1
oma_e40,4,4,5,0,0,142,24.2303,1
oma_e40,4,4,5,0,0,143,21.7494,0
oma_e40,4,4,5,0,0,144,21.7117,0
oma_e40,4,4,5,0,0,145,19.1440,1
oma_e40,4,4,5,0,0,146,18.1070,1
oma_e40,4,4,5,0,0,147,20.9305,1
oma_e40,4,4,5,0,0,148,20.2433,0
oma_e40,4,4,5,0,0,149,18.3607,1
oma_e40,4,4,5,0,1,125,23.4040,0
oma_e40,4,4,5,0,1,126,19.1601,1
oma_e40,4,4,5,0,1,127,22.4189,0
oma_e40,4,4,5,0,1,128,19.7359,1
oma_e40,4,4,5,0,1,129,16.4298,1
oma_e40,4,4,5,0,1,130,16.7740,1
oma_e40,4,4,5,0,1,131,19.3839,0
oma_e40,4,4,5,0,1,132,18.3784,0
oma_e40,4,4,5,0,1,133,21.1771,1
oma_e40,4,4,5,0,1,134,17.3387,1
oma_e40,4,4,5,0,1,135,24.0277,0
oma_e40,4,4,5,0,1,136,22.9712,0
oma_e40,4,4,5,0,1,137,24.3592,1
oma_e40,4,4,5,0,1,138,17.2037,1
oma_e40,4,4,5,0,1,139,21.4622,0
oma_e40,4,4,5,0,1,140,22.3254,1
oma_e40,4,4,5,0,1,141,19.4686,0
oma_e40,4,4,5,0,1,142,19.8594,0
oma_e40,4,4,5,0,1,143,18.7131,1
oma_e40,4,4,5,0,1,144,22.7220,1
oma_e40,4,4,5,0,1,145,18.3352,0
oma_e40,4,4,5,0,1,146,18.6349,1
oma_e40,4,4,5,0,1,147,23.5712,0
oma_e40,4,4,5,0,1,148,20.2271,0
oma_e40,4,4,5,0,1,149,16.6073,0
oma_e40,4,4,5,0,2,125,21.7994,0
oma_e40,4,4,5,0,2,126,18.9048,1
oma_e40,4,4,5,0,2,127,21.8013,1
oma_e40,4,4,5,0,2,128,18.5643,1
oma_e40,4,4,5,0,2,129,14.9541,1
oma_e40,4,4,5,0,2,130,19.8202,1
oma_e40,4,4,5,0,2,131,24.7630,0
oma_e40,4,4,5,0,2,132,21.5942,1
oma_e40,4,4,5,0,2,133,17.9275,1
oma_e40,4,4,5,0,2,134,16.2533,1
oma_e40,4,4,5,0,2,135,24.5119,0
oma_e40,4,4,5,0,2,136,21.3057,0
oma_e40,4,4,5,0,2,137,23.1496,0
oma_e40,4,4,5,0,2,138,17.9161,1
oma_e40,4,4,5,0,2,139,22.1426,1
oma_e40,4,4,5,0,2,140,22.1579,1
oma_e40,4,4,5,0,2,141,22.3094,0
oma_e40,4,4,5,0,2,142,21.6068,0
oma_e40,4,4,5,0,2,143,21.0875,1
oma_e40,4,4,5,0,2,144,20.9066,1
oma_e40,4,4,5,0,2,145,18.0156,1
oma_e40,4,4,5,0,2,146,15.2559,1
oma_e40,4,4,5,0,2,147,19.5720,0
oma_e40,4,4,5,0,2,148,20.9159,1
oma_e40,4,4,5,0,2,149,15.2272,1
oma_e40,4,4,5,0,3,125,23.0871,1
oma_e40,4,4,5,0,3,126,17.7421,1
oma_e40,4,4,5,0,3,127,21.8352,1
oma_e40,4,4,5,0,3,128,21.0606,0
oma_e40,4,4,5,0,3,129,15.6105,1
oma_e40,4,4,5,0,3,130,22.0435,1
oma_e40,4,4,5,0,3,131,22.5481,1
oma_e40,4,4,5,0,3,132,20.2884,1
oma_e40,4,4,5,0,3,133,17.9625,0
oma_e40,4,4,5,0,3,134,16.0464,1
oma_e40,4,4,5,0,3,135,22.1068,0
oma_e40,4,4,5,0,3,136,20.2720,0
oma_e40,4,4,5,0,3,137,19.3302,0
oma_e40,4,4,5,0,3,138,16.3578,1
oma_e40,4,4,5,0,3,139,21.1734,0
oma_e40,4,4,5,0,3,140,19.0174,1
oma_e40,4,4,5,0,3,141,23.1560,0
oma_e40,4,4,5,0,3,142,20.6974,1
oma_e40,4,4,5,0,3,143,22.3832,0
oma_e40,4,4,5,0,3,144,23.2209,0
oma_e40,4,4,5,0,3,145,17.8501,0
oma_e40,4,4,5,0,3,146,15.0448,1
oma_e40,4,4,5,0,3,147,18.2703,0
oma_e40,4,4,5,0,3,148,19.5237,1
oma_e40,4,4,5,0,3,149,15.7683,1
oma_e40,4,4,5,0,0,150,16.1971,1
oma_e40,4,4,5,0,0,151,14.4347,1
oma_e40,4,4,5,0,0,152,16.2840,1
oma_e40,4,4,5,0,0,153,22.3521,0
oma_e40,4,4,5,0,0,154,14.6047,0
oma_e40,4,4,5,0,0,155,22.1453,1
oma_e40,4,4,5,0,0,156,25.2289,0
oma_e40,4,4,5,0,0,157,18.8261,1
oma_e40,4,4,5,0,0,158,23.8750,1
oma_e40,4,4,5,0,0,159,18.5871,0
oma_e40,4,4,5,0,0,160,15.8664,0
oma_e40,4,4,5,0,0,161,20.4429,1
oma_e40,4,4,5,0,0,162,21.3324,0
oma_e40,4,4,5,0,0,163,21.5256,1
oma_e40,4,4,5,0,0,164,21.4620,0
oma_e40,4,4,5,0,0,165,19.2329,0
oma_e40,4,4,5,0,0,166,14.9011,1
oma_e40,4,4,5,0,0,167,21.9116,1
oma_e40,4,4,5,0,0,168,19.8639,0
oma_e40,4,4,5,0,0,169,25.0354,0
oma_e40,4,4,5,0,0,170,19.7748,1
oma_e40,4,4,5,0,0,171,22.9588,1
oma_e40,4,4,5,0,0,172,18.9547,1
oma_e40,4,4,5,0,0,173,24.0618,1
oma_e40,4,4,5,0,0,174,13.7033,1
oma_e40,4,4,5,0,1,150,16.2934,1
oma_e40,4,4,5,0,1,151,15.3360,1
oma_e40,4,4,5,0,1,152,16.3723,0
oma_e40,4,4,5,0,1,153,26.3393,0
oma_e40,4,4,5,0,1,154,15.6039,1
oma_e40,4,4,5,0,1,155,24.4687,1
oma_e40,4,4,5,0,1,156,22.8903,0
oma_e40,4,4,5,0,1,157,17.2594,1
oma_e40,4,4,5,0,1,158,19.2689,1
oma_e40,4,4,5,0,1,159,21.7535,1
oma_e40,4,4,5,0,1,160,16.0985,1
oma_e40,4,4,5,0,1,161,20.8831,1
oma_e40,4,4,5,0,1,162,21.3633,1
oma_e40,4,4,5,0,1,163,18.4148,0
oma_e40,4,4,5,0,1,164,21.9216,0
oma_e40,4,4,5,0,1,165,20.2683,0
oma_e40,4,4,5,0,1,166,16.0983,0
oma_e40,4,4,5,0,1,167,22.5464,0
oma_e40,4,4,5,0,1,168,20.1293,1
oma_e40,4,4,5,0,1,169,23.3942,0
oma_e40,4,4,5,0,1,170,22.3958,1
oma_e40,4,4,5,0,1,171,20.9123,0
oma_e40,4,4,5,0,1,172,20.4877,1
oma_e40,4,4,5,0,1,173,21.0031,0
oma_e40,4,4,5,0,1,174,17.7172,0
oma_e40,4,4,5,0,2,150,19.1954,0
oma_e40,4,4,5,0,2,151,12.1758,1
oma_e40,4,4,5,0,2,152,20.6592,0
oma_e40,4,4,5,0,2,153,23.4270,0
oma_e40,4,4,5,0,2,154,22.0618,0
oma_e40,4,4,5,0,2,155,22.9541,0
oma_e40,4,4,5,0,2,156,23.1058,1
oma_e40,4,4,5,0,2,157,17.4921,1
oma_e40,4,4,5,0,2,158,24.7097,0
oma_e40,4,4,5,0,2,159,21.6374,0
oma_e40,4,4,5,0,2,160,16.7918,0
oma_e40,4,4,5,0,2,161,18.4314,1
oma_e40,4,4,5,0,2,162,18.4130,1
oma_e40,4,4,5,0,2,163,22.7320,1
oma_e40,4,4,5,0,2,164,25.1376,0
oma_e40,4,4,5,0,2,165,22.2550,0
oma_e40,4,4,5,0,2,166,13.0440,1
oma_e40,4,4,5,0,2,167,23.7712,1
oma_e40,4,4,5,0,2,168,19.9874,0
oma_e40,4,4,5,0,2,169,21.6146,0
oma_e40,4,4,5,0,2,170,22.5365,0
oma_e40,4,4,5,0,2,171,24.2899,0
oma_e40,4,4,5,0,2,172,20.5039,1
oma_e40,4,4,5,0,2,173,19.0511,0
oma_e40,4,4,5,0,2,174,14.5196,1
oma_e40,4,4,5,0,3,150,16.0234,1
oma_e40,4,4,5,0,3,151,15.2577,1
oma_e40,4,4,5,0,3,152,19.3730,0
oma_e40,4,4,5,0,3,153,21.2807,1
oma_e40,4,4,5,0,3,154,22.0916,1
oma_e40,4,4,5,0,3,155,22.8795,1
oma_e40,4,4,5,0,3,156,21.2248,0
oma_e40,4,4,5,0,3,157,25.3228,0
oma_e40,4,4,5,0,3,158,19.6055,1
oma_e40,4,4,5,0,3,159,22.6576,0
oma_e40,4,4,5,0,3,160,17.9457,0
oma_e40,4,4,5,0,3,161,16.7421,1
oma_e40,4,4,5,0,3,162,17.6431,1
oma_e40,4,4,5,0,3,163,20.6591,0
oma_e40,4,4,5,0,3,164,23.7047,0
oma_e40,4,4,5,0,3,165,20.2855,0
oma_e40,4,4,5,0,3,166,16.9116,1
oma_e40,4,4,5,0,3,167,24.1360,0
oma_e40,4,4,5,0,3,168,19.4702,1
oma_e40,4,4,5,0,3,169,24.1859,0
oma_e40,4,4,5,0,3,170,23.0626,1
oma_e40,4,4,5,0,3,171,21.9453,0
oma_e40,4,4,5,0,3,172,19.5933,1
oma_e40,4,4,5,0,3,173,20.4856,1
oma_e40,4,4,5,0,3,174,18.2263,0
oma_e40,4,4,5,0,0,175,27.2311,0
oma_e40,4,4,5,0,0,176,26.7168,0
oma_e40,4,4,5,0,0,177,23.7578,0
oma_e40,4,4,5,0,0,178,19.3003,0
oma_e40,4,4,5,0,0,179,16.5519,0
oma_e40,4,4,5,0,0,180,20.3642,0
oma_e40,4,4,5,0,0,181,22.4062,0
oma_e40,4,4,5,0,0,182,12.0766,1
oma_e40,4,4,5,0,0,183,18.5436,0
oma_e40,4,4,5,0,0,184,22.4673,0
oma_e40,4,4,5,0,0,185,19.6389,1
oma_e40,4,4,5,0,0,186,13.4120,1
oma_e40,4,4,5,0,0,187,19.3109,0
oma_e40,4,4,5,0,0,188,18.5867,0
oma_e40,4,4,5,0,0,189,24.2893,0
oma_e40,4,4,5,0,0,190,18.4631,1
oma_e40,4,4,5,0,0,191,19.8911,0
oma_e40,4,4,5,0,0,192,22.1053,1
oma_e40,4,4,5,0,0,193,22.4316,1
oma_e40,4,4,5,0,0,194,20.2848,0
oma_e40,4,4,5,0,0,195,21.8945,0
oma_e40,4,4,5,0,0,196,23.0191,0
oma_e40,4,4,5,0,0,197,21.0961,1
oma_e40,4,4,5,0,0,198,21.9114,0
oma_e40,4,4,5,0,0,199,23.2971,0
oma_e40,4,4,5,0,1,175,22.7634,1
oma_e40,4,4,5,0,1,176,22.8861,0
oma_e40,4,4,5,0,1,177,22.9640,0
oma_e40,4,4,5,0,1,178,20.3702,0
oma_e40,4,4,5,0,1,179,17.0376,1
oma_e40,4,4,5,0,1,180,20.2063,0
oma_e40,4,4,5,0,1,181,20.3594,0
oma_e40,4,4,5,0,1,182,12.4452,1
oma_e40,4,4,5,0,1,183,17.1996,1
oma_e40,4,4,5,0,1,184,21.7179,1
oma_e40,4,4,5,0,1,185,16.7320,1
oma_e40,4,4,5,0,1,186,13.1908,1
oma_e40,4,4,5,0,1,187,19.9354,1
oma_e40,4,4,5,0,1,188,20.9943,1
oma_e40,4,4,5,0,1,189,20.9225,1
oma_e40,4,4,5,0,1,190,19.4216,1
oma_e40,4,4,5,0,1,191,18.1264,1
oma_e40,4,4,5,0,1,192,20.0070,0
oma_e40,4,4,5,0,1,193,20.4565,1
oma_e40,4,4,5,0,1,194,21.5946,0
oma_e40,4,4,5,0,1,195,20.5282,0
oma_e40,4,4,5,0,1,196,19.0974,1
oma_e40,4,4,5,0,1,197,18.2485,1
oma_e40,4,4,5,0,1,198,20.9701,0
oma_e40,4,4,5,0,1,199,17.6885,1
oma_e40,4,4,5,0,2,175,19.7363,0
oma_e40,4,4,5,0,2,176,25.0776,1
oma_e40,4,4,5,0,2,177,25.9666,0
oma_e40,4,4,5,0,2,178,17.1679,1
oma_e40,4,4,5,0,2,179,15.7054,1
oma_e40,4,4,5,0,2,180,18.2476,1
oma_e40,4,4,5,0,2,181,21.9038,0
oma_e40,4,4,5,0,2,182,13.1233,1
oma_e40,4,4,5,0,2,183,19.4100,0
oma_e40,4,4,5,0,2,184,20.4305,1
oma_e40,4,4,5,0,2,185,21.4845,0
oma_e40,4,4,5,0,2,186,12.7766,1
oma_e40,4,4,5,0,2,187,18.1112,1
oma_e40,4,4,5,0,2,188,22.5685,1
oma_e40,4,4,5,0,2,189,22.1641,0
oma_e40,4,4,5,0,2,190,19.3770,1
oma_e40,4,4,5,0,2,191,19.1825,1
oma_e40,4,4,5,0,2,192,22.0465,1
oma_e40,4,4,5,0,2,193,21.1614,0
oma_e40,4,4,5,0,2,194,21.2081,0
oma_e40,4,4,5,0,2,195,28.0510,0
oma_e40,4,4,5,0,2,196,19.0610,0
oma_e40,4,4,5,0,2,197,20.3093,1
oma_e40,4,4,5,0,2,198,22.3559,0
oma_e40,4,4,5,0,2,199,20.1706,0
oma_e40,4,4,5,0,3,175,25.0253,0
oma_e40,4,4,5,0,3,176,21.0482,1
oma_e40,4,4,5,0,3,177,23.8057,0
oma_e40,4,4,5,0,3,178,19.4186,1
oma_e40,4,4,5,0,3,179,12.3372,1
oma_e40,4,4,5,0,3,180,19.0995,1
oma_e40,4,4,5,0,3,181,24.3091,0
oma_e40,4,4,5,0,3,182,13.1675,1
oma_e40,4,4,5,0,3,183,13.4548,1
oma_e40,4,4,5,0,3,184,23.3511,1
oma_e40,4,4,5,0,3,185,21.8260,1
oma_e40,4,4,5,0,3,186,14.5282,1
oma_e40,4,4,5,0,3,187,18.8305,0
oma_e40,4,4,5,0,3,188,21.7624,0
oma_e40,4,4,5,0,3,189,21.8301,1
oma_e40,4,4,5,0,3,190,17.8297,1
oma_e40,4,4,5,0,3,191,19.3080,1
oma_e40,4,4,5,0,3,192,21.4866,0
oma_e40,4,4,5,0,3,193,19.4215,0
oma_e40,4,4,5,0,3,194,23.5416,0
oma_e40,4,4,5,0,3,195,24.3882,0
oma_e40,4,4,5,0,3,196,21.4943,1
oma_e40,4,4,5,0,3,197,16.3475,1
oma_e40,4,4,5,0,3,198,21.7524,0
oma_e40,4,4,5,0,3,199,21.5119,1
oma_e40,4,4,5,1,0,0,19.9436,0
oma_e40,4,4,5,1,0,1,22.4590,0
oma_e40,4,4,5,1,0,2,21.3583,1
oma_e40,4,4,5,1,0,3,22.1812,1
oma_e40,4,4,5,1,0,4,15.7543,1
oma_e40,4,4,5,1,0,5,14.6355,0
oma_e40,4,4,5,1,0,6,22.9893,0
oma_e40,4,4,5,1,0,7,18.6770,1
oma_e40,4,4,5,1,0,8,18.5705,1
oma_e40,4,4,5,1,0,9,20.1619,0
oma_e40,4,4,5,1,0,10,21.0385,0
oma_e40,4,4,5,1,0,11,17.9477,0
oma_e40,4,4,5,1,0,12,16.9285,1
oma_e40,4,4,5,1,0,13,19.1121,1
oma_e40,4,4,5,1,0,14,20.2683,1
oma_e40,4,4,5,1,0,15,18.8622,1
oma_e40,4,4,5,1,0,16,23.9128,0
oma_e40,4,4,5,1,0,17,19.5489,1
oma_e40,4,4,5,1,0,18,20.0721,0
oma_e40,4,4,5,1,0,19,20.5565,1
oma_e40,4,4,5,1,0,20,22.0445,0
oma_e40,4,4,5,1,0,21,14.9801,1
oma_e40,4,4,5,1,0,22,23.4665,1
oma_e40,4,4,5,1,0,23,22.4667,0
oma_e40,4,4,5,1,0,24,19.8839,0
oma_e40,4,4,5,1,1,0,23.4730,1
oma_e40,4,4,5,1,1,1,19.4633,1
oma_e40,4,4,5,1,1,2,22.8714,0
oma_e40,4,4,5,1,1,3,25.5169,0
oma_e40,4,4,5,1,1,4,18.2234,0
oma_e40,4,4,5,1,1,5,13.5816,1
oma_e40,4,4,5,1,1,6,20.5992,0
oma_e40,4,4,5,1,1,7,21.5613,0
oma_e40,4,4,5,1,1,8,19.1520,1
oma_e40,4,4,5,1,1,9,17.8178,1
oma_e40,4,4,5,1,1,10,18.5135,1
oma_e40,4,4,5,1,1,11,21.4108,1
oma_e40,4,4,5,1,1,12,17.1997,1
oma_e40,4,4,5,1,1,13,20.8385,1
oma_e40,4,4,5,1,1,14,21.7008,1
oma_e40,4,4,5,1,1,15,18.4244,0
oma_e40,4,4,5,1,1,16,21.4895,0
oma_e40,4,4,5,1,1,17,19.9076,1
oma_e40,4,4,5,1,1,18,19.9832,1
oma_e40,4,4,5,1,1,19,22.3040,0
oma_e40,4,4,5,1,1,20,28.5792,0
oma_e40,4,4,5,1,1,21,17.7480,1
oma_e40,4,4,5,1,1,22,19.6684,1
oma_e40,4,4,5,1,1,23,19.6392,0
oma_e40,4,4,5,1,1,24,19.6376,0
oma_e40,4,4,5,1,2,0,19.2870,1
oma_e40,4,4,5,1,2,1,20.9068,0
oma_e40,4,4,5,1,2,2,22.5061,1
oma_e40,4,4,5,1,2,3,21.5440,0
oma_e40,4,4,5,1,2,4,20.6531,0
oma_e40,4,4,5,1,2,5,13.9691,1
oma_e40,4,4,5,1,2,6,20.5850,0
oma_e40,4,4,5,1,2,7,21.4040,0
oma_e40,4,4,5,1,2,8,15.6493,1
oma_e40,4,4,5,1,2,9,20.1293,1
oma_e40,4,4,5,1,2,10,20.7654,0
oma_e40,4,4,5,1,2,11,23.6528,1
oma_e40,4,4,5,1,2,12,17.7719,0
oma_e40,4,4,5,1,2,13,19.6502,0
oma_e40,4,4,5,1,2,14,22.2529,1
oma_e40,4,4,5,1,2,15,21.2164,1
oma_e40,4,4,5,1,2,16,22.9936,0
oma_e40,4,4,5,1,2,17,18.9180,1
oma_e40,4,4,5,1,2,18,17.5528,1
oma_e40,4,4,5,1,2,19,22.5567,0
oma_e40,4,4,5,1,2,20,20.6788,0
oma_e40,4,4,5,1,2,21,17.7354,1
oma_e40,4,4,5,1,2,22,20.9407,0
oma_e40,4,4,5,1,2,23,24.9196,0
oma_e40,4,4,5,1,2,24,24.5894,0
oma_e40,4,4,5,1,3,0,20.6004,1
oma_e40,4,4,5,1,3,1,18.7342,1
oma_e40,4,4,5,1,3,2,20.9471,0
oma_e40,4,4,5,1,3,3,20.5668,0
oma_e40,4,4,5,1,3,4,17.5884,1
oma_e40,4,4,5,1,3,5,13.4637,1
oma_e40,4,4,5,1,3,6,19.2124,0
oma_e40,4,4,5,1,3,7,21.8766,1
oma_e40,4,4,5,1,3,8,19.4702,1
oma_e40,4,4,5,1,3,9,23.2255,0
oma_e40,4,4,5,1,3,10,22.2515,0
oma_e40,4,4,5,1,3,11,20.6674,1
oma_e40,4,4,5,1,3,12,16.0459,0
oma_e40,4,4,5,1,3,13,19.0432,1
oma_e40,4,4,5,1,3,14,18.7715,0
oma_e40,4,4,5,1,3,15,17.1353,1
oma_e40,4,4,5,1,3,16,23.1450,0
oma_e40,4,4,5,1,3,17,19.4530,1
oma_e40,4,4,5,1,3,18,23.2805,0
oma_e40,4,4,5,1,3,19,17.2339,0
oma_e40,4,4,5,1,3,20,25.8727,0
oma_e40,4,4,5,1,3,21,20.5635,1
oma_e40,4,4,5,1,3,22,21.7360,1
oma_e40,4,4,5,1,3,23,23.0775,0
oma_e40,4,4,5,1,3,24,23.0227,1
oma_e40,4,4,5,1,0,25,18.0892,1
oma_e40,4,4,5,1,0,26,19.9252,0
oma_e40,4,4,5,1,0,27,21.9874,1
oma_e40,4,4,5,1,0,28,23.3371,0
oma_e40,4,4,5,1,0,29,19.6601,1
oma_e40,4,4,5,1,0,30,17.2289,1
oma_e40,4,4,5,1,0,31,16.5231,0
oma_e40,4,4,5,1,0,32,18.8590,1
oma_e40,4,4,5,1,0,33,23.0006,1
oma_e40,4,4,5,1,0,34,16.1682,1
oma_e40,4,4,5,1,0,35,19.0037,1
oma_e40,4,4,5,1,0,36,20.7246,0
oma_e40,4,4,5,1,0,37,19.9582,0
oma_e40,4,4,5,1,0,38,22.7956,1
oma_e40,4,4,5,1,0,39,27.0609,0
oma_e40,4,4,5,1,0,40,20.4307,1
oma_e40,4,4,5,1,0,41,20.9711,1
oma_e40,4,4,5,1,0,42,22.8688,0
oma_e40,4,4,5,1,0,43,16.3822,0
oma_e40,4,4,5,1,0,44,14.6680,0
oma_e40,4,4,5,1,0,45,13.8119,1
oma_e40,4,4,5,1,0,46,20.4836,1
oma_e40,4,4,5,1,0,47,17.1802,1
oma_e40,4,4,5,1,0,48,18.4353,1
oma_e40,4,4,5,1,0,49,20.4950,0
oma_e40,4,4,5,1,1,25,21.8953,0
oma_e40,4,4,5,1,1,26,18.7131,1
oma_e40,4,4,5,1,1,27,19.9336,1
oma_e40,4,4,5,1,1,28,22.1814,0
oma_e40,4,4,5,1,1,29,20.8662,0
oma_e40,4,4,5,1,1,30,18.3336,0
oma_e40,4,4,5,1,1,31,16.4661,1
oma_e40,4,4,5,1,1,32,22.1770,0
oma_e40,4,4,5,1,1,33,26.1995,0
oma_e40,4,4,5,1,1,34,16.5220,1
oma_e40,4,4,5,1,1,35,19.7863,1
oma_e40,4,4,5,1,1,36,23.1244,0
oma_e40,4,4,5,1,1,37,16.5237,1
oma_e40,4,4,5,1,1,38,21.0510,0
oma_e40,4,4,5,1,1,39,23.5489,1
oma_e40,4,4,5,1,1,40,19.8702,1
oma_e40,4,4,5,1,1,41,24.5280,1
oma_e40,4,4,5,1,1,42,29.4083,1
oma_e40,4,4,5,1,1,43,17.2827,1
oma_e40,4,4,5,1,1,44,12.4333,1
oma_e40,4,4,5,1,1,45,14.0776,1
oma_e40,4,4,5,1,1,46,22.0630,1
oma_e40,4,4,5,1,1,47,15.3144,1
oma_e40,4,4,5,1,1,48,19.6560,0
oma_e40,4,4,5,1,1,49,18.5215,0
oma_e40,4,4,5,1,2,25,21.5147,1
oma_e40,4,4,5,1,2,26,19.0292,1
oma_e40,4,4,5,1,2,27,24.8738,1
oma_e40,4,4,5,1,2,28,24.6652,0
oma_e40,4,4,5,1,2,29,19.4342,1
oma_e40,4,4,5,1,2,30,14.0400,1
oma_e40,4,4,5,1,2,31,20.7625,1
oma_e40,4,4,5,1,2,32,16.5560,0
oma_e40,4,4,5,1,2,33,20.9077,1
oma_e40,4,4,5,1,2,34,17.2176,0
oma_e40,4,4,5,1,2,35,19.5931,1
oma_e40,4,4,5,1,2,36,20.4076,0
oma_e40,4,4,5,1,2,37,14.6536,1
oma_e40,4,4,5,1,2,38,20.8005,1
oma_e40,4,4,5,1,2,39,24.3494,0
oma_e40,4,4,5,1,2,40,20.1112,1
oma_e40,4,4,5,1,2,41,21.7737,1
oma_e40,4,4,5,1,2,42,20.0531,1
oma_e40,4,4,5,1,2,43,17.5913,0
oma_e40,4,4,5,1,2,44,12.6805,1
oma_e40,4,4,5,1,2,45,15.9040,1
oma_e40,4,4,5,1,2,46,21.5834,0
oma_e40,4,4,5,1,2,47,20.0907,1
oma_e40,4,4,5,1,2,48,21.3688,1
oma_e40,4,4,5,1,2,49,17.8280,1
oma_e40,4,4,5,1,3,25,23.5057,0
oma_e40,4,4,5,1,3,26,18.8454,1
oma_e40,4,4,5,1,3,27,20.3054,0
oma_e40,4,4,5,1,3,28,24.1172,0
oma_e40,4,4,5,1,3,29,20.9442,1
oma_e40,4,4,5,1,3,30,19.2137,1
oma_e40,4,4,5,1,3,31,15.9492,1
oma_e40,4,4,5,1,3,32,22.5057,0
oma_e40,4,4,5,1,3,33,27.7108,0
oma_e40,4,4,5,1,3,34,17.1276,1
oma_e40,4,4,5,1,3,35,20.6381,1
oma_e40,4,4,5,1,3,36,20.6978,0
oma_e40,4,4,5,1,3,37,16.3970,1
oma_e40,4,4,5,1,3,38,25.3458,0
oma_e40,4,4,5,1,3,39,26.9038,0
oma_e40,4,4,5,1,3,40,19.8165,1
oma_e40,4,4,5,1,3,41,20.5757,1
oma_e40,4,4,5,1,3,42,20.8923,0
oma_e40,4,4,5,1,3,43,17.0548,1
oma_e40,4,4,5,1,3,44,13.9773,0
oma_e40,4,4,5,1,3,45,16.4003,1
oma_e40,4,4,5,1,3,46,23.5872,1
oma_e40,4,4,5,1,3,47,17.7040,1
oma_e40,4,4,5,1,3,48,19.3534,1
oma_e40,4,4,5,1,3,49,18.5489,1
oma_e40,4,4,5,1,0,50,21.7392,0
oma_e40,4,4,5,1,0,51,22.0275,0
oma_e40,4,4,5,1,0,52,15.7170,1
oma_e40,4,4,5,1,0,53,19.1731,0
oma_e40,4,4,5,1,0,54,18.9753,0
oma_e40,4,4,5,1,0,55,15.9589,0
oma_e40,4,4,5,1,0,56,11.4033,1
oma_e40,4,4,5,1,0,57,20.3588,0
oma_e40,4,4,5,1,0,58,20.7945,1
oma_e40,4,4,5,1,0,59,24.2565,1
oma_e40,4,4,5,1,0,60,16.1583,1
oma_e40,4,4,5,1,0,61,21.8588,0
oma_e40,4,4,5,1,0,62,19.5812,0
oma_e40,4,4,5,1,0,63,22.9757,0
oma_e40,4,4,5,1,0,64,23.3290,1
oma_e40,4,4,5,1,0,65,16.9583,1
oma_e40,4,4,5,1,0,66,21.4866,0
oma_e40,4,4,5,1,0,67,25.2848,0
oma_e40,4,4,5,1,0,68,20.2603,1
oma_e40,4,4,5,1,0,69,23.3929,0
oma_e40,4,4,5,1,0,70,20.7934,1
oma_e40,4,4,5,1,0,71,22.6573,0
oma_e40,4,4,5,1,0,72,22.0207,0
oma_e40,4,4,5,1,0,73,21.4375,1
oma_e40,4,4,5,1,0,74,19.9435,1
oma_e40,4,4,5,1,1,50,20.9847,1
oma_e40,4,4,5,1,1,51,21.5037,1
oma_e40,4,4,5,1,1,52,18.5457,1
oma_e40,4,4,5,1,1,53,19.2690,1
oma_e40,4,4,5,1,1,54,16.0210,0
oma_e40,4,4,5,1,1,55,21.3069,1
oma_e40,4,4,5,1,1,56,11.8904,1
oma_e40,4,4,5,1,1,57,22.0691,0
oma_e40,4,4,5,1,1,58,22.4037,0
oma_e40,4,4,5,1,1,59,19.6420,1
oma_e40,4,4,5,1,1,60,15.1216,1
oma_e40,4,4,5,1,1,61,20.5794,0
oma_e40,4,4,5,1,1,62,20.9910,1
oma_e40,4,4,5,1,1,63,29.7418,1
oma_e40,4,4,5,1,1,64,21.9050,0
oma_e40,4,4,5,1,1,65,19.5780,1
oma_e40,4,4,5,1,1,66,23.1260,0
oma_e40,4,4,5,1,1,67,21.3223,0
oma_e40,4,4,5,1,1,68,18.9446,1
oma_e40,4,4,5,1,1,69,25.2694,1
oma_e40,4,4,5,1,1,70,18.4844,1
oma_e40,4,4,5,1,1,71,26.3684,0
oma_e40,4,4,5,1,1,72,22.9025,1
oma_e40,4,4,5,1,1,73,17.6922,1
oma_e40,4,4,5,1,1,74,20.2913,0
oma_e40,4,4,5,1,2,50,19.4533,0
oma_e40,4,4,5,1,2,51,22.3419,0
oma_e40,4,4,5,1,2,52,18.4971,1
oma_e40,4,4,5,1,2,53,17.9964,0
oma_e40,4,4,5,1,2,54,17.3176,0
oma_e40,4,4,5,1,2,55,24.7006,0
oma_e40,4,4,5,1,2,56,12.5851,0
oma_e40,4,4,5,1,2,57,25.0108,1
oma_e40,4,4,5,1,2,58,19.2311,1
oma_e40,4,4,5,1,2,59,20.6429,1
oma_e40,4,4,5,1,2,60,13.1043,1
oma_e40,4,4,5,1,2,61,21.0930,0
oma_e40,4,4,5,1,2,62,19.1210,1
oma_e40,4,4,5,1,2,63,22.4217,0
oma_e40,4,4,5,1,2,64,18.2035,1
oma_e40,4,4,5,1,2,65,19.5289,0
oma_e40,4,4,5,1,2,66,21.3841,0
oma_e40,4,4,5,1,2,67,21.5971,0
oma_e40,4,4,5,1,2,68,18.4969,1
oma_e40,4,4,5,1,2,69,27.5916,0
oma_e40,4,4,5,1,2,70,17.9175,0
oma_e40,4,4,5,1,2,71,23.0449,0
oma_e40,4,4,5,1,2,72,22.6627,0
oma_e40,4,4,5,1,2,73,17.5497,0
oma_e40,4,4,5,1,2,74,17.5333,1
oma_e40,4,4,5,1,3,50,19.1751,1
oma_e40,4,4,5,1,3,51,24.4936,0
oma_e40,4,4,5,1,3,52,18.6098,0
oma_e40,4,4,5,1,3,53,17.4320,1
oma_e40,4,4,5,1,3,54,21.5338,1
oma_e40,4,4,5,1,3,55,21.1820,1
oma_e40,4,4,5,1,3,56,11.9396,0
oma_e40,4,4,5,1,3,57,22.7878,0
oma_e40,4,4,5,1,3,58,20.5107,0
oma_e40,4,4,5,1,3,59,23.5787,0
oma_e40,4,4,5,1,3,60,16.4091,1
oma_e40,4,4,5,1,3,61,22.4299,0
oma_e40,4,4,5,1,3,62,19.1646,1
oma_e40,4,4,5,1,3,63,24.8866,0
oma_e40,4,4,5,1,3,64,23.1982,0
oma_e40,4,4,5,1,3,65,20.0520,1
oma_e40,4,4,5,1,3,66,22.7345,0
oma_e40,4,4,5,1,3,67,20.2564,0
oma_e40,4,4,5,1,3,68,22.3172,0
oma_e40,4,4,5,1,3,69,26.9447,0
oma_e40,4,4,5,1,3,70,20.7620,0
oma_e40,4,4,5,1,3,71,21.9651,1
oma_e40,4,4,5,1,3,72,22.3565,0
oma_e40,4,4,5,1,3,73,21.5534,0
oma_e40,4,4,5,1,3,74,19.5197,1
oma_e40,4,4,5,1,0,75,19.2268,0
oma_e40,4,4,5,1,0,76,20.9195,1
oma_e40,4,4,5,1,0,77,21.6271,0
oma_e40,4,4,5,1,0,78,20.7868,0
oma_e40,4,4,5,1,0,79,22.0400,0
oma_e40,4,4,5,1,0,80,20.3772,0
oma_e40,4,4,5,1,0,81,18.2300,0
oma_e40,4,4,5,1,0,82,18.1500,1
oma_e40,4,4,5,1,0,83,18.4440,1
oma_e40,4,4,5,1,0,84,21.4185,0
oma_e40,4,4,5,1,0,85,19.8465,0
oma_e40,4,4,5,1,0,86,20.4360,1
oma_e40,4,4,5,1,0,87,20.2898,0
oma_e40,4,4,5,1,0,88,18.1338,1
oma_e40,4,4,5,1,0,89,19.3514,1
oma_e40,4,4,5,1,0,90,17.4840,1
oma_e40,4,4,5,1,0,91,18.8821,1
oma_e40,4,4,5,1,0,92,20.9778,1
oma_e40,4,4,5,1,0,93,18.5095,1
oma_e40,4,4,5,1,0,94,14.7036,1
oma_e40,4,4,5,1,0,95,18.7198,0
oma_e40,4,4,5,1,0,96,24.7046,0
oma_e40,4,4,5,1,0,97,18.3627,0
oma_e40,4,4,5,1,0,98,22.5622,0
oma_e40,4,4,5,1,0,99,22.5126,0
oma_e40,4,4,5,1,1,75,20.4985,0
oma_e40,4,4,5,1,1,76,19.2662,0
oma_e40,4,4,5,1,1,77,26.7820,0
oma_e40,4,4,5,1,1,78,20.9629,1
oma_e40,4,4,5,1,1,79,19.4485,1
oma_e40,4,4,5,1,1,80,19.5968,0
oma_e40,4,4,5,1,1,81,21.9690,1
oma_e40,4,4,5,1,1,82,21.8273,0
oma_e40,4,4,5,1,1,83,22.1266,1
oma_e40,4,4,5,1,1,84,19.7338,1
oma_e40,4,4,5,1,1,85,23.3678,1
oma_e40,4,4,5,1,1,86,23.5915,0
oma_e40,4,4,5,1,1,87,24.1241,1
oma_e40,4,4,5,1,1,88,17.7272,1
oma_e40,4,4,5,1,1,89,19.8937,1
oma_e40,4,4,5,1,1,90,16.0715,1
oma_e40,4,4,5,1,1,91,18.4773,0
oma_e40,4,4,5,1,1,92,20.9311,1
oma_e40,4,4,5,1,1,93,18.2909,1
oma_e40,4,4,5,1,1,94,15.4079,1
oma_e40,4,4,5,1,1,95,18.4240,0
oma_e40,4,4,5,1,1,96,22.4576,0
oma_e40,4,4,5,1,1,97,20.5844,1
oma_e40,4,4,5,1,1,98,19.4023,0
oma_e40,4,4,5,1,1,99,21.0001,1
oma_e40,4,4,5,1,2,75,17.5788,1
oma_e40,4,4,5,1,2,76,19.5276,1
oma_e40,4,4,5,1,2,77,22.7892,0
oma_e40,4,4,5,1,2,78,21.7081,0
oma_e40,4,4,5,1,2,79,17.1227,1
oma_e40,4,4,5,1,2,80,21.9045,0
oma_e40,4,4,5,1,2,81,20.1697,1
oma_e40,4,4,5,1,2,82,17.6258,0
oma_e40,4,4,5,1,2,83,21.7262,0
oma_e40,4,4,5,1,2,84,25.6107,0
oma_e40,4,4,5,1,2,85,19.2608,0
oma_e40,4,4,5,1,2,86,22.3660,0
oma_e40,4,4,5,1,2,87,23.3194,0
oma_e40,4,4,5,1,2,88,20.7944,0
oma_e40,4,4,5,1,2,89,19.9041,1
oma_e40,4,4,5,1,2,90,18.5642,1
oma_e40,4,4,5,1,2,91,19.1919,0
oma_e40,4,4,5,1,2,92,19.6464,1
oma_e40,4,4,5,1,2,93,17.2211,1
oma_e40,4,4,5,1,2,94,14.3166,1
oma_e40,4,4,5,1,2,95,22.7778,0
oma_e40,4,4,5,1,2,96,22.8157,1
oma_e40,4,4,5,1,2,97,19.3175,0
oma_e40,4,4,5,1,2,98,23.2244,0
oma_e40,4,4,5,1,2,99,18.6983,1
oma_e40,4,4,5,1,3,75,24.1992,0
oma_e40,4,4,5,1,3,76,19.9308,1
oma_e40,4,4,5,1,3,77,24.5468,0
oma_e40,4,4,5,1,3,78,20.4757,1
oma_e40,4,4,5,1,3,79,20.1408,0
oma_e40,4,4,5,1,3,80,23.5259,0
oma_e40,4,4,5,1,3,81,19.5778,0
oma_e40,4,4,5,1,3,82,19.6449,1
oma_e40,4,4,5,1,3,83,23.5710,0
oma_e40,4,4,5,1,3,84,25.5272,1
oma_e40,4,4,5,1,3,85,19.8365,0
oma_e40,4,4,5,1,3,86,20.2787,1
oma_e40,4,4,5,1,3,87,17.8189,1
oma_e40,4,4,5,1,3,88,18.4981,0
oma_e40,4,4,5,1,3,89,21.9155,0
oma_e40,4,4,5,1,3,90,16.1778,1
oma_e40,4,4,5,1,3,91,19.5185,0
oma_e40,4,4,5,1,3,92,19.6887,1
oma_e40,4,4,5,1,3,93,17.8308,0
oma_e40,4,4,5,1,3,94,15.7736,1
oma_e40,4,4,5,1,3,95,17.2263,1
oma_e40,4,4,5,1,3,96,23.6176,0
oma_e40,4,4,5,1,3,97,18.1991,1
oma_e40,4,4,5,1,3,98,21.6332,0
oma_e40,4,4,5,1,3,99,24.1462,1
oma_e40,4,4,5,1,0,100,15.5515,1
oma_e40,4,4,5,1,0,101,24.0791,0
oma_e40,4,4,5,1,0,102,23.7007,0
oma_e40,4,4,5,1,0,103,19.9610,0
oma_e40,4,4,5,1,0,104,21.3572,1
oma_e40,4,4,5,1,0,105,14.9495,1
oma_e40,4,4,5,1,0,106,16.7872,1
oma_e40,4,4,5,1,0,107,19.2854,1
oma_e40,4,4,5,1,0,108,18.7656,1
oma_e40,4,4,5,1,0,109,19.6451,1
oma_e40,4,4,5,1,0,110,16.7106,1
oma_e40,4,4,5,1,0,111,18.4647,1
oma_e40,4,4,5,1,0,112,19.1591,1
oma_e40,4,4,5,1,0,113,18.9303,1
oma_e40,4,4,5,1,0,114,15.7754,1
oma_e40,4,4,5,1,0,115,13.3364,1
oma_e40,4,4,5,1,0,116,21.1240,0
oma_e40,4,4,5,1,0,117,22.4560,1
oma_e40,4,4,5,1,0,118,23.9878,1
oma_e40,4,4,5,1,0,119,22.1517,1
oma_e40,4,4,5,1,0,120,15.7086,1
oma_e40,4,4,5,1,0,121,24.5651,0
oma_e40,4,4,5,1,0,122,13.0075,1
oma_e40,4,4,5,1,0,123,17.7418,1
oma_e40,4,4,5,1,0,124,18.2636,1
oma_e40,4,4,5,1,1,100,17.7916,1
oma_e40,4,4,5,1,1,101,20.5818,1
oma_e40,4,4,5,1,1,102,21.2194,1
oma_e40,4,4,5,1,1,103,23.5577,0
oma_e40,4,4,5,1,1,104,20.2770,1
oma_e40,4,4,5,1,1,105,18.9145,1
oma_e40,4,4,5,1,1,106,15.6251,1
oma_e40,4,4,5,1,1,107,22.0319,0
oma_e40,4,4,5,1,1,108,16.9770,1
oma_e40,4,4,5,1,1,109,19.7829,0
oma_e40,4,4,5,1,1,110,16.9343,1
oma_e40,4,4,5,1,1,111,18.3674,1
oma_e40,4,4,5,1,1,112,20.1542,1
oma_e40,4,4,5,1,1,113,19.0200,1
oma_e40,4,4,5,1,1,114,14.3359,1
oma_e40,4,4,5,1,1,115,12.5198,1
oma_e40,4,4,5,1,1,116,18.6512,0
oma_e40,4,4,5,1,1,117,23.1691,1
oma_e40,4,4,5,1,1,118,25.6526,0
oma_e40,4,4,5,1,1,119,18.6754,0
oma_e40,4,4,5,1,1,120,16.5486,0
oma_e40,4,4,5,1,1,121,24.5765,1
oma_e40,4,4,5,1,1,122,13.1433,1
oma_e40,4,4,5,1,1,123,22.0168,0
oma_e40,4,4,5,1,1,124,21.3580,0
oma_e40,4,4,5,1,2,100,17.8620,1
oma_e40,4,4,5,1,2,101,22.7735,0
oma_e40,4,4,5,1,2,102,21.9425,1
oma_e40,4,4,5,1,2,103,20.0842,0
oma_e40,4,4,5,1,2,104,23.5657,0
oma_e40,4,4,5,1,2,105,15.4756,1
oma_e40,4,4,5,1,2,106,18.5793,1
oma_e40,4,4,5,1,2,107,17.0880,1
oma_e40,4,4,5,1,2,108,15.4322,1
oma_e40,4,4,5,1,2,109,20.8248,1
oma_e40,4,4,5,1,2,110,17.5187,1
oma_e40,4,4,5,1,2,111,17.5548,1
oma_e40,4,4,5,1,2,112,20.0587,1
oma_e40,4,4,5,1,2,113,20.0735,1
oma_e40,4,4,5,1,2,114,15.8877,1
oma_e40,4,4,5,1,2,115,12.7717,0
oma_e40,4,4,5,1,2,116,19.6250,0
oma_e40,4,4,5,1,2,117,22.6091,1
oma_e40,4,4,5,1,2,118,21.4109,0
oma_e40,4,4,5,1,2,119,21.0386,1
oma_e40,4,4,5,1,2,120,15.6620,1
oma_e40,4,4,5,1,2,121,20.3125,1
oma_e40,4,4,5,1,2,122,14.5013,1
oma_e40,4,4,5,1,2,123,24.2512,1
oma_e40,4,4,5,1,2,124,21.1607,1
oma_e40,4,4,5,1,3,100,17.7984,1
oma_e40,4,4,5,1,3,101,21.4098,1
oma_e40,4,4,5,1,3,102,22.8809,0
oma_e40,4,4,5,1,3,103,21.5382,1
oma_e40,4,4,5,1,3,104,23.7325,0
oma_e40,4,4,5,1,3,105,15.8043,1
oma_e40,4,4,5,1,3,106,18.1323,1
oma_e40,4,4,5,1,3,107,19.2334,1
oma_e40,4,4,5,1,3,108,15.0376,1
oma_e40,4,4,5,1,3,109,17.9835,1
oma_e40,4,4,5,1,3,110,16.9197,1
oma_e40,4,4,5,1,3,111,18.8439,1
oma_e40,4,4,5,1,3,112,19.4222,1
oma_e40,4,4,5,1,3,113,17.7142,1
oma_e40,4,4,5,1,3,114,13.6419,1
oma_e40,4,4,5,1,3,115,12.0893,1
oma_e40,4,4,5,1,3,116,23.1855,1
oma_e40,4,4,5,1,3,117,21.5170,0
oma_e40,4,4,5,1,3,118,24.3610,0
oma_e40,4,4,5,1,3,119,19.2717,0
oma_e40,4,4,5,1,3,120,15.1198,1
oma_e40,4,4,5,1,3,121,20.7425,0
oma_e40,4,4,5,1,3,122,17.6299,1
oma_e40,4,4,5,1,3,123,20.8684,1
oma_e40,4,4,5,1,3,124,19.1788,0
oma_e40,4,4,5,1,0,125,18.2635,0
oma_e40,4,4,5,1,0,126,17.0409,1
oma_e40,4,4,5,1,0,127,15.8824,1
oma_e40,4,4,5,1,0,128,22.1384,0
oma_e40,4,4,5,1,0,129,18.0022,1
oma_e40,4,4,5,1,0,130,24.6069,1
oma_e40,4,4,5,1,0,131,17.8814,1
oma_e40,4,4,5,1,0,132,21.7706,0
oma_e40,4,4,5,1,0,133,21.9823,1
oma_e40,4,4,5,1,0,134,23.3093,1
oma_e40,4,4,5,1,0,135,19.9703,1
oma_e40,4,4,5,1,0,136,20.7556,1
oma_e40,4,4,5,1,0,137,23.1609,0
oma_e40,4,4,5,1,0,138,18.6156,0
oma_e40,4,4,5,1,0,139,20.1422,1
oma_e40,4,4,5,1,0,140,15.4332,1
oma_e40,4,4,5,1,0,141,14.7558,1
oma_e40,4,4,5,1,0,142,14.7839,0
oma_e40,4,4,5,1,0,143,20.3243,0
oma_e40,4,4,5,1,0,144,23.0066,0
oma_e40,4,4,5,1,0,145,24.3655,0
oma_e40,4,4,5,1,0,146,23.8460,0
oma_e40,4,4,5,1,0,147,16.9856,1
oma_e40,4,4,5,1,0,148,18.6765,0
oma_e40,4,4,5,1,0,149,19.6182,1
oma_e40,4,4,5,1,1,125,21.4873,0
oma_e40,4,4,5,1,1,126,15.8167,1
oma_e40,4,4,5,1,1,127,17.2545,1
oma_e40,4,4,5,1,1,128,23.3828,1
oma_e40,4,4,5,1,1,129,19.2715,1
oma_e40,4,4,5,1,1,130,17.1823,1
oma_e40,4,4,5,1,1,131,18.8920,0
oma_e40,4,4,5,1,1,132,19.9492,0
oma_e40,4,4,5,1,1,133,23.1925,1
oma_e40,4,4,5,1,1,134,22.0842,1
oma_e40,4,4,5,1,1,135,21.5836,0
oma_e40,4,4,5,1,1,136,21.5902,0
oma_e40,4,4,5,1,1,137,24.1190,1
oma_e40,4,4,5,1,1,138,18.4635,1
oma_e40,4,4,5,1,1,139,19.3173,1
oma_e40,4,4,5,1,1,140,16.9674,1
oma_e40,4,4,5,1,1,141,15.3154,1
oma_e40,4,4,5,1,1,142,13.1799,1
oma_e40,4,4,5,1,1,143,17.4352,1
oma_e40,4,4,5,1,1,144,24.8316,1
oma_e40,4,4,5,1,1,145,23.3648,0
oma_e40,4,4,5,1,1,146,24.3059,0
oma_e40,4,4,5,1,1,147,17.9731,0
oma_e40,4,4,5,1,1,148,19.1134,0
oma_e40,4,4,5,1,1,149,18.3939,0
oma_e40,4,4,5,1,2,125,20.4775,0
oma_e40,4,4,5,1,2,126,15.5456,1
oma_e40,4,4,5,1,2,127,14.7462,1
oma_e40,4,4,5,1,2,128,21.1943,1
oma_e40,4,4,5,1,2,129,19.3691,0
oma_e40,4,4,5,1,2,130,20.6524,1
oma_e40,4,4,5,1,2,131,24.4641,0
oma_e40,4,4,5,1,2,132,23.6969,0
oma_e40,4,4,5,1,2,133,18.9084,1
oma_e40,4,4,5,1,2,134,20.5646,0
oma_e40,4,4,5,1,2,135,21.3951,1
oma_e40,4,4,5,1,2,136,19.7082,0
oma_e40,4,4,5,1,2,137,22.7604,0
oma_e40,4,4,5,1,2,138,19.6756,1
oma_e40,4,4,5,1,2,139,19.6971,1
oma_e40,4,4,5,1,2,140,18.4503,1
oma_e40,4,4,5,1,2,141,17.8545,1
oma_e40,4,4,5,1,2,142,14.4566,1
oma_e40,4,4,5,1,2,143,18.9451,1
oma_e40,4,4,5,1,2,144,22.2287,1
oma_e40,4,4,5,1,2,145,22.8668,0
oma_e40,4,4,5,1,2,146,20.2941,0
oma_e40,4,4,5,1,2,147,15.8001,1
oma_e40,4,4,5,1,2,148,19.7925,1
oma_e40,4,4,5,1,2,149,16.4018,0
oma_e40,4,4,5,1,3,125,21.2951,1
oma_e40,4,4,5,1,3,126,15.3911,1
oma_e40,4,4,5,1,3,127,16.2135,1
oma_e40,4,4,5,1,3,128,26.7851,0
oma_e40,4,4,5,1,3,129,19.6604,1
oma_e40,4,4,5,1,3,130,22.6738,1
oma_e40,4,4,5,1,3,131,22.1276,1
oma_e40,4,4,5,1,3,132,22.8894,0
oma_e40,4,4,5,1,3,133,18.9385,0
oma_e40,4,4,5,1,3,134,20.5223,0
oma_e40,4,4,5,1,3,135,19.5745,0
oma_e40,4,4,5,1,3,136,18.7202,1
oma_e40,4,4,5,1,3,137,19.2325,0
oma_e40,4,4,5,1,3,138,17.5277,1
oma_e40,4,4,5,1,3,139,18.5614,1
oma_e40,4,4,5,1,3,140,15.1739,1
oma_e40,4,4,5,1,3,141,17.3273,0
oma_e40,4,4,5,1,3,142,13.4359,1
oma_e40,4,4,5,1,3,143,20.7362,0
oma_e40,4,4,5,1,3,144,24.6182,0
oma_e40,4,4,5,1,3,145,23.3851,0
oma_e40,4,4,5,1,3,146,18.1673,1
oma_e40,4,4,5,1,3,147,15.3273,0
oma_e40,4,4,5,1,3,148,18.2170,1
oma_e40,4,4,5,1,3,149,17.2171,0
oma_e40,4,4,5,1,0,150,16.9751,1
oma_e40,4,4,5,1,0,151,23.1723,0
oma_e40,4,4,5,1,0,152,20.3925,0
oma_e40,4,4,5,1,0,153,23.2824,0
oma_e40,4,4,5,1,0,154,18.0592,0
oma_e40,4,4,5,1,0,155,23.5976,1
oma_e40,4,4,5,1,0,156,22.9029,0
oma_e40,4,4,5,1,0,157,19.4157,1
oma_e40,4,4,5,1,0,158,21.2664,1
oma_e40,4,4,5,1,0,159,15.2723,1
oma_e40,4,4,5,1,0,160,15.1100,0
oma_e40,4,4,5,1,0,161,22.8389,1
oma_e40,4,4,5,1,0,162,18.5964,0
oma_e40,4,4,5,1,0,163,22.6397,0
oma_e40,4,4,5,1,0,164,18.2431,0
oma_e40,4,4,5,1,0,165,15.5267,1
oma_e40,4,4,5,1,0,166,20.0161,0
oma_e40,4,4,5,1,0,167,19.9143,1
oma_e40,4,4,5,1,0,168,19.9968,1
oma_e40,4,4,5,1,0,169,18.0223,1
oma_e40,4,4,5,1,0,170,19.8841,1
oma_e40,4,4,5,1,0,171,20.1847,1
oma_e40,4,4,5,1,0,172,20.9525,1
oma_e40,4,4,5,1,0,173,20.8538,1
oma_e40,4,4,5,1,0,174,17.3030,1
oma_e40,4,4,5,1,1,150,17.4043,1
oma_e40,4,4,5,1,1,151,26.9979,0
oma_e40,4,4,5,1,1,152,19.8201,0
oma_e40,4,4,5,1,1,153,27.0499,0
oma_e40,4,4,5,1,1,154,19.0173,1
oma_e40,4,4,5,1,1,155,26.4768,1
oma_e40,4,4,5,1,1,156,21.4901,0
oma_e40,4,4,5,1,1,157,17.1317,1
oma_e40,4,4,5,1,1,158,16.9354,1
oma_e40,4,4,5,1,1,159,18.3649,1
oma_e40,4,4,5,1,1,160,15.9596,1
oma_e40,4,4,5,1,1,161,23.4975,1
oma_e40,4,4,5,1,1,162,19.1839,1
oma_e40,4,4,5,1,1,163,18.9177,0
oma_e40,4,4,5,1,1,164,18.8356,1
oma_e40,4,4,5,1,1,165,15.2865,1
oma_e40,4,4,5,1,1,166,20.9652,1
oma_e40,4,4,5,1,1,167,20.6960,0
oma_e40,4,4,5,1,1,168,20.7324,1
oma_e40,4,4,5,1,1,169,16.7686,1
oma_e40,4,4,5,1,1,170,22.8280,1
oma_e40,4,4,5,1,1,171,18.7150,1
oma_e40,4,4,5,1,1,172,22.4977,1
oma_e40,4,4,5,1,1,173,19.2507,1
oma_e40,4,4,5,1,1,174,23.5156,0
oma_e40,4,4,5,1,2,150,20.6393,0
oma_e40,4,4,5,1,2,151,18.3794,0
oma_e40,4,4,5,1,2,152,24.7051,0
oma_e40,4,4,5,1,2,153,24.9202,0
oma_e40,4,4,5,1,2,154,31.0494,1
oma_e40,4,4,5,1,2,155,23.7946,0
oma_e40,4,4,5,1,2,156,21.7416,1
oma_e40,4,4,5,1,2,157,17.5410,1
oma_e40,4,4,5,1,2,158,20.7485,1
oma_e40,4,4,5,1,2,159,17.3352,1
oma_e40,4,4,5,1,2,160,15.4343,1
oma_e40,4,4,5,1,2,161,20.8671,0
oma_e40,4,4,5,1,2,162,16.1307,1
oma_e40,4,4,5,1,2,163,23.5742,1
oma_e40,4,4,5,1,2,164,19.9302,0
oma_e40,4,4,5,1,2,165,18.4851,1
oma_e40,4,4,5,1,2,166,17.5330,0
oma_e40,4,4,5,1,2,167,21.5645,0
oma_e40,4,4,5,1,2,168,20.3064,0
oma_e40,4,4,5,1,2,169,15.6219,1
oma_e40,4,4,5,1,2,170,22.4336,0
oma_e40,4,4,5,1,2,171,21.6989,1
oma_e40,4,4,5,1,2,172,22.6234,0
oma_e40,4,4,5,1,2,173,16.8383,1
oma_e40,4,4,5,1,2,174,17.6464,1
oma_e40,4,4,5,1,3,150,17.7885,1
oma_e40,4,4,5,1,3,151,22.2258,0
oma_e40,4,4,5,1,3,152,23.6811,0
oma_e40,4,4,5,1,3,153,22.3381,0
oma_e40,4,4,5,1,3,154,28.3949,0
oma_e40,4,4,5,1,3,155,24.1422,1
oma_e40,4,4,5,1,3,156,20.5137,0
oma_e40,4,4,5,1,3,157,24.6409,0
oma_e40,4,4,5,1,3,158,17.2021,1
oma_e40,4,4,5,1,3,159,18.3766,1
oma_e40,4,4,5,1,3,160,17.6715,1
oma_e40,4,4,5,1,3,161,18.6367,0
oma_e40,4,4,5,1,3,162,15.8139,1
oma_e40,4,4,5,1,3,163,21.6323,0
oma_e40,4,4,5,1,3,164,20.1462,1
oma_e40,4,4,5,1,3,165,16.6752,1
oma_e40,4,4,5,1,3,166,19.5146,1
oma_e40,4,4,5,1,3,167,22.9743,0
oma_e40,4,4,5,1,3,168,19.5946,1
oma_e40,4,4,5,1,3,169,17.3177,1
oma_e40,4,4,5,1,3,170,22.5451,1
oma_e40,4,4,5,1,3,171,19.4727,1
oma_e40,4,4,5,1,3,172,21.0912,1
oma_e40,4,4,5,1,3,173,18.3108,1
oma_e40,4,4,5,1,3,174,22.9230,0
oma_e40,4,4,5,1,0,175,26.2025,0
oma_e40,4,4,5,1,0,176,27.0108,0
oma_e40,4,4,5,1,0,177,17.3072,1
oma_e40,4,4,5,1,0,178,22.9086,0
oma_e40,4,4,5,1,0,179,18.1734,0
oma_e40,4,4,5,1,0,180,21.4080,0
oma_e40,4,4,5,1,0,181,19.6173,1
oma_e40,4,4,5,1,0,182,18.9868,0
oma_e40,4,4,5,1,0,183,21.5244,0
oma_e40,4,4,5,1,0,184,16.8684,1
oma_e40,4,4,5,1,0,185,18.9728,0
oma_e40,4,4,5,1,0,186,11.9624,1
oma_e40,4,4,5,1,0,187,25.1617,0
oma_e40,4,4,5,1,0,188,16.5542,0
oma_e40,4,4,5,1,0,189,24.3979,0
oma_e40,4,4,5,1,0,190,20.7693,1
oma_e40,4,4,5,1,0,191,20.9894,0
oma_e40,4,4,5,1,0,192,23.6407,1
oma_e40,4,4,5,1,0,193,23.1225,0
oma_e40,4,4,5,1,0,194,15.8755,1
oma_e40,4,4,5,1,0,195,20.6062,1
oma_e40,4,4,5,1,0,196,24.0755,1
oma_e40,4,4,5,1,0,197,22.7943,0
oma_e40,4,4,5,1,0,198,19.8205,0
oma_e40,4,4,5,1,0,199,25.0580,1
oma_e40,4,4,5,1,1,175,21.5983,0
oma_e40,4,4,5,1,1,176,23.1005,0
oma_e40,4,4,5,1,1,177,17.3320,1
oma_e40,4,4,5,1,1,178,25.6876,0
oma_e40,4,4,5,1,1,179,19.2751,1
oma_e40,4,4,5,1,1,180,20.3160,0
oma_e40,4,4,5,1,1,181,17.6029,0
oma_e40,4,4,5,1,1,182,17.2422,0
oma_e40,4,4,5,1,1,183,19.6971,1
oma_e40,4,4,5,1,1,184,16.9049,1
oma_e40,4,4,5,1,1,185,16.5035,1
oma_e40,4,4,5,1,1,186,12.2992,1
oma_e40,4,4,5,1,1,187,22.4379,0
oma_e40,4,4,5,1,1,188,18.7852,1
oma_e40,4,4,5,1,1,189,21.2887,0
oma_e40,4,4,5,1,1,190,20.4474,1
oma_e40,4,4,5,1,1,191,19.4415,1
oma_e40,4,4,5,1,1,192,21.5941,0
oma_e40,4,4,5,1,1,193,21.1211,1
oma_e40,4,4,5,1,1,194,17.0562,1
oma_e40,4,4,5,1,1,195,19.4440,0
oma_e40,4,4,5,1,1,196,19.5964,0
oma_e40,4,4,5,1,1,197,20.7580,0
oma_e40,4,4,5,1,1,198,18.7076,0
oma_e40,4,4,5,1,1,199,18.8780,1
oma_e40,4,4,5,1,2,175,18.8519,0
oma_e40,4,4,5,1,2,176,25.9362,1
oma_e40,4,4,5,1,2,177,17.7081,0
oma_e40,4,4,5,1,2,178,19.6109,1
oma_e40,4,4,5,1,2,179,17.5584,1
oma_e40,4,4,5,1,2,180,18.6563,0
oma_e40,4,4,5,1,2,181,18.7542,1
oma_e40,4,4,5,1,2,182,17.2001,0
oma_e40,4,4,5,1,2,183,22.5082,0
oma_e40,4,4,5,1,2,184,16.1801,0
oma_e40,4,4,5,1,2,185,20.8204,0
oma_e40,4,4,5,1,2,186,11.6395,1
oma_e40,4,4,5,1,2,187,23.7955,0
oma_e40,4,4,5,1,2,188,19.3869,1
oma_e40,4,4,5,1,2,189,22.6479,0
oma_e40,4,4,5,1,2,190,20.5793,0
oma_e40,4,4,5,1,2,191,20.8968,1
oma_e40,4,4,5,1,2,192,23.9304,0
oma_e40,4,4,5,1,2,193,22.4270,0
oma_e40,4,4,5,1,2,194,16.6464,1
oma_e40,4,4,5,1,2,195,25.6958,1
oma_e40,4,4,5,1,2,196,19.5301,0
oma_e40,4,4,5,1,2,197,22.1490,1
oma_e40,4,4,5,1,2,198,20.3678,1
oma_e40,4,4,5,1,2,199,22.0471,0
oma_e40,4,4,5,1,3,175,23.1435,1
oma_e40,4,4,5,1,3,176,21.4268,0
oma_e40,4,4,5,1,3,177,17.4460,1
oma_e40,4,4,5,1,3,178,23.5254,0
oma_e40,4,4,5,1,3,179,14.1601,1
oma_e40,4,4,5,1,3,180,19.2119,1
oma_e40,4,4,5,1,3,181,19.8277,1
oma_e40,4,4,5,1,3,182,16.6739,1
oma_e40,4,4,5,1,3,183,14.9061,0
oma_e40,4,4,5,1,3,184,18.2375,1
oma_e40,4,4,5,1,3,185,21.4706,1
oma_e40,4,4,5,1,3,186,14.7630,1
oma_e40,4,4,5,1,3,187,22.7244,0
oma_e40,4,4,5,1,3,188,18.7274,1
oma_e40,4,4,5,1,3,189,22.1778,0
oma_e40,4,4,5,1,3,190,19.1191,1
oma_e40,4,4,5,1,3,191,21.1707,0
oma_e40,4,4,5,1,3,192,23.3214,1
oma_e40,4,4,5,1,3,193,20.2317,1
oma_e40,4,4,5,1,3,194,17.8002,1
oma_e40,4,4,5,1,3,195,23.3966,0
oma_e40,4,4,5,1,3,196,22.3147,0
oma_e40,4,4,5,1,3,197,18.2251,1
oma_e40,4,4,5,1,3,198,19.2717,1
oma_e40,4,4,5,1,3,199,23.2869,0
oma_e40,4,4,5,2,0,0,18.9431,0
oma_e40,4,4,5,2,0,1,19.3888,1
oma_e40,4,4,5,2,0,2,21.1042,1
oma_e40,4,4,5,2,0,3,11.7245,1
oma_e40,4,4,5,2,0,4,18.7607,0
oma_e40,4,4,5,2,0,5,21.3449,0
oma_e40,4,4,5,2,0,6,22.5702,1
oma_e40,4,4,5,2,0,7,17.9320,1
oma_e40,4,4,5,2,0,8,21.7810,0
oma_e40,4,4,5,2,0,9,17.3677,0
oma_e40,4,4,5,2,0,10,21.1355,0
oma_e40,4,4,5,2,0,11,18.4455,0
oma_e40,4,4,5,2,0,12,22.7663,0
oma_e40,4,4,5,2,0,13,16.3475,1
oma_e40,4,4,5,2,0,14,13.6670,1
oma_e40,4,4,5,2,0,15,21.8990,1
oma_e40,4,4,5,2,0,16,23.9578,0
oma_e40,4,4,5,2,0,17,19.7223,0
oma_e40,4,4,5,2,0,18,12.0054,1
oma_e40,4,4,5,2,0,19,19.7996,1
oma_e40,4,4,5,2,0,20,21.0025,1
oma_e40,4,4,5,2,0,21,15.1531,1
oma_e40,4,4,5,2,0,22,25.0666,0
oma_e40,4,4,5,2,0,23,21.2727,0
oma_e40,4,4,5,2,0,24,15.4682,1
oma_e40,4,4,5,2,1,0,22.3852,1
oma_e40,4,4,5,2,1,1,17.0161,1
oma_e40,4,4,5,2,1,2,22.6375,0
oma_e40,4,4,5,2,1,3,12.9906,1
oma_e40,4,4,5,2,1,4,20.1218,0
oma_e40,4,4,5,2,1,5,18.3587,0
oma_e40,4,4,5,2,1,6,20.0704,0
oma_e40,4,4,5,2,1,7,20.5481,0
oma_e40,4,4,5,2,1,8,23.5143,0
oma_e40,4,4,5,2,1,9,15.9806,1
oma_e40,4,4,5,2,1,10,18.3909,1
oma_e40,4,4,5,2,1,11,22.7794,1
oma_e40,4,4,5,2,1,12,24.9981,0
oma_e40,4,4,5,2,1,13,18.1890,0
oma_e40,4,4,5,2,1,14,15.7373,1
oma_e40,4,4,5,2,1,15,22.8493,0
oma_e40,4,4,5,2,1,16,21.2729,0
oma_e40,4,4,5,2,1,17,19.4383,1
oma_e40,4,4,5,2,1,18,10.6929,1
oma_e40,4,4,5,2,1,19,21.2143,1
oma_e40,4,4,5,2,1,20,27.1177,0
oma_e40,4,4,5,2,1,21,17.5346,1
oma_e40,4,4,5,2,1,22,20.2520,1
oma_e40,4,4,5,2,1,23,18.3540,1
oma_e40,4,4,5,2,1,24,14.0170,1
oma_e40,4,4,5,2,2,0,18.2887,1
oma_e40,4,4,5,2,2,1,17.7284,1
oma_e40,4,4,5,2,2,2,22.3038,1
oma_e40,4,4,5,2,2,3,13.0402,1
oma_e40,4,4,5,2,2,4,23.3387,0
oma_e40,4,4,5,2,2,5,20.2238,1
oma_e40,4,4,5,2,2,6,20.3122,0
oma_e40,4,4,5,2,2,7,20.4468,0
oma_e40,4,4,5,2,2,8,18.7729,1
oma_e40,4,4,5,2,2,9,17.8695,1
oma_e40,4,4,5,2,2,10,20.4220,0
oma_e40,4,4,5,2,2,11,24.4701,1
oma_e40,4,4,5,2,2,12,22.7313,0
oma_e40,4,4,5,2,2,13,16.5653,1
oma_e40,4,4,5,2,2,14,12.9849,1
oma_e40,4,4,5,2,2,15,24.6579,1
oma_e40,4,4,5,2,2,16,22.9501,0
oma_e40,4,4,5,2,2,17,18.6689,1
oma_e40,4,4,5,2,2,18,11.4496,1
oma_e40,4,4,5,2,2,19,21.4797,0
oma_e40,4,4,5,2,2,20,19.9868,0
oma_e40,4,4,5,2,2,21,18.0230,1
oma_e40,4,4,5,2,2,22,21.6415,0
oma_e40,4,4,5,2,2,23,23.0266,0
oma_e40,4,4,5,2,2,24,15.8017,1
oma_e40,4,4,5,2,3,0,19.8413,1
oma_e40,4,4,5,2,3,1,16.9008,1
oma_e40,4,4,5,2,3,2,20.6387,0
oma_e40,4,4,5,2,3,3,13.4109,1
oma_e40,4,4,5,2,3,4,20.1103,0
oma_e40,4,4,5,2,3,5,18.4128,1
oma_e40,4,4,5,2,3,6,19.0563,0
oma_e40,4,4,5,2,3,7,20.6267,1
oma_e40,4,4,5,2,3,8,23.9612,0
oma_e40,4,4,5,2,3,9,18.7976,0
oma_e40,4,4,5,2,3,10,21.9722,0
oma_e40,4,4,5,2,3,11,21.1806,0
oma_e40,4,4,5,2,3,12,20.5619,0
oma_e40,4,4,5,2,3,13,15.5910,1
oma_e40,4,4,5,2,3,14,11.8190,1
oma_e40,4,4,5,2,3,15,19.4018,1
oma_e40,4,4,5,2,3,16,22.9034,0
oma_e40,4,4,5,2,3,17,19.5305,1
oma_e40,4,4,5,2,3,18,15.5774,1
oma_e40,4,4,5,2,3,19,16.6653,0
oma_e40,4,4,5,2,3,20,24.8037,0
oma_e40,4,4,5,2,3,21,21.5235,1
oma_e40,4,4,5,2,3,22,22.1293,1
oma_e40,4,4,5,2,3,23,21.2120,0
oma_e40,4,4,5,2,3,24,13.8836,1
oma_e40,4,4,5,2,0,25,17.8629,1
oma_e40,4,4,5,2,0,26,22.9824,0
oma_e40,4,4,5,2,0,27,17.5521,1
oma_e40,4,4,5,2,0,28,14.0765,1
oma_e40,4,4,5,2,0,29,20.8467,0
oma_e40,4,4,5,2,0,30,19.5518,1
oma_e40,4,4,5,2,0,31,20.0729,1
oma_e40,4,4,5,2,0,32,17.7730,1
oma_e40,4,4,5,2,0,33,24.0922,0
oma_e40,4,4,5,2,0,34,22.6011,0
oma_e40,4,4,5,2,0,35,20.6804,0
oma_e40,4,4,5,2,0,36,19.7928,0
oma_e40,4,4,5,2,0,37,24.5897,0
oma_e40,4,4,5,2,0,38,19.2079,1
oma_e40,4,4,5,2,0,39,24.4290,1
oma_e40,4,4,5,2,0,40,23.1567,1
oma_e40,4,4,5,2,0,41,21.3705,1
oma_e40,4,4,5,2,0,42,17.0463,1
oma_e40,4,4,5,2,0,43,19.0493,0
oma_e40,4,4,5,2,0,44,20.5061,1
oma_e40,4,4,5,2,0,45,18.1080,1
oma_e40,4,4,5,2,0,46,18.6681,1
oma_e40,4,4,5,2,0,47,21.2270,1
oma_e40,4,4,5,2,0,48,11.9048,1
oma_e40,4,4,5,2,0,49,25.8146,0
oma_e40,4,4,5,2,1,25,21.1604,0
oma_e40,4,4,5,2,1,26,20.9182,0
oma_e40,4,4,5,2,1,27,15.8168,1
oma_e40,4,4,5,2,1,28,12.8902,1
oma_e40,4,4,5,2,1,29,22.5411,0
oma_e40,4,4,5,2,1,30,20.3710,0
oma_e40,4,4,5,2,1,31,19.5511,1
oma_e40,4,4,5,2,1,32,19.6869,1
oma_e40,4,4,5,2,1,33,28.4311,0
oma_e40,4,4,5,2,1,34,22.3438,1
oma_e40,4,4,5,2,1,35,22.4643,1
oma_e40,4,4,5,2,1,36,22.1404,0
oma_e40,4,4,5,2,1,37,20.5344,0
oma_e40,4,4,5,2,1,38,17.3968,0
oma_e40,4,4,5,2,1,39,21.2279,0
oma_e40,4,4,5,2,1,40,22.0205,1
oma_e40,4,4,5,2,1,41,24.8964,1
oma_e40,4,4,5,2,1,42,18.4502,1
oma_e40,4,4,5,2,1,43,18.8963,1
oma_e40,4,4,5,2,1,44,15.0589,0
oma_e40,4,4,5,2,1,45,18.0315,1
oma_e40,4,4,5,2,1,46,19.3142,1
oma_e40,4,4,5,2,1,47,18.2850,1
oma_e40,4,4,5,2,1,48,9.8461,0
oma_e40,4,4,5,2,1,49,22.0119,0
oma_e40,4,4,5,2,2,25,20.9598,0
oma_e40,4,4,5,2,2,26,21.8238,0
oma_e40,4,4,5,2,2,27,18.1722,1
oma_e40,4,4,5,2,2,28,15.1692,1
oma_e40,4,4,5,2,2,29,21.0324,0
oma_e40,4,4,5,2,2,30,15.6298,1
oma_e40,4,4,5,2,2,31,24.4695,0
oma_e40,4,4,5,2,2,32,15.0993,0
oma_e40,4,4,5,2,2,33,22.1428,1
oma_e40,4,4,5,2,2,34,23.7616,0
oma_e40,4,4,5,2,2,35,21.4636,0
oma_e40,4,4,5,2,2,36,19.5772,0
oma_e40,4,4,5,2,2,37,18.1834,0
oma_e40,4,4,5,2,2,38,16.9234,1
oma_e40,4,4,5,2,2,39,21.8603,1
oma_e40,4,4,5,2,2,40,21.7770,0
oma_e40,4,4,5,2,2,41,22.4079,1
oma_e40,4,4,5,2,2,42,13.7961,1
oma_e40,4,4,5,2,2,43,21.3439,0
oma_e40,4,4,5,2,2,44,16.7130,1
oma_e40,4,4,5,2,2,45,21.2223,1
oma_e40,4,4,5,2,2,46,19.2670,1
oma_e40,4,4,5,2,2,47,22.7318,1
oma_e40,4,4,5,2,2,48,9.2814,1
oma_e40,4,4,5,2,2,49,21.5755,0
oma_e40,4,4,5,2,3,25,22.9105,0
oma_e40,4,4,5,2,3,26,21.7516,0
oma_e40,4,4,5,2,3,27,14.8724,1
oma_e40,4,4,5,2,3,28,14.5552,1
oma_e40,4,4,5,2,3,29,23.3047,1
oma_e40,4,4,5,2,3,30,21.6291,0
oma_e40,4,4,5,2,3,31,19.0047,0
oma_e40,4,4,5,2,3,32,20.8003,1
oma_e40,4,4,5,2,3,33,28.8016,0
oma_e40,4,4,5,2,3,34,22.6652,0
oma_e40,4,4,5,2,3,35,22.3343,0
oma_e40,4,4,5,2,3,36,19.8737,1
oma_e40,4,4,5,2,3,37,19.8326,1
oma_e40,4,4,5,2,3,38,21.3821,1
oma_e40,4,4,5,2,3,39,23.4874,0
oma_e40,4,4,5,2,3,40,22.8915,1
oma_e40,4,4,5,2,3,41,21.2946,1
oma_e40,4,4,5,2,3,42,15.5476,0
oma_e40,4,4,5,2,3,43,18.9114,1
oma_e40,4,4,5,2,3,44,17.7020,1
oma_e40,4,4,5,2,3,45,21.3736,1
oma_e40,4,4,5,2,3,46,20.9203,1
oma_e40,4,4,5,2,3,47,20.4713,0
oma_e40,4,4,5,2,3,48,11.7716,1
oma_e40,4,4,5,2,3,49,22.3631,0
oma_e40,4,4,5,2,0,50,17.6266,1
oma_e40,4,4,5,2,0,51,17.4307,1
oma_e40,4,4,5,2,0,52,18.9607,0
oma_e40,4,4,5,2,0,53,21.0751,0
oma_e40,4,4,5,2,0,54,17.3260,1
oma_e40,4,4,5,2,0,55,16.1075,0
oma_e40,4,4,5,2,0,56,18.5377,0
oma_e40,4,4,5,2,0,57,18.6130,0
oma_e40,4,4,5,2,0,58,23.1933,0
oma_e40,4,4,5,2,0,59,24.6116,1
oma_e40,4,4,5,2,0,60,21.2280,1
oma_e40,4,4,5,2,0,61,19.6707,0
oma_e40,4,4,5,2,0,62,20.1201,0
oma_e40,4,4,5,2,0,63,15.5481,1
oma_e40,4,4,5,2,0,64,24.3749,0
oma_e40,4,4,5,2,0,65,19.3720,0
oma_e40,4,4,5,2,0,66,19.5271,1
oma_e40,4,4,5,2,0,67,22.5167,0
oma_e40,4,4,5,2,0,68,21.0138,0
oma_e40,4,4,5,2,0,69,15.7792,1
oma_e40,4,4,5,2,0,70,24.0639,1
oma_e40,4,4,5,2,0,71,22.8812,0
oma_e40,4,4,5,2,0,72,22.2349,0
oma_e40,4,4,5,2,0,73,19.6005,1
oma_e40,4,4,5,2,0,74,16.7323,1
oma_e40,4,4,5,2,1,50,18.3843,1
oma_e40,4,4,5,2,1,51,17.6550,1
oma_e40,4,4,5,2,1,52,23.2482,0
oma_e40,4,4,5,2,1,53,20.9065,1
oma_e40,4,4,5,2,1,54,14.5973,1
oma_e40,4,4,5,2,1,55,22.2582,1
oma_e40,4,4,5,2,1,56,22.5917,0
oma_e40,4,4,5,2,1,57,20.7141,0
oma_e40,4,4,5,2,1,58,24.6732,0
oma_e40,4,4,5,2,1,59,19.7590,0
oma_e40,4,4,5,2,1,60,20.3832,0
oma_e40,4,4,5,2,1,61,18.3355,1
oma_e40,4,4,5,2,1,62,21.7152,0
oma_e40,4,4,5,2,1,63,16.8171,1
oma_e40,4,4,5,2,1,64,22.3240,0
oma_e40,4,4,5,2,1,65,24.8551,1
oma_e40,4,4,5,2,1,66,19.4492,0
oma_e40,4,4,5,2,1,67,18.9659,0
oma_e40,4,4,5,2,1,68,19.8463,1
oma_e40,4,4,5,2,1,69,15.9820,1
oma_e40,4,4,5,2,1,70,20.3495,1
oma_e40,4,4,5,2,1,71,26.4479,0
oma_e40,4,4,5,2,1,72,23.2543,0
oma_e40,4,4,5,2,1,73,16.7061,1
oma_e40,4,4,5,2,1,74,16.2168,1
oma_e40,4,4,5,2,2,50,16.4671,0
oma_e40,4,4,5,2,2,51,16.8663,0
oma_e40,4,4,5,2,2,52,23.8592,0
oma_e40,4,4,5,2,2,53,19.5734,0
oma_e40,4,4,5,2,2,54,16.0517,1
oma_e40,4,4,5,2,2,55,25.2921,1
oma_e40,4,4,5,2,2,56,23.7648,0
oma_e40,4,4,5,2,2,57,22.2419,1
oma_e40,4,4,5,2,2,58,20.8075,1
oma_e40,4,4,5,2,2,59,20.6836,0
oma_e40,4,4,5,2,2,60,17.8825,1
oma_e40,4,4,5,2,2,61,19.3537,0
oma_e40,4,4,5,2,2,62,19.4792,0
oma_e40,4,4,5,2,2,63,15.5584,1
oma_e40,4,4,5,2,2,64,18.5719,0
oma_e40,4,4,5,2,2,65,23.8096,0
oma_e40,4,4,5,2,2,66,18.6899,0
oma_e40,4,4,5,2,2,67,19.1010,1
oma_e40,4,4,5,2,2,68,19.4397,1
oma_e40,4,4,5,2,2,69,14.2059,1
oma_e40,4,4,5,2,2,70,20.0827,0
oma_e40,4,4,5,2,2,71,23.0701,0
oma_e40,4,4,5,2,2,72,22.6658,0
oma_e40,4,4,5,2,2,73,16.3168,1
oma_e40,4,4,5,2,2,74,13.6783,1
oma_e40,4,4,5,2,3,50,16.8563,1
oma_e40,4,4,5,2,3,51,19.6433,1
oma_e40,4,4,5,2,3,52,22.4781,0
oma_e40,4,4,5,2,3,53,18.3482,0
oma_e40,4,4,5,2,3,54,19.7181,1
oma_e40,4,4,5,2,3,55,21.8493,1
oma_e40,4,4,5,2,3,56,26.3621,1
oma_e40,4,4,5,2,3,57,20.5712,0
oma_e40,4,4,5,2,3,58,22.6047,0
oma_e40,4,4,5,2,3,59,23.6592,0
oma_e40,4,4,5,2,3,60,20.3703,1
oma_e40,4,4,5,2,3,61,19.8955,1
oma_e40,4,4,5,2,3,62,19.9024,1
oma_e40,4,4,5,2,3,63,15.1394,1
oma_e40,4,4,5,2,3,64,24.2615,0
oma_e40,4,4,5,2,3,65,25.5016,0
oma_e40,4,4,5,2,3,66,19.6083,1
oma_e40,4,4,5,2,3,67,18.1786,0
oma_e40,4,4,5,2,3,68,23.0716,0
oma_e40,4,4,5,2,3,69,15.5312,1
oma_e40,4,4,5,2,3,70,23.3473,0
oma_e40,4,4,5,2,3,71,22.2275,0
oma_e40,4,4,5,2,3,72,22.2371,0
oma_e40,4,4,5,2,3,73,19.3303,0
oma_e40,4,4,5,2,3,74,16.5635,1
oma_e40,4,4,5,2,0,75,18.1349,1
oma_e40,4,4,5,2,0,76,22.4999,1
oma_e40,4,4,5,2,0,77,19.0083,0
oma_e40,4,4,5,2,0,78,19.9450,0
oma_e40,4,4,5,2,0,79,25.0950,0
oma_e40,4,4,5,2,0,80,19.0480,0
oma_e40,4,4,5,2,0,81,17.6703,1
oma_e40,4,4,5,2,0,82,21.5929,1
oma_e40,4,4,5,2,0,83,18.4599,1
oma_e40,4,4,5,2,0,84,20.8595,0
oma_e40,4,4,5,2,0,85,19.6397,1
oma_e40,4,4,5,2,0,86,20.7547,1
oma_e40,4,4,5,2,0,87,19.3212,1
oma_e40,4,4,5,2,0,88,19.7513,1
oma_e40,4,4,5,2,0,89,22.0980,0
oma_e40,4,4,5,2,0,90,21.4450,0
oma_e40,4,4,5,2,0,91,18.3694,1
oma_e40,4,4,5,2,0,92,21.9055,1
oma_e40,4,4,5,2,0,93,20.3699,1
oma_e40,4,4,5,2,0,94,16.7147,1
oma_e40,4,4,5,2,0,95,18.2931,0
oma_e40,4,4,5,2,0,96,25.7299,0
oma_e40,4,4,5,2,0,97,21.3065,1
oma_e40,4,4,5,2,0,98,22.1469,1
oma_e40,4,4,5,2,0,99,25.9457,0
oma_e40,4,4,5,2,1,75,18.9733,0
oma_e40,4,4,5,2,1,76,21.0040,0
oma_e40,4,4,5,2,1,77,22.5279,1
oma_e40,4,4,5,2,1,78,19.8310,1
oma_e40,4,4,5,2,1,79,21.2796,1
oma_e40,4,4,5,2,1,80,18.4420,1
oma_e40,4,4,5,2,1,81,21.3836,1
oma_e40,4,4,5,2,1,82,27.4153,0
oma_e40,4,4,5,2,1,83,22.1544,1
oma_e40,4,4,5,2,1,84,19.4704,1
oma_e40,4,4,5,2,1,85,23.6694,1
oma_e40,4,4,5,2,1,86,24.7101,0
oma_e40,4,4,5,2,1,87,22.8216,1
oma_e40,4,4,5,2,1,88,19.3957,1
oma_e40,4,4,5,2,1,89,22.8765,0
oma_e40,4,4,5,2,1,90,19.9356,1
oma_e40,4,4,5,2,1,91,18.6756,1
oma_e40,4,4,5,2,1,92,21.8055,0
oma_e40,4,4,5,2,1,93,20.7627,0
oma_e40,4,4,5,2,1,94,18.0015,1
oma_e40,4,4,5,2,1,95,18.1003,0
oma_e40,4,4,5,2,1,96,22.7042,0
oma_e40,4,4,5,2,1,97,23.8279,0
oma_e40,4,4,5,2,1,98,19.4163,0
oma_e40,4,4,5,2,1,99,23.9695,0
oma_e40,4,4,5,2,2,75,16.2706,1
oma_e40,4,4,5,2,2,76,21.7456,1
oma_e40,4,4,5,2,2,77,19.4098,1
oma_e40,4,4,5,2,2,78,20.9917,0
oma_e40,4,4,5,2,2,79,18.3706,0
oma_e40,4,4,5,2,2,80,21.0679,0
oma_e40,4,4,5,2,2,81,19.0869,1
oma_e40,4,4,5,2,2,82,23.6979,0
oma_e40,4,4,5,2,2,83,21.7875,0
oma_e40,4,4,5,2,2,84,24.9669,0
oma_e40,4,4,5,2,2,85,19.3307,0
oma_e40,4,4,5,2,2,86,23.0198,0
oma_e40,4,4,5,2,2,87,21.6942,0
oma_e40,4,4,5,2,2,88,22.1651,0
oma_e40,4,4,5,2,2,89,21.9822,0
oma_e40,4,4,5,2,2,90,23.0105,1
oma_e40,4,4,5,2,2,91,18.5515,1
oma_e40,4,4,5,2,2,92,20.9826,1
oma_e40,4,4,5,2,2,93,20.0360,1
oma_e40,4,4,5,2,2,94,16.1573,0
oma_e40,4,4,5,2,2,95,22.3090,0
oma_e40,4,4,5,2,2,96,23.6499,0
oma_e40,4,4,5,2,2,97,21.4297,0
oma_e40,4,4,5,2,2,98,23.4907,0
oma_e40,4,4,5,2,2,99,21.0473,1
oma_e40,4,4,5,2,3,75,22.2110,1
oma_e40,4,4,5,2,3,76,22.3363,1
oma_e40,4,4,5,2,3,77,19.7540,1
oma_e40,4,4,5,2,3,78,19.8184,1
oma_e40,4,4,5,2,3,79,22.2437,0
oma_e40,4,4,5,2,3,80,22.1056,0
oma_e40,4,4,5,2,3,81,18.4572,0
oma_e40,4,4,5,2,3,82,23.9802,0
oma_e40,4,4,5,2,3,83,23.6143,1
oma_e40,4,4,5,2,3,84,25.0262,0
oma_e40,4,4,5,2,3,85,20.4057,0
oma_e40,4,4,5,2,3,86,20.7581,1
oma_e40,4,4,5,2,3,87,16.9525,1
oma_e40,4,4,5,2,3,88,21.1967,0
oma_e40,4,4,5,2,3,89,24.7497,0
oma_e40,4,4,5,2,3,90,18.8014,0
oma_e40,4,4,5,2,3,91,19.2113,1
oma_e40,4,4,5,2,3,92,21.1936,1
oma_e40,4,4,5,2,3,93,20.3450,0
oma_e40,4,4,5,2,3,94,18.8686,1
oma_e40,4,4,5,2,3,95,17.0327,1
oma_e40,4,4,5,2,3,96,23.4313,0
oma_e40,4,4,5,2,3,97,20.8616,0
oma_e40,4,4,5,2,3,98,21.7936,1
oma_e40,4,4,5,2,3,99,27.3362,0
oma_e40,4,4,5,2,0,100,19.3469,0
oma_e40,4,4,5,2,0,101,23.5975,1
oma_e40,4,4,5,2,0,102,22.2209,0
oma_e40,4,4,5,2,0,103,19.4571,0
oma_e40,4,4,5,2,0,104,18.0557,1
oma_e40,4,4,5,2,0,105,22.8378,0
oma_e40,4,4,5,2,0,106,21.3605,1
oma_e40,4,4,5,2,0,107,18.3761,1
oma_e40,4,4,5,2,0,108,24.4989,0
oma_e40,4,4,5,2,0,109,22.2396,0
oma_e40,4,4,5,2,0,110,19.0167,0
oma_e40,4,4,5,2,0,111,20.0297,1
oma_e40,4,4,5,2,0,112,21.7109,1
oma_e40,4,4,5,2,0,113,21.6278,0
oma_e40,4,4,5,2,0,114,21.3004,0
oma_e40,4,4,5,2,0,115,20.8838,0
oma_e40,4,4,5,2,0,116,20.0102,1
oma_e40,4,4,5,2,0,117,21.0981,1
oma_e40,4,4,5,2,0,118,19.3637,1
oma_e40,4,4,5,2,0,119,22.8042,0
oma_e40,4,4,5,2,0,120,20.9161,0
oma_e40,4,4,5,2,0,121,17.2326,1
oma_e40,4,4,5,2,0,122,17.3467,0
oma_e40,4,4,5,2,0,123,17.9379,1
oma_e40,4,4,5,2,0,124,17.0336,0
oma_e40,4,4,5,2,1,100,22.8232,0
oma_e40,4,4,5,2,1,101,20.4613,1
oma_e40,4,4,5,2,1,102,20.2046,1
oma_e40,4,4,5,2,1,103,23.3268,0
oma_e40,4,4,5,2,1,104,17.1292,1
oma_e40,4,4,5,2,1,105,29.1996,0
oma_e40,4,4,5,2,1,106,22.1981,1
oma_e40,4,4,5,2,1,107,20.4499,0
oma_e40,4,4,5,2,1,108,23.4242,0
oma_e40,4,4,5,2,1,109,22.0339,1
oma_e40,4,4,5,2,1,110,19.5133,1
oma_e40,4,4,5,2,1,111,20.5527,1
oma_e40,4,4,5,2,1,112,22.5695,0
oma_e40,4,4,5,2,1,113,20.7098,0
oma_e40,4,4,5,2,1,114,19.7279,1
oma_e40,4,4,5,2,1,115,20.1737,1
oma_e40,4,4,5,2,1,116,17.9296,0
oma_e40,4,4,5,2,1,117,21.2940,1
oma_e40,4,4,5,2,1,118,19.6750,1
oma_e40,4,4,5,2,1,119,19.8023,0
oma_e40,4,4,5,2,1,120,21.7761,1
oma_e40,4,4,5,2,1,121,16.2003,1
oma_e40,4,4,5,2,1,122,19.9019,0
oma_e40,4,4,5,2,1,123,22.6374,1
oma_e40,4,4,5,2,1,124,19.4727,0
oma_e40,4,4,5,2,2,100,25.4397,0
oma_e40,4,4,5,2,2,101,22.6309,0
oma_e40,4,4,5,2,2,102,20.8113,1
oma_e40,4,4,5,2,2,103,19.7449,0
oma_e40,4,4,5,2,2,104,19.2968,1
oma_e40,4,4,5,2,2,105,20.4631,0
oma_e40,4,4,5,2,2,106,23.3417,1
oma_e40,4,4,5,2,2,107,15.9069,1
oma_e40,4,4,5,2,2,108,19.5882,0
oma_e40,4,4,5,2,2,109,23.0826,0
oma_e40,4,4,5,2,2,110,21.9309,0
oma_e40,4,4,5,2,2,111,19.2014,1
oma_e40,4,4,5,2,2,112,23.7195,0
oma_e40,4,4,5,2,2,113,21.1832,1
oma_e40,4,4,5,2,2,114,21.6143,1
oma_e40,4,4,5,2,2,115,19.4825,1
oma_e40,4,4,5,2,2,116,18.3056,0
oma_e40,4,4,5,2,2,117,20.7146,1
oma_e40,4,4,5,2,2,118,18.5580,1
oma_e40,4,4,5,2,2,119,22.1835,1
oma_e40,4,4,5,2,2,120,19.8882,0
oma_e40,4,4,5,2,2,121,15.2289,1
oma_e40,4,4,5,2,2,122,20.2927,1
oma_e40,4,4,5,2,2,123,24.5734,0
oma_e40,4,4,5,2,2,124,19.5749,1
oma_e40,4,4,5,2,3,100,23.9392,0
oma_e40,4,4,5,2,3,101,21.1471,1
oma_e40,4,4,5,2,3,102,21.7721,0
oma_e40,4,4,5,2,3,103,20.9286,1
oma_e40,4,4,5,2,3,104,19.5275,1
oma_e40,4,4,5,2,3,105,21.8005,0
oma_e40,4,4,5,2,3,106,24.6994,0
oma_e40,4,4,5,2,3,107,18.0341,1
oma_e40,4,4,5,2,3,108,18.3091,0
oma_e40,4,4,5,2,3,109,19.7441,1
oma_e40,4,4,5,2,3,110,21.2100,0
oma_e40,4,4,5,2,3,111,19.6397,1
oma_e40,4,4,5,2,3,112,23.2434,0
oma_e40,4,4,5,2,3,113,19.5768,1
oma_e40,4,4,5,2,3,114,18.6418,1
oma_e40,4,4,5,2,3,115,19.2563,1
oma_e40,4,4,5,2,3,116,21.8704,1
oma_e40,4,4,5,2,3,117,19.9275,0
oma_e40,4,4,5,2,3,118,19.7426,1
oma_e40,4,4,5,2,3,119,20.5088,1
oma_e40,4,4,5,2,3,120,19.9859,1
oma_e40,4,4,5,2,3,121,14.8473,1
oma_e40,4,4,5,2,3,122,24.8864,1
oma_e40,4,4,5,2,3,123,21.2361,0
oma_e40,4,4,5,2,3,124,17.5179,0
oma_e40,4,4,5,2,0,125,20.8429,0
oma_e40,4,4,5,2,0,126,19.8819,0
oma_e40,4,4,5,2,0,127,21.4875,1
oma_e40,4,4,5,2,0,128,21.1993,0
oma_e40,4,4,5,2,0,129,16.5258,0
oma_e40,4,4,5,2,0,130,22.4861,0
oma_e40,4,4,5,2,0,131,15.0136,1
oma_e40,4,4,5,2,0,132,14.2843,1
oma_e40,4,4,5,2,0,133,20.8889,1
oma_e40,4,4,5,2,0,134,23.0829,1
oma_e40,4,4,5,2,0,135,21.4404,0
oma_e40,4,4,5,2,0,136,24.8649,0
oma_e40,4,4,5,2,0,137,19.6418,1
oma_e40,4,4,5,2,0,138,17.7560,0
oma_e40,4,4,5,2,0,139,15.8513,1
oma_e40,4,4,5,2,0,140,17.2968,0
oma_e40,4,4,5,2,0,141,18.4352,1
oma_e40,4,4,5,2,0,142,26.1140,0
oma_e40,4,4,5,2,0,143,24.3568,0
oma_e40,4,4,5,2,0,144,24.0110,0
oma_e40,4,4,5,2,0,145,23.1214,0
oma_e40,4,4,5,2,0,146,22.5912,0
oma_e40,4,4,5,2,0,147,18.8455,1
oma_e40,4,4,5,2,0,148,20.0715,0
oma_e40,4,4,5,2,0,149,16.3268,1
oma_e40,4,4,5,2,1,125,25.0370,0
oma_e40,4,4,5,2,1,126,18.4635,1
oma_e40,4,4,5,2,1,127,21.6144,0
oma_e40,4,4,5,2,1,128,22.6085,1
oma_e40,4,4,5,2,1,129,17.9753,1
oma_e40,4,4,5,2,1,130,16.0355,1
oma_e40,4,4,5,2,1,131,14.8785,1
oma_e40,4,4,5,2,1,132,13.7020,1
oma_e40,4,4,5,2,1,133,21.7428,1
oma_e40,4,4,5,2,1,134,22.2611,1
oma_e40,4,4,5,2,1,135,22.7087,0
oma_e40,4,4,5,2,1,136,24.2221,0
oma_e40,4,4,5,2,1,137,20.7240,1
oma_e40,4,4,5,2,1,138,17.2141,1
oma_e40,4,4,5,2,1,139,16.2640,1
oma_e40,4,4,5,2,1,140,20.3273,1
oma_e40,4,4,5,2,1,141,18.0841,1
oma_e40,4,4,5,2,1,142,21.3405,0
oma_e40,4,4,5,2,1,143,20.4409,0
oma_e40,4,4,5,2,1,144,25.6739,1
oma_e40,4,4,5,2,1,145,22.7541,0
oma_e40,4,4,5,2,1,146,22.5235,0
oma_e40,4,4,5,2,1,147,20.3092,0
oma_e40,4,4,5,2,1,148,19.8741,0
oma_e40,4,4,5,2,1,149,14.5096,0
oma_e40,4,4,5,2,2,125,23.2968,0
oma_e40,4,4,5,2,2,126,18.2801,1
oma_e40,4,4,5,2,2,127,20.6182,1
oma_e40,4,4,5,2,2,128,20.5275,1
oma_e40,4,4,5,2,2,129,17.5929,0
oma_e40,4,4,5,2,2,130,18.9308,1
oma_e40,4,4,5,2,2,131,18.9168,0
oma_e40,4,4,5,2,2,132,16.2247,1
oma_e40,4,4,5,2,2,133,18.0800,1
oma_e40,4,4,5,2,2,134,20.6548,0
oma_e40,4,4,5,2,2,135,23.2540,1
oma_e40,4,4,5,2,2,136,22.4711,0
oma_e40,4,4,5,2,2,137,19.6843,1
oma_e40,4,4,5,2,2,138,18.9347,1
oma_e40,4,4,5,2,2,139,16.4647,1
oma_e40,4,4,5,2,2,140,21.0157,0
oma_e40,4,4,5,2,2,141,20.7429,1
oma_e40,4,4,5,2,2,142,23.3862,0
oma_e40,4,4,5,2,2,143,24.2576,0
oma_e40,4,4,5,2,2,144,23.0216,0
oma_e40,4,4,5,2,2,145,21.8467,1
oma_e40,4,4,5,2,2,146,19.3259,0
oma_e40,4,4,5,2,2,147,17.6148,1
oma_e40,4,4,5,2,2,148,20.7579,1
oma_e40,4,4,5,2,2,149,13.2613,1
oma_e40,4,4,5,2,3,125,25.4182,0
oma_e40,4,4,5,2,3,126,17.4901,1
oma_e40,4,4,5,2,3,127,21.0428,0
oma_e40,4,4,5,2,3,128,25.8937,0
oma_e40,4,4,5,2,3,129,17.8299,1
oma_e40,4,4,5,2,3,130,20.6106,1
oma_e40,4,4,5,2,3,131,17.6527,1
oma_e40,4,4,5,2,3,132,14.3222,1
oma_e40,4,4,5,2,3,133,18.1279,0
oma_e40,4,4,5,2,3,134,20.2333,0
oma_e40,4,4,5,2,3,135,20.7143,0
oma_e40,4,4,5,2,3,136,21.1726,0
oma_e40,4,4,5,2,3,137,17.8295,0
oma_e40,4,4,5,2,3,138,16.7953,1
oma_e40,4,4,5,2,3,139,14.4844,1
oma_e40,4,4,5,2,3,140,17.6233,1
oma_e40,4,4,5,2,3,141,20.6656,1
oma_e40,4,4,5,2,3,142,22.7805,0
oma_e40,4,4,5,2,3,143,26.4526,0
oma_e40,4,4,5,2,3,144,25.5713,0
oma_e40,4,4,5,2,3,145,21.4893,0
oma_e40,4,4,5,2,3,146,17.6628,1
oma_e40,4,4,5,2,3,147,16.4683,0
oma_e40,4,4,5,2,3,148,19.7803,1
oma_e40,4,4,5,2,3,149,13.8973,1
oma_e40,4,4,5,2,0,150,18.4050,0
oma_e40,4,4,5,2,0,151,22.2443,0
oma_e40,4,4,5,2,0,152,21.8844,0
oma_e40,4,4,5,2,0,153,22.0384,0
oma_e40,4,4,5,2,0,154,17.6216,0
oma_e40,4,4,5,2,0,155,20.7127,1
oma_e40,4,4,5,2,0,156,17.1806,1
oma_e40,4,4,5,2,0,157,20.4466,0
oma_e40,4,4,5,2,0,158,24.1513,0
oma_e40,4,4,5,2,0,159,17.9352,0
oma_e40,4,4,5,2,0,160,20.0437,0
oma_e40,4,4,5,2,0,161,22.4709,1
oma_e40,4,4,5,2,0,162,23.6285,0
oma_e40,4,4,5,2,0,163,20.4447,1
oma_e40,4,4,5,2,0,164,19.2145,1
oma_e40,4,4,5,2,0,165,20.1802,0
oma_e40,4,4,5,2,0,166,23.1558,0
oma_e40,4,4,5,2,0,167,17.8298,1
oma_e40,4,4,5,2,0,168,17.3036,1
oma_e40,4,4,5,2,0,169,23.7241,0
oma_e40,4,4,5,2,0,170,19.4518,1
oma_e40,4,4,5,2,0,171,21.5712,0
oma_e40,4,4,5,2,0,172,21.0410,1
oma_e40,4,4,5,2,0,173,15.4453,1
oma_e40,4,4,5,2,0,174,13.9726,1
oma_e40,4,4,5,2,1,150,18.6968,1
oma_e40,4,4,5,2,1,151,25.7943,0
oma_e40,4,4,5,2,1,152,21.0665,0
oma_e40,4,4,5,2,1,153,25.3089,1
oma_e40,4,4,5,2,1,154,18.3670,1
oma_e40,4,4,5,2,1,155,23.2428,1
oma_e40,4,4,5,2,1,156,16.5582,0
oma_e40,4,4,5,2,1,157,17.8316,1
oma_e40,4,4,5,2,1,158,19.4604,0
oma_e40,4,4,5,2,1,159,20.7961,1
oma_e40,4,4,5,2,1,160,20.9382,0
oma_e40,4,4,5,2,1,161,22.2586,1
oma_e40,4,4,5,2,1,162,23.0366,0
oma_e40,4,4,5,2,1,163,17.3839,1
oma_e40,4,4,5,2,1,164,19.5787,1
oma_e40,4,4,5,2,1,165,21.9813,1
oma_e40,4,4,5,2,1,166,23.4507,0
oma_e40,4,4,5,2,1,167,18.4463,1
oma_e40,4,4,5,2,1,168,17.7487,1
oma_e40,4,4,5,2,1,169,21.7863,0
oma_e40,4,4,5,2,1,170,22.0225,1
oma_e40,4,4,5,2,1,171,20.1131,0
oma_e40,4,4,5,2,1,172,22.5093,1
oma_e40,4,4,5,2,1,173,15.8983,1
oma_e40,4,4,5,2,1,174,18.0161,1
oma_e40,4,4,5,2,2,150,22.2228,0
oma_e40,4,4,5,2,2,151,17.8573,0
oma_e40,4,4,5,2,2,152,26.2248,0
oma_e40,4,4,5,2,2,153,23.4631,0
oma_e40,4,4,5,2,2,154,28.2048,1
oma_e40,4,4,5,2,2,155,21.2861,0
oma_e40,4,4,5,2,2,156,17.5729,1
oma_e40,4,4,5,2,2,157,18.5719,1
oma_e40,4,4,5,2,2,158,25.1466,0
oma_e40,4,4,5,2,2,159,20.5001,0
oma_e40,4,4,5,2,2,160,19.6573,0
oma_e40,4,4,5,2,2,161,20.1857,0
oma_e40,4,4,5,2,2,162,19.8867,0
oma_e40,4,4,5,2,2,163,21.5301,1
oma_e40,4,4,5,2,2,164,22.1295,0
oma_e40,4,4,5,2,2,165,23.4428,0
oma_e40,4,4,5,2,2,166,19.6759,0
oma_e40,4,4,5,2,2,167,19.5024,0
oma_e40,4,4,5,2,2,168,17.3175,1
oma_e40,4,4,5,2,2,169,20.6503,1
oma_e40,4,4,5,2,2,170,22.2752,0
oma_e40,4,4,5,2,2,171,22.8909,0
oma_e40,4,4,5,2,2,172,22.7159,0
oma_e40,4,4,5,2,2,173,12.7073,1
oma_e40,4,4,5,2,2,174,13.8129,1
oma_e40,4,4,5,2,3,150,19.2837,1
oma_e40,4,4,5,2,3,151,21.5101,0
oma_e40,4,4,5,2,3,152,24.6666,0
oma_e40,4,4,5,2,3,153,20.9254,1
oma_e40,4,4,5,2,3,154,26.2319,0
oma_e40,4,4,5,2,3,155,21.5774,1
oma_e40,4,4,5,2,3,156,15.5544,1
oma_e40,4,4,5,2,3,157,26.5755,0
oma_e40,4,4,5,2,3,158,19.6276,0
oma_e40,4,4,5,2,3,159,20.7560,1
oma_e40,4,4,5,2,3,160,23.7287,0
oma_e40,4,4,5,2,3,161,18.3086,0
oma_e40,4,4,5,2,3,162,19.3008,0
oma_e40,4,4,5,2,3,163,19.9043,0
oma_e40,4,4,5,2,3,164,21.1291,1
oma_e40,4,4,5,2,3,165,21.6323,0
oma_e40,4,4,5,2,3,166,21.4961,1
oma_e40,4,4,5,2,3,167,20.6848,0
oma_e40,4,4,5,2,3,168,17.2923,1
oma_e40,4,4,5,2,3,169,23.0151,0
oma_e40,4,4,5,2,3,170,22.2941,1
oma_e40,4,4,5,2,3,171,20.9668,0
oma_e40,4,4,5,2,3,172,21.1657,1
oma_e40,4,4,5,2,3,173,14.1179,1
oma_e40,4,4,5,2,3,174,16.9725,0
oma_e40,4,4,5,2,0,175,25.4446,0
oma_e40,4,4,5,2,0,176,22.5488,1
oma_e40,4,4,5,2,0,177,20.7799,1
oma_e40,4,4,5,2,0,178,21.9101,0
oma_e40,4,4,5,2,0,179,18.0824,0
oma_e40,4,4,5,2,0,180,24.0448,0
oma_e40,4,4,5,2,0,181,21.5315,0
oma_e40,4,4,5,2,0,182,22.0550,0
oma_e40,4,4,5,2,0,183,22.0656,0
oma_e40,4,4,5,2,0,184,14.3916,1
oma_e40,4,4,5,2,0,185,20.5267,0
oma_e40,4,4,5,2,0,186,19.3530,1
oma_e40,4,4,5,2,0,187,21.9452,1
oma_e40,4,4,5,2,0,188,18.0688,0
oma_e40,4,4,5,2,0,189,24.3047,0
oma_e40,4,4,5,2,0,190,22.3649,1
oma_e40,4,4,5,2,0,191,21.5015,0
oma_e40,4,4,5,2,0,192,22.3035,1
oma_e40,4,4,5,2,0,193,19.6088,1
oma_e40,4,4,5,2,0,194,20.2414,0
oma_e40,4,4,5,2,0,195,21.7727,1
oma_e40,4,4,5,2,0,196,23.1609,0
oma_e40,4,4,5,2,0,197,24.4046,0
oma_e40,4,4,5,2,0,198,23.1891,0
oma_e40,4,4,5,2,0,199,20.2335,0
oma_e40,4,4,5,2,1,175,21.9421,1
oma_e40,4,4,5,2,1,176,18.9103,0
oma_e40,4,4,5,2,1,177,19.8413,1
oma_e40,4,4,5,2,1,178,24.0742,0
oma_e40,4,4,5,2,1,179,18.1405,1
oma_e40,4,4,5,2,1,180,22.2556,0
oma_e40,4,4,5,2,1,181,19.5032,0
oma_e40,4,4,5,2,1,182,20.3947,0
oma_e40,4,4,5,2,1,183,20.2115,1
oma_e40,4,4,5,2,1,184,15.6320,1
oma_e40,4,4,5,2,1,185,17.6582,1
oma_e40,4,4,5,2,1,186,18.3625,1
oma_e40,4,4,5,2,1,187,20.6694,1
oma_e40,4,4,5,2,1,188,20.3353,0
oma_e40,4,4,5,2,1,189,21.5385,0
oma_e40,4,4,5,2,1,190,23.1448,0
oma_e40,4,4,5,2,1,191,19.7498,1
oma_e40,4,4,5,2,1,192,20.1684,0
oma_e40,4,4,5,2,1,193,18.0229,1
oma_e40,4,4,5,2,1,194,21.5901,0
oma_e40,4,4,5,2,1,195,20.4024,0
oma_e40,4,4,5,2,1,196,19.1249,0
oma_e40,4,4,5,2,1,197,22.0336,0
oma_e40,4,4,5,2,1,198,21.8030,0
oma_e40,4,4,5,2,1,199,16.5333,1
oma_e40,4,4,5,2,2,175,18.8818,0
oma_e40,4,4,5,2,2,176,21.1079,1
oma_e40,4,4,5,2,2,177,22.7173,0
oma_e40,4,4,5,2,2,178,19.1143,1
oma_e40,4,4,5,2,2,179,18.0720,1
oma_e40,4,4,5,2,2,180,20.3693,0
oma_e40,4,4,5,2,2,181,20.8898,0
oma_e40,4,4,5,2,2,182,19.4990,0
oma_e40,4,4,5,2,2,183,23.0722,0
oma_e40,4,4,5,2,2,184,14.3416,1
oma_e40,4,4,5,2,2,185,22.1547,0
oma_e40,4,4,5,2,2,186,18.0159,0
oma_e40,4,4,5,2,2,187,20.7011,0
oma_e40,4,4,5,2,2,188,21.5252,1
oma_e40,4,4,5,2,2,189,23.2210,0
oma_e40,4,4,5,2,2,190,23.0640,0
oma_e40,4,4,5,2,2,191,21.5941,1
oma_e40,4,4,5,2,2,192,22.0904,0
oma_e40,4,4,5,2,2,193,17.7105,1
oma_e40,4,4,5,2,2,194,21.4324,0
oma_e40,4,4,5,2,2,195,27.4056,1
oma_e40,4,4,5,2,2,196,19.0555,1
oma_e40,4,4,5,2,2,197,24.2338,1
oma_e40,4,4,5,2,2,198,22.6204,0
oma_e40,4,4,5,2,2,199,17.6641,1
oma_e40,4,4,5,2,3,175,23.5710,0
oma_e40,4,4,5,2,3,176,18.3371,1
oma_e40,4,4,5,2,3,177,20.9206,1
oma_e40,4,4,5,2,3,178,22.3050,1
oma_e40,4,4,5,2,3,179,14.4550,1
oma_e40,4,4,5,2,3,180,20.7088,1
oma_e40,4,4,5,2,3,181,22.9550,0
oma_e40,4,4,5,2,3,182,18.7996,1
oma_e40,4,4,5,2,3,183,15.0923,0
oma_e40,4,4,5,2,3,184,15.7242,1
oma_e40,4,4,5,2,3,185,23.2354,0
oma_e40,4,4,5,2,3,186,21.7763,0
oma_e40,4,4,5,2,3,187,20.7649,0
oma_e40,4,4,5,2,3,188,21.1934,0
oma_e40,4,4,5,2,3,189,22.2141,0
oma_e40,4,4,5,2,3,190,20.5233,0
oma_e40,4,4,5,2,3,191,21.7362,1
oma_e40,4,4,5,2,3,192,21.9248,1
oma_e40,4,4,5,2,3,193,17.6352,1
oma_e40,4,4,5,2,3,194,23.4849,0
oma_e40,4,4,5,2,3,195,24.9840,0
oma_e40,4,4,5,2,3,196,21.6365,0
oma_e40,4,4,5,2,3,197,19.4479,0
oma_e40,4,4,5,2,3,198,22.1305,0
oma_e40,4,4,5,2,3,199,19.0438,1
oma_e40,4,4,5,3,0,0,20.6762,0
oma_e40,4,4,5,3,0,1,19.8911,1
oma_e40,4,4,5,3,0,2,17.5986,1
oma_e40,4,4,5,3,0,3,22.5874,1
oma_e40,4,4,5,3,0,4,21.2307,0
oma_e40,4,4,5,3,0,5,19.9196,0
oma_e40,4,4,5,3,0,6,18.3281,1
oma_e40,4,4,5,3,0,7,16.1348,1
oma_e40,4,4,5,3,0,8,20.9523,1
oma_e40,4,4,5,3,0,9,14.0672,1
oma_e40,4,4,5,3,0,10,20.9913,1
oma_e40,4,4,5,3,0,11,18.6938,0
oma_e40,4,4,5,3,0,12,17.9733,1
oma_e40,4,4,5,3,0,13,18.1452,1
oma_e40,4,4,5,3,0,14,16.4019,1
oma_e40,4,4,5,3,0,15,22.1442,1
oma_e40,4,4,5,3,0,16,22.8729,0
oma_e40,4,4,5,3,0,17,14.7087,1
oma_e40,4,4,5,3,0,18,19.6541,0
oma_e40,4,4,5,3,0,19,20.7958,1
oma_e40,4,4,5,3,0,20,16.7627,1
oma_e40,4,4,5,3,0,21,17.2989,1
oma_e40,4,4,5,3,0,22,20.8715,1
oma_e40,4,4,5,3,0,23,14.9828,1
oma_e40,4,4,5,3,0,24,15.2999,1
oma_e40,4,4,5,3,1,0,25.3041,1
oma_e40,4,4,5,3,1,1,17.4528,1
oma_e40,4,4,5,3,1,2,18.9230,1
oma_e40,4,4,5,3,1,3,25.8006,0
oma_e40,4,4,5,3,1,4,21.5877,0
oma_e40,4,4,5,3,1,5,17.0477,1
oma_e40,4,4,5,3,1,6,16.2591,0
oma_e40,4,4,5,3,1,7,18.4693,0
oma_e40,4,4,5,3,1,8,22.2822,0
oma_e40,4,4,5,3,1,9,13.2832,1
oma_e40,4,4,5,3,1,10,18.3326,1
oma_e40,4,4,5,3,1,11,22.7863,1
oma_e40,4,4,5,3,1,12,19.5428,0
oma_e40,4,4,5,3,1,13,20.0316,1
oma_e40,4,4,5,3,1,14,18.0578,1
oma_e40,4,4,5,3,1,15,23.0338,0
oma_e40,4,4,5,3,1,16,20.6662,0
oma_e40,4,4,5,3,1,17,14.8239,1
oma_e40,4,4,5,3,1,18,19.2688,1
oma_e40,4,4,5,3,1,19,22.5533,0
oma_e40,4,4,5,3,1,20,20.8597,1
oma_e40,4,4,5,3,1,21,21.1306,0
oma_e40,4,4,5,3,1,22,17.0717,1
oma_e40,4,4,5,3,1,23,12.6000,1
oma_e40,4,4,5,3,1,24,14.3644,1
oma_e40,4,4,5,3,2,0,20.2694,1
oma_e40,4,4,5,3,2,1,18.1363,1
oma_e40,4,4,5,3,2,2,18.5687,1
oma_e40,4,4,5,3,2,3,21.7962,0
oma_e40,4,4,5,3,2,4,25.7092,0
oma_e40,4,4,5,3,2,5,19.2131,1
oma_e40,4,4,5,3,2,6,16.1422,1
oma_e40,4,4,5,3,2,7,18.4151,0
oma_e40,4,4,5,3,2,8,17.9928,1
oma_e40,4,4,5,3,2,9,14.1139,1
oma_e40,4,4,5,3,2,10,20.2096,1
oma_e40,4,4,5,3,2,11,24.8421,1
oma_e40,4,4,5,3,2,12,19.1751,0
oma_e40,4,4,5,3,2,13,18.9679,0
oma_e40,4,4,5,3,2,14,16.8324,1
oma_e40,4,4,5,3,2,15,24.7429,1
oma_e40,4,4,5,3,2,16,21.8878,0
oma_e40,4,4,5,3,2,17,13.4447,1
oma_e40,4,4,5,3,2,18,17.0178,0
oma_e40,4,4,5,3,2,19,22.3586,0
oma_e40,4,4,5,3,2,20,15.4636,1
oma_e40,4,4,5,3,2,21,19.8418,0
oma_e40,4,4,5,3,2,22,17.8047,1
oma_e40,4,4,5,3,2,23,16.5411,1
oma_e40,4,4,5,3,2,24,16.0872,1
oma_e40,4,4,5,3,3,0,21.7438,1
oma_e40,4,4,5,3,3,1,17.0871,1
oma_e40,4,4,5,3,3,2,17.2524,1
oma_e40,4,4,5,3,3,3,20.8290,0
oma_e40,4,4,5,3,3,4,22.2707,0
oma_e40,4,4,5,3,3,5,17.3072,1
oma_e40,4,4,5,3,3,6,15.3679,1
oma_e40,4,4,5,3,3,7,18.5428,1
oma_e40,4,4,5,3,3,8,22.9169,0
oma_e40,4,4,5,3,3,9,16.5272,1
oma_e40,4,4,5,3,3,10,22.1553,0
oma_e40,4,4,5,3,3,11,21.4245,1
oma_e40,4,4,5,3,3,12,17.8680,0
oma_e40,4,4,5,3,3,13,18.4053,1
oma_e40,4,4,5,3,3,14,15.0650,0
oma_e40,4,4,5,3,3,15,19.4619,1
oma_e40,4,4,5,3,3,16,22.1216,0
oma_e40,4,4,5,3,3,17,14.2100,1
oma_e40,4,4,5,3,3,18,23.1726,0
oma_e40,4,4,5,3,3,19,17.2353,0
oma_e40,4,4,5,3,3,20,19.9146,1
oma_e40,4,4,5,3,3,21,25.8950,1
oma_e40,4,4,5,3,3,22,19.2204,1
oma_e40,4,4,5,3,3,23,15.2155,1
oma_e40,4,4,5,3,3,24,16.0675,1
oma_e40,4,4,5,3,0,25,16.7403,1
oma_e40,4,4,5,3,0,26,21.5645,0
oma_e40,4,4,5,3,0,27,22.6630,1
oma_e40,4,4,5,3,0,28,21.8430,0
oma_e40,4,4,5,3,0,29,21.0918,0
oma_e40,4,4,5,3,0,30,19.8384,1
oma_e40,4,4,5,3,0,31,21.2728,1
oma_e40,4,4,5,3,0,32,17.8401,1
oma_e40,4,4,5,3,0,33,22.1044,0
oma_e40,4,4,5,3,0,34,22.9048,0
oma_e40,4,4,5,3,0,35,21.6025,0
oma_e40,4,4,5,3,0,36,21.5677,0
oma_e40,4,4,5,3,0,37,25.2693,0
oma_e40,4,4,5,3,0,38,21.7705,1
oma_e40,4,4,5,3,0,39,19.7003,0
oma_e40,4,4,5,3,0,40,23.4151,0
oma_e40,4,4,5,3,0,41,19.4440,1
oma_e40,4,4,5,3,0,42,21.3138,0
oma_e40,4,4,5,3,0,43,20.4500,0
oma_e40,4,4,5,3,0,44,20.1260,0
oma_e40,4,4,5,3,0,45,18.9811,1
oma_e40,4,4,5,3,0,46,18.3119,1
oma_e40,4,4,5,3,0,47,18.5171,1
oma_e40,4,4,5,3,0,48,20.0543,0
oma_e40,4,4,5,3,0,49,21.2238,0
oma_e40,4,4,5,3,1,25,19.4947,0
oma_e40,4,4,5,3,1,26,19.9116,0
oma_e40,4,4,5,3,1,27,20.1825,1
oma_e40,4,4,5,3,1,28,20.5626,0
oma_e40,4,4,5,3,1,29,22.7414,0
oma_e40,4,4,5,3,1,30,20.5217,0
oma_e40,4,4,5,3,1,31,20.3183,1
oma_e40,4,4,5,3,1,32,20.7583,1
oma_e40,4,4,5,3,1,33,24.9218,0
oma_e40,4,4,5,3,1,34,22.7646,0
oma_e40,4,4,5,3,1,35,23.6640,0
oma_e40,4,4,5,3,1,36,24.2906,0
oma_e40,4,4,5,3,1,37,21.3184,0
oma_e40,4,4,5,3,1,38,19.7914,0
oma_e40,4,4,5,3,1,39,17.8458,1
oma_e40,4,4,5,3,1,40,21.5369,1
oma_e40,4,4,5,3,1,41,23.1595,1
oma_e40,4,4,5,3,1,42,27.4934,1
oma_e40,4,4,5,3,1,43,20.7386,1
oma_e40,4,4,5,3,1,44,14.8261,0
oma_e40,4,4,5,3,1,45,18.8994,1
oma_e40,4,4,5,3,1,46,18.8423,1
oma_e40,4,4,5,3,1,47,16.1262,1
oma_e40,4,4,5,3,1,48,21.5138,0
oma_e40,4,4,5,3,1,49,18.7898,0
oma_e40,4,4,5,3,2,25,19.3852,1
oma_e40,4,4,5,3,2,26,20.4221,0
oma_e40,4,4,5,3,2,27,25.1445,0
oma_e40,4,4,5,3,2,28,22.6863,0
oma_e40,4,4,5,3,2,29,21.3316,0
oma_e40,4,4,5,3,2,30,15.8285,1
oma_e40,4,4,5,3,2,31,25.8977,0
oma_e40,4,4,5,3,2,32,15.4643,1
oma_e40,4,4,5,3,2,33,20.2241,1
oma_e40,4,4,5,3,2,34,24.1235,0
oma_e40,4,4,5,3,2,35,22.6919,0
oma_e40,4,4,5,3,2,36,21.5331,0
oma_e40,4,4,5,3,2,37,19.0575,0
oma_e40,4,4,5,3,2,38,19.7898,1
oma_e40,4,4,5,3,2,39,17.0307,1
oma_e40,4,4,5,3,2,40,21.6816,1
oma_e40,4,4,5,3,2,41,19.5916,1
oma_e40,4,4,5,3,2,42,18.8820,1
oma_e40,4,4,5,3,2,43,23.5883,0
oma_e40,4,4,5,3,2,44,16.4829,1
oma_e40,4,4,5,3,2,45,22.3451,0
oma_e40,4,4,5,3,2,46,18.6918,0
oma_e40,4,4,5,3,2,47,20.7181,1
oma_e40,4,4,5,3,2,48,22.9218,0
oma_e40,4,4,5,3,2,49,17.8990,1
oma_e40,4,4,5,3,3,25,21.4993,0
oma_e40,4,4,5,3,3,26,20.3765,1
oma_e40,4,4,5,3,3,27,20.4845,0
oma_e40,4,4,5,3,3,28,22.2741,1
oma_e40,4,4,5,3,3,29,23.4572,0
oma_e40,4,4,5,3,3,30,21.9128,1
oma_e40,4,4,5,3,3,31,19.8404,0
oma_e40,4,4,5,3,3,32,20.9157,0
oma_e40,4,4,5,3,3,33,26.5233,0
oma_e40,4,4,5,3,3,34,22.9358,0
oma_e40,4,4,5,3,3,35,23.6967,0
oma_e40,4,4,5,3,3,36,21.4228,1
oma_e40,4,4,5,3,3,37,20.7827,1
oma_e40,4,4,5,3,3,38,24.2033,0
oma_e40,4,4,5,3,3,39,17.9746,1
oma_e40,4,4,5,3,3,40,22.7594,1
oma_e40,4,4,5,3,3,41,18.7300,1
oma_e40,4,4,5,3,3,42,19.8266,0
oma_e40,4,4,5,3,3,43,20.5675,0
oma_e40,4,4,5,3,3,44,17.6899,1
oma_e40,4,4,5,3,3,45,22.0178,0
oma_e40,4,4,5,3,3,46,19.5773,1
oma_e40,4,4,5,3,3,47,17.6354,1
oma_e40,4,4,5,3,3,48,21.2506,0
oma_e40,4,4,5,3,3,49,18.6204,0
oma_e40,4,4,5,3,0,50,22.3532,0
oma_e40,4,4,5,3,0,51,22.9010,0
oma_e40,4,4,5,3,0,52,17.9853,1
oma_e40,4,4,5,3,0,53,20.6908,0
oma_e40,4,4,5,3,0,54,19.1422,1
oma_e40,4,4,5,3,0,55,16.1996,0
oma_e40,4,4,5,3,0,56,18.1916,0
oma_e40,4,4,5,3,0,57,14.4694,1
oma_e40,4,4,5,3,0,58,20.0834,0
oma_e40,4,4,5,3,0,59,24.8684,1
oma_e40,4,4,5,3,0,60,23.9917,0
oma_e40,4,4,5,3,0,61,21.5382,0
oma_e40,4,4,5,3,0,62,20.9226,0
oma_e40,4,4,5,3,0,63,22.9078,0
oma_e40,4,4,5,3,0,64,24.6716,0
oma_e40,4,4,5,3,0,65,18.2778,0
oma_e40,4,4,5,3,0,66,20.5682,1
oma_e40,4,4,5,3,0,67,22.3358,0
oma_e40,4,4,5,3,0,68,22.5873,0
oma_e40,4,4,5,3,0,69,21.1082,0
oma_e40,4,4,5,3,0,70,25.4460,1
oma_e40,4,4,5,3,0,71,21.1766,0
oma_e40,4,4,5,3,0,72,22.9954,0
oma_e40,4,4,5,3,0,73,22.6126,0
oma_e40,4,4,5,3,0,74,19.7724,1
oma_e40,4,4,5,3,1,50,21.4001,1
oma_e40,4,4,5,3,1,51,22.3313,1
oma_e40,4,4,5,3,1,52,21.7605,1
oma_e40,4,4,5,3,1,53,20.6448,1
oma_e40,4,4,5,3,1,54,16.1019,0
oma_e40,4,4,5,3,1,55,22.0452,1
oma_e40,4,4,5,3,1,56,22.7034,0
oma_e40,4,4,5,3,1,57,15.2749,0
oma_e40,4,4,5,3,1,58,22.2004,0
oma_e40,4,4,5,3,1,59,19.7687,0
oma_e40,4,4,5,3,1,60,24.5666,0
oma_e40,4,4,5,3,1,61,20.6957,0
oma_e40,4,4,5,3,1,62,22.6066,0
oma_e40,4,4,5,3,1,63,29.0761,1
oma_e40,4,4,5,3,1,64,22.8370,0
oma_e40,4,4,5,3,1,65,21.6879,1
oma_e40,4,4,5,3,1,66,21.2589,0
oma_e40,4,4,5,3,1,67,19.0012,1
oma_e40,4,4,5,3,1,68,21.1655,0
oma_e40,4,4,5,3,1,69,22.0041,1
oma_e40,4,4,5,3,1,70,21.0610,0
oma_e40,4,4,5,3,1,71,23.7772,0
oma_e40,4,4,5,3,1,72,24.1669,1
oma_e40,4,4,5,3,1,73,19.0647,0
oma_e40,4,4,5,3,1,74,20.1484,0
oma_e40,4,4,5,3,2,50,19.7557,0
oma_e40,4,4,5,3,2,51,23.5365,0
oma_e40,4,4,5,3,2,52,21.8200,1
oma_e40,4,4,5,3,2,53,19.2976,0
oma_e40,4,4,5,3,2,54,17.4849,0
oma_e40,4,4,5,3,2,55,25.4960,1
oma_e40,4,4,5,3,2,56,23.1766,0
oma_e40,4,4,5,3,2,57,16.8591,1
oma_e40,4,4,5,3,2,58,18.6158,1
oma_e40,4,4,5,3,2,59,20.9492,0
oma_e40,4,4,5,3,2,60,20.1926,1
oma_e40,4,4,5,3,2,61,21.2824,0
oma_e40,4,4,5,3,2,62,20.2520,0
oma_e40,4,4,5,3,2,63,22.2592,0
oma_e40,4,4,5,3,2,64,19.0922,0
oma_e40,4,4,5,3,2,65,21.9301,0
oma_e40,4,4,5,3,2,66,20.2086,0
oma_e40,4,4,5,3,2,67,19.2627,0
oma_e40,4,4,5,3,2,68,21.0367,1
oma_e40,4,4,5,3,2,69,24.0166,1
oma_e40,4,4,5,3,2,70,21.0108,0
oma_e40,4,4,5,3,2,71,21.4203,0
oma_e40,4,4,5,3,2,72,23.3011,0
oma_e40,4,4,5,3,2,73,18.6236,1
oma_e40,4,4,5,3,2,74,17.4272,1
oma_e40,4,4,5,3,3,50,20.0285,1
oma_e40,4,4,5,3,3,51,25.7022,0
oma_e40,4,4,5,3,3,52,20.6202,0
oma_e40,4,4,5,3,3,53,18.1557,1
oma_e40,4,4,5,3,3,54,21.7179,1
oma_e40,4,4,5,3,3,55,21.6870,1
oma_e40,4,4,5,3,3,56,25.0890,1
oma_e40,4,4,5,3,3,57,14.6347,1
oma_e40,4,4,5,3,3,58,20.5600,0
oma_e40,4,4,5,3,3,59,24.1405,0
oma_e40,4,4,5,3,3,60,23.3251,1
oma_e40,4,4,5,3,3,61,22.0827,0
oma_e40,4,4,5,3,3,62,20.4841,1
oma_e40,4,4,5,3,3,63,24.9299,0
oma_e40,4,4,5,3,3,64,24.4148,0
oma_e40,4,4,5,3,3,65,22.9075,1
oma_e40,4,4,5,3,3,66,21.2453,0
oma_e40,4,4,5,3,3,67,17.9428,1
oma_e40,4,4,5,3,3,68,24.4653,0
oma_e40,4,4,5,3,3,69,23.6926,1
oma_e40,4,4,5,3,3,70,24.0747,0
oma_e40,4,4,5,3,3,71,20.5015,1
oma_e40,4,4,5,3,3,72,23.0414,1
oma_e40,4,4,5,3,3,73,23.0151,0
oma_e40,4,4,5,3,3,74,19.4245,1
oma_e40,4,4,5,3,0,75,16.9828,0
oma_e40,4,4,5,3,0,76,24.8136,1
oma_e40,4,4,5,3,0,77,20.3786,0
oma_e40,4,4,5,3,0,78,21.9847,0
oma_e40,4,4,5,3,0,79,23.9593,1
oma_e40,4,4,5,3,0,80,19.6025,0
oma_e40,4,4,5,3,0,81,13.6292,0
oma_e40,4,4,5,3,0,82,20.6468,0
oma_e40,4,4,5,3,0,83,18.5933,1
oma_e40,4,4,5,3,0,84,20.3083,0
oma_e40,4,4,5,3,0,85,17.7691,1
oma_e40,4,4,5,3,0,86,14.1190,1
oma_e40,4,4,5,3,0,87,18.6858,1
oma_e40,4,4,5,3,0,88,21.7502,0
oma_e40,4,4,5,3,0,89,21.5698,0
oma_e40,4,4,5,3,0,90,21.6746,0
oma_e40,4,4,5,3,0,91,17.6313,1
oma_e40,4,4,5,3,0,92,23.2680,0
oma_e40,4,4,5,3,0,93,20.7106,1
oma_e40,4,4,5,3,0,94,23.1386,1
oma_e40,4,4,5,3,0,95,17.6353,1
oma_e40,4,4,5,3,0,96,21.3070,1
oma_e40,4,4,5,3,0,97,18.9139,1
oma_e40,4,4,5,3,0,98,19.3991,0
oma_e40,4,4,5,3,0,99,25.0554,1
oma_e40,4,4,5,3,1,75,17.7680,1
oma_e40,4,4,5,3,1,76,23.0353,0
oma_e40,4,4,5,3,1,77,24.7577,1
oma_e40,4,4,5,3,1,78,21.8160,1
oma_e40,4,4,5,3,1,79,20.6833,1
oma_e40,4,4,5,3,1,80,19.4838,1
oma_e40,4,4,5,3,1,81,16.3367,1
oma_e40,4,4,5,3,1,82,25.7188,0
oma_e40,4,4,5,3,1,83,22.4530,1
oma_e40,4,4,5,3,1,84,19.1051,1
oma_e40,4,4,5,3,1,85,21.0455,1
oma_e40,4,4,5,3,1,86,14.1098,1
oma_e40,4,4,5,3,1,87,21.9657,1
oma_e40,4,4,5,3,1,88,21.3342,1
oma_e40,4,4,5,3,1,89,22.2878,0
oma_e40,4,4,5,3,1,90,20.0201,1
oma_e40,4,4,5,3,1,91,17.6240,1
oma_e40,4,4,5,3,1,92,22.5002,0
oma_e40,4,4,5,3,1,93,20.9075,1
oma_e40,4,4,5,3,1,94,24.6217,0
oma_e40,4,4,5,3,1,95,16.8220,0
oma_e40,4,4,5,3,1,96,20.4268,1
oma_e40,4,4,5,3,1,97,20.9087,1
oma_e40,4,4,5,3,1,98,17.2683,1
oma_e40,4,4,5,3,1,99,22.9825,0
oma_e40,4,4,5,3,2,75,14.9729,1
oma_e40,4,4,5,3,2,76,23.1670,0
oma_e40,4,4,5,3,2,77,21.0585,0
oma_e40,4,4,5,3,2,78,22.9868,0
oma_e40,4,4,5,3,2,79,17.9728,0
oma_e40,4,4,5,3,2,80,21.5820,0
oma_e40,4,4,5,3,2,81,14.0297,1
oma_e40,4,4,5,3,2,82,22.0534,0
oma_e40,4,4,5,3,2,83,21.6256,0
oma_e40,4,4,5,3,2,84,24.2742,1
oma_e40,4,4,5,3,2,85,17.1880,1
oma_e40,4,4,5,3,2,86,13.5054,1
oma_e40,4,4,5,3,2,87,20.9699,0
oma_e40,4,4,5,3,2,88,23.5740,0
oma_e40,4,4,5,3,2,89,21.5843,0
oma_e40,4,4,5,3,2,90,23.0945,1
oma_e40,4,4,5,3,2,91,18.2267,1
oma_e40,4,4,5,3,2,92,22.5116,0
oma_e40,4,4,5,3,2,93,20.5938,1
oma_e40,4,4,5,3,2,94,20.9937,0
oma_e40,4,4,5,3,2,95,20.4596,0
oma_e40,4,4,5,3,2,96,19.9603,1
oma_e40,4,4,5,3,2,97,19.7474,1
oma_e40,4,4,5,3,2,98,19.8804,1
oma_e40,4,4,5,3,2,99,20.3733,1
oma_e40,4,4,5,3,3,75,19.4830,1
oma_e40,4,4,5,3,3,76,24.6062,1
oma_e40,4,4,5,3,3,77,22.1730,1
oma_e40,4,4,5,3,3,78,21.3684,1
oma_e40,4,4,5,3,3,79,21.6128,0
oma_e40,4,4,5,3,3,80,23.2994,0
oma_e40,4,4,5,3,3,81,14.2973,1
oma_e40,4,4,5,3,3,82,22.5203,0
oma_e40,4,4,5,3,3,83,24.1106,0
oma_e40,4,4,5,3,3,84,24.0867,1
oma_e40,4,4,5,3,3,85,17.3674,0
oma_e40,4,4,5,3,3,86,15.2109,1
oma_e40,4,4,5,3,3,87,16.4536,1
oma_e40,4,4,5,3,3,88,23.0793,0
oma_e40,4,4,5,3,3,89,24.2222,0
oma_e40,4,4,5,3,3,90,18.9192,0
oma_e40,4,4,5,3,3,91,18.4124,1
oma_e40,4,4,5,3,3,92,22.8191,0
oma_e40,4,4,5,3,3,93,20.8252,0
oma_e40,4,4,5,3,3,94,25.6496,0
oma_e40,4,4,5,3,3,95,16.4582,1
oma_e40,4,4,5,3,3,96,19.2133,1
oma_e40,4,4,5,3,3,97,19.0525,1
oma_e40,4,4,5,3,3,98,19.8014,0
oma_e40,4,4,5,3,3,99,26.6221,0
oma_e40,4,4,5,3,0,100,18.9081,0
oma_e40,4,4,5,3,0,101,19.8344,1
oma_e40,4,4,5,3,0,102,20.1386,1
oma_e40,4,4,5,3,0,103,19.6270,0
oma_e40,4,4,5,3,0,104,21.5139,0
oma_e40,4,4,5,3,0,105,22.1550,0
oma_e40,4,4,5,3,0,106,16.0996,1
oma_e40,4,4,5,3,0,107,22.5032,1
oma_e40,4,4,5,3,0,108,18.8873,0
oma_e40,4,4,5,3,0,109,21.0993,1
oma_e40,4,4,5,3,0,110,20.1207,0
oma_e40,4,4,5,3,0,111,22.6255,1
oma_e40,4,4,5,3,0,112,21.8634,0
oma_e40,4,4,5,3,0,113,17.0642,1
oma_e40,4,4,5,3,0,114,22.9502,0
oma_e40,4,4,5,3,0,115,21.6633,0
oma_e40,4,4,5,3,0,116,19.0825,1
oma_e40,4,4,5,3,0,117,14.3618,1
oma_e40,4,4,5,3,0,118,23.7012,1
oma_e40,4,4,5,3,0,119,21.4682,0
oma_e40,4,4,5,3,0,120,18.0156,1
oma_e40,4,4,5,3,0,121,22.1091,1
oma_e40,4,4,5,3,0,122,16.9787,0
oma_e40,4,4,5,3,0,123,19.2824,0
oma_e40,4,4,5,3,0,124,14.5411,1
oma_e40,4,4,5,3,1,100,22.1021,0
oma_e40,4,4,5,3,1,101,18.1145,1
oma_e40,4,4,5,3,1,102,18.5347,1
oma_e40,4,4,5,3,1,103,23.0211,1
oma_e40,4,4,5,3,1,104,20.3046,1
oma_e40,4,4,5,3,1,105,28.7755,0
oma_e40,4,4,5,3,1,106,16.1499,1
oma_e40,4,4,5,3,1,107,27.4563,0
oma_e40,4,4,5,3,1,108,17.2378,1
oma_e40,4,4,5,3,1,109,20.9777,0
oma_e40,4,4,5,3,1,110,20.9896,1
oma_e40,4,4,5,3,1,111,22.6661,0
oma_e40,4,4,5,3,1,112,23.1682,0
oma_e40,4,4,5,3,1,113,16.9921,1
oma_e40,4,4,5,3,1,114,21.6469,1
oma_e40,4,4,5,3,1,115,21.1757,1
oma_e40,4,4,5,3,1,116,17.4490,0
oma_e40,4,4,5,3,1,117,14.4992,1
oma_e40,4,4,5,3,1,118,25.3402,0
oma_e40,4,4,5,3,1,119,17.8477,0
oma_e40,4,4,5,3,1,120,18.7426,1
oma_e40,4,4,5,3,1,121,21.5043,1
oma_e40,4,4,5,3,1,122,18.9454,0
oma_e40,4,4,5,3,1,123,24.8911,0
oma_e40,4,4,5,3,1,124,16.6855,0
oma_e40,4,4,5,3,2,100,24.6312,0
oma_e40,4,4,5,3,2,101,19.4919,0
oma_e40,4,4,5,3,2,102,19.1244,1
oma_e40,4,4,5,3,2,103,19.7748,0
oma_e40,4,4,5,3,2,104,23.9409,0
oma_e40,4,4,5,3,2,105,20.0802,1
oma_e40,4,4,5,3,2,106,19.3362,1
oma_e40,4,4,5,3,2,107,19.7914,0
oma_e40,4,4,5,3,2,108,15.9527,1
oma_e40,4,4,5,3,2,109,22.0385,0
oma_e40,4,4,5,3,2,110,23.7265,0
oma_e40,4,4,5,3,2,111,21.9944,1
oma_e40,4,4,5,3,2,112,23.7064,0
oma_e40,4,4,5,3,2,113,17.6700,1
oma_e40,4,4,5,3,2,114,24.1942,1
oma_e40,4,4,5,3,2,115,20.1122,1
oma_e40,4,4,5,3,2,116,17.8027,0
oma_e40,4,4,5,3,2,117,14.6068,1
oma_e40,4,4,5,3,2,118,21.2046,0
oma_e40,4,4,5,3,2,119,20.3937,1
oma_e40,4,4,5,3,2,120,17.2414,1
oma_e40,4,4,5,3,2,121,18.7085,1
oma_e40,4,4,5,3,2,122,19.5888,1
oma_e40,4,4,5,3,2,123,26.9163,0
oma_e40,4,4,5,3,2,124,16.0269,1
oma_e40,4,4,5,3,3,100,22.6770,0
oma_e40,4,4,5,3,3,101,18.8690,1
oma_e40,4,4,5,3,3,102,19.2924,1
oma_e40,4,4,5,3,3,103,20.9412,1
oma_e40,4,4,5,3,3,104,23.8742,1
oma_e40,4,4,5,3,3,105,21.2294,0
oma_e40,4,4,5,3,3,106,17.4110,1
oma_e40,4,4,5,3,3,107,22.2891,0
oma_e40,4,4,5,3,3,108,15.3012,1
oma_e40,4,4,5,3,3,109,18.9953,1
oma_e40,4,4,5,3,3,110,23.4322,0
oma_e40,4,4,5,3,3,111,22.0553,0
oma_e40,4,4,5,3,3,112,23.7424,0
oma_e40,4,4,5,3,3,113,16.6837,1
oma_e40,4,4,5,3,3,114,20.4982,1
oma_e40,4,4,5,3,3,115,20.0985,1
oma_e40,4,4,5,3,3,116,20.5044,1
oma_e40,4,4,5,3,3,117,14.0470,1
oma_e40,4,4,5,3,3,118,23.9452,0
oma_e40,4,4,5,3,3,119,18.8466,0
oma_e40,4,4,5,3,3,120,17.4800,1
oma_e40,4,4,5,3,3,121,18.2668,0
oma_e40,4,4,5,3,3,122,24.4505,1
oma_e40,4,4,5,3,3,123,23.3882,0
oma_e40,4,4,5,3,3,124,15.4744,0
oma_e40,4,4,5,3,0,125,18.8140,0
oma_e40,4,4,5,3,0,126,17.0899,1
oma_e40,4,4,5,3,0,127,17.2045,1
oma_e40,4,4,5,3,0,128,18.0060,1
oma_e40,4,4,5,3,0,129,19.0797,0
oma_e40,4,4,5,3,0,130,24.6223,1
oma_e40,4,4,5,3,0,131,19.2665,1
oma_e40,4,4,5,3,0,132,19.0834,1
oma_e40,4,4,5,3,0,133,16.0319,1
oma_e40,4,4,5,3,0,134,16.6618,1
oma_e40,4,4,5,3,0,135,20.9294,1
oma_e40,4,4,5,3,0,136,21.7382,0
oma_e40,4,4,5,3,0,137,21.9997,1
oma_e40,4,4,5,3,0,138,20.9301,0
oma_e40,4,4,5,3,0,139,20.0914,1
oma_e40,4,4,5,3,0,140,18.9289,0
oma_e40,4,4,5,3,0,141,18.6375,1
oma_e40,4,4,5,3,0,142,22.3813,0
oma_e40,4,4,5,3,0,143,22.4866,0
oma_e40,4,4,5,3,0,144,21.2242,0
oma_e40,4,4,5,3,0,145,20.8477,1
oma_e40,4,4,5,3,0,146,19.7091,1
oma_e40,4,4,5,3,0,147,23.1295,0
oma_e40,4,4,5,3,0,148,14.8848,1
oma_e40,4,4,5,3,0,149,19.7614,1
oma_e40,4,4,5,3,1,125,23.0281,0
oma_e40,4,4,5,3,1,126,16.0607,1
oma_e40,4,4,5,3,1,127,17.6519,0
oma_e40,4,4,5,3,1,128,19.0656,1
oma_e40,4,4,5,3,1,129,20.7347,0
oma_e40,4,4,5,3,1,130,17.1745,1
oma_e40,4,4,5,3,1,131,21.0281,0
oma_e40,4,4,5,3,1,132,17.8278,0
oma_e40,4,4,5,3,1,133,15.7479,1
oma_e40,4,4,5,3,1,134,15.7506,1
oma_e40,4,4,5,3,1,135,21.5238,0
oma_e40,4,4,5,3,1,136,22.1308,0
oma_e40,4,4,5,3,1,137,22.6215,1
oma_e40,4,4,5,3,1,138,21.2032,0
oma_e40,4,4,5,3,1,139,19.0485,1
oma_e40,4,4,5,3,1,140,23.0712,1
oma_e40,4,4,5,3,1,141,18.6443,0
oma_e40,4,4,5,3,1,142,18.1159,1
oma_e40,4,4,5,3,1,143,18.8575,1
oma_e40,4,4,5,3,1,144,22.6829,1
oma_e40,4,4,5,3,1,145,19.3734,0
oma_e40,4,4,5,3,1,146,20.5638,1
oma_e40,4,4,5,3,1,147,26.5862,0
oma_e40,4,4,5,3,1,148,14.3190,1
oma_e40,4,4,5,3,1,149,18.1217,0
oma_e40,4,4,5,3,2,125,21.4293,0
oma_e40,4,4,5,3,2,126,15.1359,1
oma_e40,4,4,5,3,2,127,16.5731,1
oma_e40,4,4,5,3,2,128,17.6617,1
oma_e40,4,4,5,3,2,129,21.0557,0
oma_e40,4,4,5,3,2,130,20.3706,1
oma_e40,4,4,5,3,2,131,27.3571,0
oma_e40,4,4,5,3,2,132,20.9587,1
oma_e40,4,4,5,3,2,133,14.4804,0
oma_e40,4,4,5,3,2,134,14.3773,1
oma_e40,4,4,5,3,2,135,22.3374,1
oma_e40,4,4,5,3,2,136,20.5326,0
oma_e40,4,4,5,3,2,137,21.7568,1
oma_e40,4,4,5,3,2,138,23.3687,1
oma_e40,4,4,5,3,2,139,20.3217,1
oma_e40,4,4,5,3,2,140,23.2425,0
oma_e40,4,4,5,3,2,141,21.0692,1
oma_e40,4,4,5,3,2,142,19.3539,1
oma_e40,4,4,5,3,2,143,21.6740,1
oma_e40,4,4,5,3,2,144,20.4318,1
oma_e40,4,4,5,3,2,145,18.1139,1
oma_e40,4,4,5,3,2,146,17.1707,1
oma_e40,4,4,5,3,2,147,21.0075,0
oma_e40,4,4,5,3,2,148,14.6545,1
oma_e40,4,4,5,3,2,149,16.6345,1
oma_e40,4,4,5,3,3,125,22.6206,0
oma_e40,4,4,5,3,3,126,14.9892,1
oma_e40,4,4,5,3,3,127,17.6604,0
oma_e40,4,4,5,3,3,128,20.8629,1
oma_e40,4,4,5,3,3,129,20.8790,1
oma_e40,4,4,5,3,3,130,22.5264,1
oma_e40,4,4,5,3,3,131,25.0284,0
oma_e40,4,4,5,3,3,132,19.9639,1
oma_e40,4,4,5,3,3,133,13.6623,1
oma_e40,4,4,5,3,3,134,15.2417,0
oma_e40,4,4,5,3,3,135,20.0895,1
oma_e40,4,4,5,3,3,136,19.5548,0
oma_e40,4,4,5,3,3,137,18.8405,0
oma_e40,4,4,5,3,3,138,20.7716,0
oma_e40,4,4,5,3,3,139,18.7505,1
oma_e40,4,4,5,3,3,140,20.0696,1
oma_e40,4,4,5,3,3,141,21.4021,0
oma_e40,4,4,5,3,3,142,19.2444,1
oma_e40,4,4,5,3,3,143,23.2683,0
oma_e40,4,4,5,3,3,144,22.7175,0
oma_e40,4,4,5,3,3,145,19.1407,0
oma_e40,4,4,5,3,3,146,16.5359,1
oma_e40,4,4,5,3,3,147,19.3676,0
oma_e40,4,4,5,3,3,148,15.1359,1
oma_e40,4,4,5,3,3,149,17.2490,0
oma_e40,4,4,5,3,0,150,17.0455,1
oma_e40,4,4,5,3,0,151,21.0579,0
oma_e40,4,4,5,3,0,152,13.2503,0
oma_e40,4,4,5,3,0,153,20.5810,0
oma_e40,4,4,5,3,0,154,16.7204,0
oma_e40,4,4,5,3,0,155,23.9443,1
oma_e40,4,4,5,3,0,156,22.3097,0
oma_e40,4,4,5,3,0,157,21.2383,1
oma_e40,4,4,5,3,0,158,23.5050,0
oma_e40,4,4,5,3,0,159,17.6645,1
oma_e40,4,4,5,3,0,160,20.5824,0
oma_e40,4,4,5,3,0,161,17.3263,1
oma_e40,4,4,5,3,0,162,21.6629,0
oma_e40,4,4,5,3,0,163,20.9585,1
oma_e40,4,4,5,3,0,164,21.6064,0
oma_e40,4,4,5,3,0,165,19.7617,0
oma_e40,4,4,5,3,0,166,22.2071,1
oma_e40,4,4,5,3,0,167,21.0170,1
oma_e40,4,4,5,3,0,168,21.0056,0
oma_e40,4,4,5,3,0,169,20.7878,1
oma_e40,4,4,5,3,0,170,19.7889,1
oma_e40,4,4,5,3,0,171,23.2027,0
oma_e40,4,4,5,3,0,172,18.5883,1
oma_e40,4,4,5,3,0,173,23.2517,1
oma_e40,4,4,5,3,0,174,16.9773,1
oma_e40,4,4,5,3,1,150,17.3981,1
oma_e40,4,4,5,3,1,151,24.9648,0
oma_e40,4,4,5,3,1,152,12.3955,1
oma_e40,4,4,5,3,1,153,23.5826,1
oma_e40,4,4,5,3,1,154,17.4744,1
oma_e40,4,4,5,3,1,155,26.8271,1
oma_e40,4,4,5,3,1,156,20.6792,0
oma_e40,4,4,5,3,1,157,18.3190,1
oma_e40,4,4,5,3,1,158,18.6642,1
oma_e40,4,4,5,3,1,159,20.8359,1
oma_e40,4,4,5,3,1,160,21.6893,0
oma_e40,4,4,5,3,1,161,16.8850,1
oma_e40,4,4,5,3,1,162,21.4585,1
oma_e40,4,4,5,3,1,163,18.0096,0
oma_e40,4,4,5,3,1,164,22.2026,0
oma_e40,4,4,5,3,1,165,21.1958,0
oma_e40,4,4,5,3,1,166,22.9732,0
oma_e40,4,4,5,3,1,167,21.6222,0
oma_e40,4,4,5,3,1,168,21.2635,1
oma_e40,4,4,5,3,1,169,19.4449,0
oma_e40,4,4,5,3,1,170,22.7101,1
oma_e40,4,4,5,3,1,171,21.2564,0
oma_e40,4,4,5,3,1,172,20.2149,1
oma_e40,4,4,5,3,1,173,20.4269,0
oma_e40,4,4,5,3,1,174,22.7622,0
oma_e40,4,4,5,3,2,150,20.7340,0
oma_e40,4,4,5,3,2,151,17.1081,0
oma_e40,4,4,5,3,2,152,14.3492,1
oma_e40,4,4,5,3,2,153,22.4222,0
oma_e40,4,4,5,3,2,154,26.7577,1
oma_e40,4,4,5,3,2,155,23.9314,0
oma_e40,4,4,5,3,2,156,21.0867,1
oma_e40,4,4,5,3,2,157,19.1105,1
oma_e40,4,4,5,3,2,158,23.9081,0
oma_e40,4,4,5,3,2,159,20.5933,0
oma_e40,4,4,5,3,2,160,20.2325,0
oma_e40,4,4,5,3,2,161,15.1564,0
oma_e40,4,4,5,3,2,162,18.6593,1
oma_e40,4,4,5,3,2,163,21.9195,1
oma_e40,4,4,5,3,2,164,25.3730,0
oma_e40,4,4,5,3,2,165,22.7650,0
oma_e40,4,4,5,3,2,166,19.1601,0
oma_e40,4,4,5,3,2,167,23.0199,1
oma_e40,4,4,5,3,2,168,21.0087,0
oma_e40,4,4,5,3,2,169,18.2743,1
oma_e40,4,4,5,3,2,170,22.2123,0
oma_e40,4,4,5,3,2,171,24.6864,0
oma_e40,4,4,5,3,2,172,20.3918,0
oma_e40,4,4,5,3,2,173,18.6427,1
oma_e40,4,4,5,3,2,174,17.2574,1
oma_e40,4,4,5,3,3,150,17.8695,1
oma_e40,4,4,5,3,3,151,20.4269,1
oma_e40,4,4,5,3,3,152,12.9641,1
oma_e40,4,4,5,3,3,153,19.2318,1
oma_e40,4,4,5,3,3,154,24.6194,0
oma_e40,4,4,5,3,3,155,24.5615,0
oma_e40,4,4,5,3,3,156,19.7687,0
oma_e40,4,4,5,3,3,157,28.0604,0
oma_e40,4,4,5,3,3,158,19.2494,0
oma_e40,4,4,5,3,3,159,21.1938,1
oma_e40,4,4,5,3,3,160,24.7259,0
oma_e40,4,4,5,3,3,161,13.7341,1
oma_e40,4,4,5,3,3,162,17.9988,1
oma_e40,4,4,5,3,3,163,20.4330,0
oma_e40,4,4,5,3,3,164,24.2568,0
oma_e40,4,4,5,3,3,165,21.0666,0
oma_e40,4,4,5,3,3,166,21.0139,1
oma_e40,4,4,5,3,3,167,23.4172,0
oma_e40,4,4,5,3,3,168,20.6638,1
oma_e40,4,4,5,3,3,169,20.5686,0
oma_e40,4,4,5,3,3,170,23.0589,1
oma_e40,4,4,5,3,3,171,22.4106,0
oma_e40,4,4,5,3,3,172,19.2999,1
oma_e40,4,4,5,3,3,173,19.9291,1
oma_e40,4,4,5,3,3,174,22.4482,0
oma_e40,4,4,5,3,0,175,25.8345,0
oma_e40,4,4,5,3,0,176,25.6113,1
oma_e40,4,4,5,3,0,177,23.5331,0
oma_e40,4,4,5,3,0,178,24.8814,0
oma_e40,4,4,5,3,0,179,19.5633,0
oma_e40,4,4,5,3,0,180,21.4696,0
oma_e40,4,4,5,3,0,181,19.0743,1
oma_e40,4,4,5,3,0,182,18.4726,0
oma_e40,4,4,5,3,0,183,19.7836,0
oma_e40,4,4,5,3,0,184,22.3175,0
oma_e40,4,4,5,3,0,185,14.7732,1
oma_e40,4,4,5,3,0,186,20.0219,1
oma_e40,4,4,5,3,0,187,24.8845,1
oma_e40,4,4,5,3,0,188,20.0208,0
oma_e40,4,4,5,3,0,189,22.4341,0
oma_e40,4,4,5,3,0,190,22.6225,1
oma_e40,4,4,5,3,0,191,20.4397,0
oma_e40,4,4,5,3,0,192,18.5615,1
oma_e40,4,4,5,3,0,193,23.2552,1
oma_e40,4,4,5,3,0,194,18.8032,1
oma_e40,4,4,5,3,0,195,19.2543,0
oma_e40,4,4,5,3,0,196,22.0827,0
oma_e40,4,4,5,3,0,197,23.3387,1
oma_e40,4,4,5,3,0,198,21.5971,0
oma_e40,4,4,5,3,0,199,24.1095,1
oma_e40,4,4,5,3,1,175,21.4146,1
oma_e40,4,4,5,3,1,176,21.7994,0
oma_e40,4,4,5,3,1,177,22.6752,0
oma_e40,4,4,5,3,1,178,28.4856,0
oma_e40,4,4,5,3,1,179,20.1841,1
oma_e40,4,4,5,3,1,180,20.4679,1
oma_e40,4,4,5,3,1,181,17.2424,1
oma_e40,4,4,5,3,1,182,16.8805,0
oma_e40,4,4,5,3,1,183,17.5793,1
oma_e40,4,4,5,3,1,184,21.4625,1
oma_e40,4,4,5,3,1,185,10.3756,1
oma_e40,4,4,5,3,1,186,18.8725,1
oma_e40,4,4,5,3,1,187,22.3838,0
oma_e40,4,4,5,3,1,188,22.5286,0
oma_e40,4,4,5,3,1,189,19.4333,1
oma_e40,4,4,5,3,1,190,22.7687,0
oma_e40,4,4,5,3,1,191,18.7222,0
oma_e40,4,4,5,3,1,192,15.9237,1
oma_e40,4,4,5,3,1,193,21.4925,1
oma_e40,4,4,5,3,1,194,20.1272,1
oma_e40,4,4,5,3,1,195,17.7058,0
oma_e40,4,4,5,3,1,196,18.5204,0
oma_e40,4,4,5,3,1,197,21.4734,1
oma_e40,4,4,5,3,1,198,20.6259,0
oma_e40,4,4,5,3,1,199,18.3785,0
oma_e40,4,4,5,3,2,175,18.9056,0
oma_e40,4,4,5,3,2,176,24.0982,1
oma_e40,4,4,5,3,2,177,26.0412,0
oma_e40,4,4,5,3,2,178,20.9001,1
oma_e40,4,4,5,3,2,179,19.9919,1
oma_e40,4,4,5,3,2,180,18.7989,0
oma_e40,4,4,5,3,2,181,18.4364,1
oma_e40,4,4,5,3,2,182,16.9441,1
oma_e40,4,4,5,3,2,183,20.3592,0
oma_e40,4,4,5,3,2,184,20.2073,1
oma_e40,4,4,5,3,2,185,15.0924,0
oma_e40,4,4,5,3,2,186,18.7697,0
oma_e40,4,4,5,3,2,187,23.1769,0
oma_e40,4,4,5,3,2,188,24.5260,0
oma_e40,4,4,5,3,2,189,20.5597,0
oma_e40,4,4,5,3,2,190,22.9374,1
oma_e40,4,4,5,3,2,191,20.4457,1
oma_e40,4,4,5,3,2,192,17.2544,1
oma_e40,4,4,5,3,2,193,22.4593,0
oma_e40,4,4,5,3,2,194,19.9613,1
oma_e40,4,4,5,3,2,195,23.9613,1
oma_e40,4,4,5,3,2,196,18.6327,1
oma_e40,4,4,5,3,2,197,22.4202,1
oma_e40,4,4,5,3,2,198,21.5176,0
oma_e40,4,4,5,3,2,199,21.2783,1
oma_e40,4,4,5,3,3,175,23.4713,0
oma_e40,4,4,5,3,3,176,20.4019,0
oma_e40,4,4,5,3,3,177,23.5454,0
oma_e40,4,4,5,3,3,178,25.0648,0
oma_e40,4,4,5,3,3,179,15.8310,1
oma_e40,4,4,5,3,3,180,18.7195,1
oma_e40,4,4,5,3,3,181,18.9980,1
oma_e40,4,4,5,3,3,182,16.1843,1
oma_e40,4,4,5,3,3,183,14.1023,1
oma_e40,4,4,5,3,3,184,23.3287,1
oma_e40,4,4,5,3,3,185,15.7048,1
oma_e40,4,4,5,3,3,186,22.6111,0
oma_e40,4,4,5,3,3,187,22.2140,0
oma_e40,4,4,5,3,3,188,24.0358,0
oma_e40,4,4,5,3,3,189,21.0547,1
oma_e40,4,4,5,3,3,190,20.6730,0
oma_e40,4,4,5,3,3,191,20.4392,1
oma_e40,4,4,5,3,3,192,16.0687,1
oma_e40,4,4,5,3,3,193,20.2235,1
oma_e40,4,4,5,3,3,194,21.4747,0
oma_e40,4,4,5,3,3,195,21.6092,0
oma_e40,4,4,5,3,3,196,21.3412,1
oma_e40,4,4,5,3,3,197,18.2753,0
oma_e40,4,4,5,3,3,198,20.8508,1
oma_e40,4,4,5,3,3,199,22.9744,0
oma_e40,4,4,5,4,0,0,22.1827,0
oma_e40,4,4,5,4,0,1,18.6249,1
oma_e40,4,4,5,4,0,2,20.9706,1
oma_e40,4,4,5,4,0,3,14.1178,1
oma_e40,4,4,5,4,0,4,12.8988,1
oma_e40,4,4,5,4,0,5,20.2263,0
oma_e40,4,4,5,4,0,6,21.9546,1
oma_e40,4,4,5,4,0,7,17.1918,1
oma_e40,4,4,5,4,0,8,21.6567,0
oma_e40,4,4,5,4,0,9,21.6625,0
oma_e40,4,4,5,4,0,10,21.5888,0
oma_e40,4,4,5,4,0,11,18.0288,0
oma_e40,4,4,5,4,0,12,18.3111,1
oma_e40,4,4,5,4,0,13,17.6929,1
oma_e40,4,4,5,4,0,14,21.2391,1
oma_e40,4,4,5,4,0,15,14.6064,1
oma_e40,4,4,5,4,0,16,20.2199,1
oma_e40,4,4,5,4,0,17,21.7563,0
oma_e40,4,4,5,4,0,18,20.2639,0
oma_e40,4,4,5,4,0,19,17.2151,1
oma_e40,4,4,5,4,0,20,19.7995,1
oma_e40,4,4,5,4,0,21,17.7760,1
oma_e40,4,4,5,4,0,22,22.5768,1
oma_e40,4,4,5,4,0,23,17.1517,1
oma_e40,4,4,5,4,0,24,18.1152,1
oma_e40,4,4,5,4,1,0,28.0156,0
oma_e40,4,4,5,4,1,1,15.4437,1
oma_e40,4,4,5,4,1,2,22.8847,0
oma_e40,4,4,5,4,1,3,17.5842,1
oma_e40,4,4,5,4,1,4,16.8553,1
oma_e40,4,4,5,4,1,5,17.3883,1
oma_e40,4,4,5,4,1,6,19.2081,0
oma_e40,4,4,5,4,1,7,19.3990,0
oma_e40,4,4,5,4,1,8,23.2462,0
oma_e40,4,4,5,4,1,9,19.3293,0
oma_e40,4,4,5,4,1,10,18.8007,1
oma_e40,4,4,5,4,1,11,21.6470,1
oma_e40,4,4,5,4,1,12,20.0480,0
oma_e40,4,4,5,4,1,13,19.1314,1
oma_e40,4,4,5,4,1,14,22.8498,1
oma_e40,4,4,5,4,1,15,14.3542,1
oma_e40,4,4,5,4,1,16,17.6363,1
oma_e40,4,4,5,4,1,17,22.0336,1
oma_e40,4,4,5,4,1,18,20.6134,1
oma_e40,4,4,5,4,1,19,18.7420,1
oma_e40,4,4,5,4,1,20,24.8283,0
oma_e40,4,4,5,4,1,21,22.3377,0
oma_e40,4,4,5,4,1,22,18.9908,1
oma_e40,4,4,5,4,1,23,15.3199,1
oma_e40,4,4,5,4,1,24,17.6761,0
oma_e40,4,4,5,4,2,0,21.9937,1
oma_e40,4,4,5,4,2,1,16.3517,1
oma_e40,4,4,5,4,2,2,22.1004,1
oma_e40,4,4,5,4,2,3,15.0953,1
oma_e40,4,4,5,4,2,4,16.5538,0
oma_e40,4,4,5,4,2,5,19.3009,1
oma_e40,4,4,5,4,2,6,19.4940,0
oma_e40,4,4,5,4,2,7,19.6612,0
oma_e40,4,4,5,4,2,8,18.6399,1
oma_e40,4,4,5,4,2,9,21.5697,0
oma_e40,4,4,5,4,2,10,21.0588,0
oma_e40,4,4,5,4,2,11,23.6880,1
oma_e40,4,4,5,4,2,12,19.4562,0
oma_e40,4,4,5,4,2,13,18.1361,1
oma_e40,4,4,5,4,2,14,24.1918,1
oma_e40,4,4,5,4,2,15,17.0828,1
oma_e40,4,4,5,4,2,16,18.6420,0
oma_e40,4,4,5,4,2,17,21.3665,1
oma_e40,4,4,5,4,2,18,18.0067,1
oma_e40,4,4,5,4,2,19,17.7194,1
oma_e40,4,4,5,4,2,20,18.6812,1
oma_e40,4,4,5,4,2,21,20.5144,0
oma_e40,4,4,5,4,2,22,20.1040,0
oma_e40,4,4,5,4,2,23,19.1574,0
oma_e40,4,4,5,4,2,24,21.1939,1
oma_e40,4,4,5,4,3,0,23.1285,1
oma_e40,4,4,5,4,3,1,14.9152,1
oma_e40,4,4,5,4,3,2,20.8748,0
oma_e40,4,4,5,4,3,3,15.2304,1
oma_e40,4,4,5,4,3,4,14.7432,1
oma_e40,4,4,5,4,3,5,17.3646,1
oma_e40,4,4,5,4,3,6,18.1467,0
oma_e40,4,4,5,4,3,7,20.2075,1
oma_e40,4,4,5,4,3,8,23.8568,0
oma_e40,4,4,5,4,3,9,25.5476,0
oma_e40,4,4,5,4,3,10,22.5747,0
oma_e40,4,4,5,4,3,11,20.7634,1
oma_e40,4,4,5,4,3,12,17.7419,0
oma_e40,4,4,5,4,3,13,17.2121,1
oma_e40,4,4,5,4,3,14,19.4095,0
oma_e40,4,4,5,4,3,15,14.7658,1
oma_e40,4,4,5,4,3,16,19.2536,1
oma_e40,4,4,5,4,3,17,21.7781,1
oma_e40,4,4,5,4,3,18,24.0280,0
oma_e40,4,4,5,4,3,19,14.9572,0
oma_e40,4,4,5,4,3,20,23.4286,1
oma_e40,4,4,5,4,3,21,27.4522,0
oma_e40,4,4,5,4,3,22,21.0077,1
oma_e40,4,4,5,4,3,23,17.4337,0
oma_e40,4,4,5,4,3,24,20.3416,1
oma_e40,4,4,5,4,0,25,17.0724,1
oma_e40,4,4,5,4,0,26,18.8311,0
oma_e40,4,4,5,4,0,27,21.2543,1
oma_e40,4,4,5,4,0,28,19.7608,0
oma_e40,4,4,5,4,0,29,17.2683,1
oma_e40,4,4,5,4,0,30,16.5322,1
oma_e40,4,4,5,4,0,31,19.2224,1
oma_e40,4,4,5,4,0,32,21.2325,1
oma_e40,4,4,5,4,0,33,20.6989,1
oma_e40,4,4,5,4,0,34,17.6149,1
oma_e40,4,4,5,4,0,35,19.7082,1
oma_e40,4,4,5,4,0,36,20.5466,0
oma_e40,4,4,5,4,0,37,19.3618,0
oma_e40,4,4,5,4,0,38,17.2948,1
oma_e40,4,4,5,4,0,39,14.8962,1
oma_e40,4,4,5,4,0,40,21.1603,1
oma_e40,4,4,5,4,0,41,20.8226,1
oma_e40,4,4,5,4,0,42,16.0114,1
oma_e40,4,4,5,4,0,43,16.4064,1
oma_e40,4,4,5,4,0,44,17.9242,1
oma_e40,4,4,5,4,0,45,15.5075,1
oma_e40,4,4,5,4,0,46,19.6030,1
oma_e40,4,4,5,4,0,47,20.7571,1
oma_e40,4,4,5,4,0,48,22.0681,1
oma_e40,4,4,5,4,0,49,24.6355,0
oma_e40,4,4,5,4,1,25,19.7497,0
oma_e40,4,4,5,4,1,26,17.8938,1
oma_e40,4,4,5,4,1,27,19.2537,1
oma_e40,4,4,5,4,1,28,18.5432,0
oma_e40,4,4,5,4,1,29,18.5199,1
oma_e40,4,4,5,4,1,30,17.3973,0
oma_e40,4,4,5,4,1,31,19.0589,1
oma_e40,4,4,5,4,1,32,25.1809,0
oma_e40,4,4,5,4,1,33,23.1213,0
oma_e40,4,4,5,4,1,34,18.5464,1
oma_e40,4,4,5,4,1,35,20.9297,1
oma_e40,4,4,5,4,1,36,22.4096,0
oma_e40,4,4,5,4,1,37,16.9392,1
oma_e40,4,4,5,4,1,38,14.3134,1
oma_e40,4,4,5,4,1,39,14.3947,1
oma_e40,4,4,5,4,1,40,20.3245,1
oma_e40,4,4,5,4,1,41,24.4815,1
oma_e40,4,4,5,4,1,42,19.4750,1
oma_e40,4,4,5,4,1,43,16.6628,1
oma_e40,4,4,5,4,1,44,13.7297,1
oma_e40,4,4,5,4,1,45,15.2035,1
oma_e40,4,4,5,4,1,46,20.8490,1
oma_e40,4,4,5,4,1,47,17.8324,0
oma_e40,4,4,5,4,1,48,24.4471,0
oma_e40,4,4,5,4,1,49,21.0919,0
oma_e40,4,4,5,4,2,25,20.6125,1
oma_e40,4,4,5,4,2,26,18.8689,1
oma_e40,4,4,5,4,2,27,23.9482,1
oma_e40,4,4,5,4,2,28,19.8161,1
oma_e40,4,4,5,4,2,29,16.7928,1
oma_e40,4,4,5,4,2,30,13.2116,1
oma_e40,4,4,5,4,2,31,23.8815,0
oma_e40,4,4,5,4,2,32,17.9920,0
oma_e40,4,4,5,4,2,33,18.8440,1
oma_e40,4,4,5,4,2,34,20.3889,0
oma_e40,4,4,5,4,2,35,20.7262,0
oma_e40,4,4,5,4,2,36,19.8481,0
oma_e40,4,4,5,4,2,37,14.8755,1
oma_e40,4,4,5,4,2,38,14.8415,1
oma_e40,4,4,5,4,2,39,14.8683,1
oma_e40,4,4,5,4,2,40,20.6231,1
oma_e40,4,4,5,4,2,41,21.8575,1
oma_e40,4,4,5,4,2,42,13.9347,1
oma_e40,4,4,5,4,2,43,17.7310,1
oma_e40,4,4,5,4,2,44,14.8995,1
oma_e40,4,4,5,4,2,45,17.7290,0
oma_e40,4,4,5,4,2,46,20.4631,0
oma_e40,4,4,5,4,2,47,22.3357,1
oma_e40,4,4,5,4,2,48,25.5418,0
oma_e40,4,4,5,4,2,49,20.4321,0
oma_e40,4,4,5,4,3,25,22.1347,0
oma_e40,4,4,5,4,3,26,17.9597,0
oma_e40,4,4,5,4,3,27,19.5404,1
oma_e40,4,4,5,4,3,28,19.5673,1
oma_e40,4,4,5,4,3,29,18.2297,1
oma_e40,4,4,5,4,3,30,17.5438,1
oma_e40,4,4,5,4,3,31,18.6630,0
oma_e40,4,4,5,4,3,32,25.0163,0
oma_e40,4,4,5,4,3,33,25.5026,0
oma_e40,4,4,5,4,3,34,18.7724,1
oma_e40,4,4,5,4,3,35,21.7226,0
oma_e40,4,4,5,4,3,36,20.2289,0
oma_e40,4,4,5,4,3,37,16.7396,1
oma_e40,4,4,5,4,3,38,17.1118,1
oma_e40,4,4,5,4,3,39,14.4018,0
oma_e40,4,4,5,4,3,40,20.5254,1
oma_e40,4,4,5,4,3,41,20.5976,1
oma_e40,4,4,5,4,3,42,14.9391,1
oma_e40,4,4,5,4,3,43,16.4497,1
oma_e40,4,4,5,4,3,44,15.7279,1
oma_e40,4,4,5,4,3,45,17.8574,1
oma_e40,4,4,5,4,3,46,21.7067,1
oma_e40,4,4,5,4,3,47,20.1509,0
oma_e40,4,4,5,4,3,48,23.5053,0
oma_e40,4,4,5,4,3,49,21.2379,0
oma_e40,4,4,5,4,0,50,19.1080,1
oma_e40,4,4,5,4,0,51,23.3591,0
oma_e40,4,4,5,4,0,52,14.2083,1
oma_e40,4,4,5,4,0,53,23.4821,0
oma_e40,4,4,5,4,0,54,15.6454,1
oma_e40,4,4,5,4,0,55,16.4339,0
oma_e40,4,4,5,4,0,56,20.0462,0
oma_e40,4,4,5,4,0,57,13.6186,1
oma_e40,4,4,5,4,0,58,23.6117,0
oma_e40,4,4,5,4,0,59,23.3185,1
oma_e40,4,4,5,4,0,60,21.2530,0
oma_e40,4,4,5,4,0,61,20.7257,0
oma_e40,4,4,5,4,0,62,21.7228,0
oma_e40,4,4,5,4,0,63,23.1650,0
oma_e40,4,4,5,4,0,64,24.3697,0
oma_e40,4,4,5,4,0,65,17.8730,0
oma_e40,4,4,5,4,0,66,20.5223,0
oma_e40,4,4,5,4,0,67,25.8342,0
oma_e40,4,4,5,4,0,68,15.2897,1
oma_e40,4,4,5,4,0,69,19.5426,1
oma_e40,4,4,5,4,0,70,24.0628,1
oma_e40,4,4,5,4,0,71,16.4678,1
oma_e40,4,4,5,4,0,72,16.2800,1
oma_e40,4,4,5,4,0,73,18.2982,1
oma_e40,4,4,5,4,0,74,21.1113,0
oma_e40,4,4,5,4,1,50,19.0832,1
oma_e40,4,4,5,4,1,51,22.5633,0
oma_e40,4,4,5,4,1,52,13.8257,1
oma_e40,4,4,5,4,1,53,22.6818,1
oma_e40,4,4,5,4,1,54,13.2345,0
oma_e40,4,4,5,4,1,55,23.1703,1
oma_e40,4,4,5,4,1,56,25.3677,0
oma_e40,4,4,5,4,1,57,13.2303,1
oma_e40,4,4,5,4,1,58,25.0709,0
oma_e40,4,4,5,4,1,59,18.4295,1
oma_e40,4,4,5,4,1,60,20.6773,1
oma_e40,4,4,5,4,1,61,20.0378,0
oma_e40,4,4,5,4,1,62,23.6731,1
oma_e40,4,4,5,4,1,63,30.3794,1
oma_e40,4,4,5,4,1,64,22.9395,0
oma_e40,4,4,5,4,1,65,21.2308,1
oma_e40,4,4,5,4,1,66,21.3216,0
oma_e40,4,4,5,4,1,67,21.4704,0
oma_e40,4,4,5,4,1,68,14.7711,1
oma_e40,4,4,5,4,1,69,20.9715,1
oma_e40,4,4,5,4,1,70,20.7514,1
oma_e40,4,4,5,4,1,71,17.5525,1
oma_e40,4,4,5,4,1,72,16.4150,1
oma_e40,4,4,5,4,1,73,15.7655,1
oma_e40,4,4,5,4,1,74,22.2444,0
oma_e40,4,4,5,4,2,50,18.0355,0
oma_e40,4,4,5,4,2,51,23.7437,0
oma_e40,4,4,5,4,2,52,16.7057,1
oma_e40,4,4,5,4,2,53,21.7351,0
oma_e40,4,4,5,4,2,54,15.1937,1
oma_e40,4,4,5,4,2,55,26.2911,0
oma_e40,4,4,5,4,2,56,27.0614,0
oma_e40,4,4,5,4,2,57,14.5458,1
oma_e40,4,4,5,4,2,58,21.2912,0
oma_e40,4,4,5,4,2,59,19.9548,1
oma_e40,4,4,5,4,2,60,17.8862,1
oma_e40,4,4,5,4,2,61,20.3892,0
oma_e40,4,4,5,4,2,62,20.8084,0
oma_e40,4,4,5,4,2,63,22.5863,0
oma_e40,4,4,5,4,2,64,18.9351,0
oma_e40,4,4,5,4,2,65,21.5312,0
oma_e40,4,4,5,4,2,66,20.4983,0
oma_e40,4,4,5,4,2,67,22.0520,0
oma_e40,4,4,5,4,2,68,13.2548,1
oma_e40,4,4,5,4,2,69,21.6922,1
oma_e40,4,4,5,4,2,70,20.5667,0
oma_e40,4,4,5,4,2,71,16.9943,1
oma_e40,4,4,5,4,2,72,16.9235,1
oma_e40,4,4,5,4,2,73,14.4720,1
oma_e40,4,4,5,4,2,74,19.1998,1
oma_e40,4,4,5,4,3,50,18.1640,1
oma_e40,4,4,5,4,3,51,26.0167,0
oma_e40,4,4,5,4,3,52,15.4881,1
oma_e40,4,4,5,4,3,53,20.8408,0
oma_e40,4,4,5,4,3,54,18.1664,1
oma_e40,4,4,5,4,3,55,22.5480,0
oma_e40,4,4,5,4,3,56,29.1854,0
oma_e40,4,4,5,4,3,57,13.6309,1
oma_e40,4,4,5,4,3,58,22.8966,0
oma_e40,4,4,5,4,3,59,22.1792,0
oma_e40,4,4,5,4,3,60,20.6518,1
oma_e40,4,4,5,4,3,61,21.3524,1
oma_e40,4,4,5,4,3,62,20.9739,1
oma_e40,4,4,5,4,3,63,25.3064,0
oma_e40,4,4,5,4,3,64,24.1496,0
oma_e40,4,4,5,4,3,65,23.0556,1
oma_e40,4,4,5,4,3,66,21.6845,0
oma_e40,4,4,5,4,3,67,20.4865,0
oma_e40,4,4,5,4,3,68,15.7469,0
oma_e40,4,4,5,4,3,69,21.3740,1
oma_e40,4,4,5,4,3,70,23.7979,0
oma_e40,4,4,5,4,3,71,16.1815,1
oma_e40,4,4,5,4,3,72,14.4172,1
oma_e40,4,4,5,4,3,73,17.9420,1
oma_e40,4,4,5,4,3,74,21.5498,0
oma_e40,4,4,5,4,0,75,19.2524,0
oma_e40,4,4,5,4,0,76,24.7248,0
oma_e40,4,4,5,4,0,77,18.5664,0
oma_e40,4,4,5,4,0,78,19.7101,1
oma_e40,4,4,5,4,0,79,24.9862,0
oma_e40,4,4,5,4,0,80,20.1353,0
oma_e40,4,4,5,4,0,81,18.4017,0
oma_e40,4,4,5,4,0,82,19.2502,1
oma_e40,4,4,5,4,0,83,17.2525,1
oma_e40,4,4,5,4,0,84,15.9485,1
oma_e40,4,4,5,4,0,85,20.7428,1
oma_e40,4,4,5,4,0,86,20.2214,1
oma_e40,4,4,5,4,0,87,19.5105,1
oma_e40,4,4,5,4,0,88,21.1212,1
oma_e40,4,4,5,4,0,89,22.2418,0
oma_e40,4,4,5,4,0,90,17.7600,0
oma_e40,4,4,5,4,0,91,15.7537,1
oma_e40,4,4,5,4,0,92,21.6699,1
oma_e40,4,4,5,4,0,93,22.2264,1
oma_e40,4,4,5,4,0,94,19.6504,1
oma_e40,4,4,5,4,0,95,18.9224,1
oma_e40,4,4,5,4,0,96,24.1842,0
oma_e40,4,4,5,4,0,97,21.1133,1
oma_e40,4,4,5,4,0,98,16.0321,1
oma_e40,4,4,5,4,0,99,24.6358,0
oma_e40,4,4,5,4,1,75,20.3230,0
oma_e40,4,4,5,4,1,76,23.0871,0
oma_e40,4,4,5,4,1,77,21.0774,1
oma_e40,4,4,5,4,1,78,18.8467,1
oma_e40,4,4,5,4,1,79,21.1127,1
oma_e40,4,4,5,4,1,80,19.6488,1
oma_e40,4,4,5,4,1,81,22.6884,1
oma_e40,4,4,5,4,1,82,23.1354,0
oma_e40,4,4,5,4,1,83,19.9999,1
oma_e40,4,4,5,4,1,84,16.5355,1
oma_e40,4,4,5,4,1,85,24.5479,1
oma_e40,4,4,5,4,1,86,22.8055,0
oma_e40,4,4,5,4,1,87,23.0082,1
oma_e40,4,4,5,4,1,88,20.8405,1
oma_e40,4,4,5,4,1,89,22.9855,0
oma_e40,4,4,5,4,1,90,16.1625,1
oma_e40,4,4,5,4,1,91,16.6858,1
oma_e40,4,4,5,4,1,92,21.6255,0
oma_e40,4,4,5,4,1,93,22.4764,0
oma_e40,4,4,5,4,1,94,20.8128,0
oma_e40,4,4,5,4,1,95,18.5501,0
oma_e40,4,4,5,4,1,96,22.3279,0
oma_e40,4,4,5,4,1,97,23.3988,0
oma_e40,4,4,5,4,1,98,14.6467,1
oma_e40,4,4,5,4,1,99,23.2269,0
oma_e40,4,4,5,4,2,75,17.6225,1
oma_e40,4,4,5,4,2,76,23.0156,1
oma_e40,4,4,5,4,2,77,19.3188,0
oma_e40,4,4,5,4,2,78,20.3939,1
oma_e40,4,4,5,4,2,79,18.2541,0
oma_e40,4,4,5,4,2,80,22.0190,0
oma_e40,4,4,5,4,2,81,20.1595,1
oma_e40,4,4,5,4,2,82,19.3673,0
oma_e40,4,4,5,4,2,83,19.6493,0
oma_e40,4,4,5,4,2,84,18.2184,1
oma_e40,4,4,5,4,2,85,20.1306,0
oma_e40,4,4,5,4,2,86,22.0702,0
oma_e40,4,4,5,4,2,87,22.5783,0
oma_e40,4,4,5,4,2,88,23.5333,0
oma_e40,4,4,5,4,2,89,22.0229,0
oma_e40,4,4,5,4,2,90,18.5087,1
oma_e40,4,4,5,4,2,91,16.4032,1
oma_e40,4,4,5,4,2,92,20.7563,1
oma_e40,4,4,5,4,2,93,22.6723,1
oma_e40,4,4,5,4,2,94,17.9707,0
oma_e40,4,4,5,4,2,95,22.3886,0
oma_e40,4,4,5,4,2,96,22.7076,1
oma_e40,4,4,5,4,2,97,21.5359,0
oma_e40,4,4,5,4,2,98,16.7087,1
oma_e40,4,4,5,4,2,99,20.5209,1
oma_e40,4,4,5,4,3,75,24.4394,0
oma_e40,4,4,5,4,3,76,24.8349,1
oma_e40,4,4,5,4,3,77,19.5101,1
oma_e40,4,4,5,4,3,78,18.9790,1
oma_e40,4,4,5,4,3,79,21.9840,0
oma_e40,4,4,5,4,3,80,23.5740,0
oma_e40,4,4,5,4,3,81,19.6931,0
oma_e40,4,4,5,4,3,82,20.7902,0
oma_e40,4,4,5,4,3,83,21.4841,1
oma_e40,4,4,5,4,3,84,18.7913,1
oma_e40,4,4,5,4,3,85,21.4357,0
oma_e40,4,4,5,4,3,86,20.0871,1
oma_e40,4,4,5,4,3,87,17.2515,1
oma_e40,4,4,5,4,3,88,22.2802,0
oma_e40,4,4,5,4,3,89,24.6505,0
oma_e40,4,4,5,4,3,90,15.7909,1
oma_e40,4,4,5,4,3,91,17.3519,1
oma_e40,4,4,5,4,3,92,20.7705,1
oma_e40,4,4,5,4,3,93,22.5503,0
oma_e40,4,4,5,4,3,94,22.0576,1
oma_e40,4,4,5,4,3,95,17.0938,1
oma_e40,4,4,5,4,3,96,22.4801,0
oma_e40,4,4,5,4,3,97,20.7414,0
oma_e40,4,4,5,4,3,98,15.8993,1
oma_e40,4,4,5,4,3,99,26.4048,1
oma_e40,4,4,5,4,0,100,19.0187,0
oma_e40,4,4,5,4,0,101,24.3298,0
oma_e40,4,4,5,4,0,102,23.6641,0
oma_e40,4,4,5,4,0,103,15.2397,1
oma_e40,4,4,5,4,0,104,19.9009,1
oma_e40,4,4,5,4,0,105,20.8779,0
oma_e40,4,4,5,4,0,106,20.7016,1
oma_e40,4,4,5,4,0,107,14.2400,1
oma_e40,4,4,5,4,0,108,16.9377,0
oma_e40,4,4,5,4,0,109,19.2049,1
oma_e40,4,4,5,4,0,110,20.0568,0
oma_e40,4,4,5,4,0,111,22.0508,1
oma_e40,4,4,5,4,0,112,19.3918,1
oma_e40,4,4,5,4,0,113,22.9666,0
oma_e40,4,4,5,4,0,114,22.9731,0
oma_e40,4,4,5,4,0,115,22.0262,0
oma_e40,4,4,5,4,0,116,23.1254,0
oma_e40,4,4,5,4,0,117,19.3082,1
oma_e40,4,4,5,4,0,118,23.7054,1
oma_e40,4,4,5,4,0,119,10.0267,1
oma_e40,4,4,5,4,0,120,15.1959,1
oma_e40,4,4,5,4,0,121,24.4911,0
oma_e40,4,4,5,4,0,122,16.8382,0
oma_e40,4,4,5,4,0,123,19.4415,0
oma_e40,4,4,5,4,0,124,19.0914,0
oma_e40,4,4,5,4,1,100,22.3679,0
oma_e40,4,4,5,4,1,101,20.7124,1
oma_e40,4,4,5,4,1,102,21.1144,1
oma_e40,4,4,5,4,1,103,18.1839,1
oma_e40,4,4,5,4,1,104,19.0380,1
oma_e40,4,4,5,4,1,105,25.8283,0
oma_e40,4,4,5,4,1,106,21.3544,1
oma_e40,4,4,5,4,1,107,16.6185,1
oma_e40,4,4,5,4,1,108,15.4985,1
oma_e40,4,4,5,4,1,109,19.3820,0
oma_e40,4,4,5,4,1,110,20.8234,0
oma_e40,4,4,5,4,1,111,22.0795,1
oma_e40,4,4,5,4,1,112,20.1707,1
oma_e40,4,4,5,4,1,113,22.4225,0
oma_e40,4,4,5,4,1,114,21.5641,1
oma_e40,4,4,5,4,1,115,21.2396,1
oma_e40,4,4,5,4,1,116,19.8419,0
oma_e40,4,4,5,4,1,117,19.7318,1
oma_e40,4,4,5,4,1,118,25.5679,1
oma_e40,4,4,5,4,1,119,10.8694,1
oma_e40,4,4,5,4,1,120,15.8301,1
oma_e40,4,4,5,4,1,121,24.7652,0
oma_e40,4,4,5,4,1,122,18.0345,1
oma_e40,4,4,5,4,1,123,25.1983,0
oma_e40,4,4,5,4,1,124,21.8253,0
oma_e40,4,4,5,4,2,100,24.8874,0
oma_e40,4,4,5,4,2,101,22.9210,0
oma_e40,4,4,5,4,2,102,21.8925,1
oma_e40,4,4,5,4,2,103,14.4965,1
oma_e40,4,4,5,4,2,104,21.9713,1
oma_e40,4,4,5,4,2,105,19.2086,1
oma_e40,4,4,5,4,2,106,22.7504,0
oma_e40,4,4,5,4,2,107,14.0837,1
oma_e40,4,4,5,4,2,108,15.0261,1
oma_e40,4,4,5,4,2,109,19.8404,1
oma_e40,4,4,5,4,2,110,23.4539,0
oma_e40,4,4,5,4,2,111,21.6240,1
oma_e40,4,4,5,4,2,112,20.5328,1
oma_e40,4,4,5,4,2,113,22.2869,1
oma_e40,4,4,5,4,2,114,23.9753,1
oma_e40,4,4,5,4,2,115,20.4965,0
oma_e40,4,4,5,4,2,116,21.3032,0
oma_e40,4,4,5,4,2,117,19.3052,1
oma_e40,4,4,5,4,2,118,21.2533,0
oma_e40,4,4,5,4,2,119,10.6353,1
oma_e40,4,4,5,4,2,120,14.6801,0
oma_e40,4,4,5,4,2,121,20.3484,0
oma_e40,4,4,5,4,2,122,19.2345,1
oma_e40,4,4,5,4,2,123,27.4176,0
oma_e40,4,4,5,4,2,124,21.2957,1
oma_e40,4,4,5,4,3,100,23.1172,0
oma_e40,4,4,5,4,3,101,21.5945,1
oma_e40,4,4,5,4,3,102,22.7152,0
oma_e40,4,4,5,4,3,103,15.7809,1
oma_e40,4,4,5,4,3,104,22.0638,0
oma_e40,4,4,5,4,3,105,20.0484,0
oma_e40,4,4,5,4,3,106,23.2823,0
oma_e40,4,4,5,4,3,107,14.3490,1
oma_e40,4,4,5,4,3,108,14.6874,1
oma_e40,4,4,5,4,3,109,17.3929,1
oma_e40,4,4,5,4,3,110,23.4272,0
oma_e40,4,4,5,4,3,111,21.7955,1
oma_e40,4,4,5,4,3,112,20.3368,1
oma_e40,4,4,5,4,3,113,20.3435,1
oma_e40,4,4,5,4,3,114,20.3560,1
oma_e40,4,4,5,4,3,115,20.3184,1
oma_e40,4,4,5,4,3,116,25.7431,0
oma_e40,4,4,5,4,3,117,18.5312,0
oma_e40,4,4,5,4,3,118,23.8487,0
oma_e40,4,4,5,4,3,119,10.9868,1
oma_e40,4,4,5,4,3,120,13.8442,1
oma_e40,4,4,5,4,3,121,20.7423,0
oma_e40,4,4,5,4,3,122,23.4067,1
oma_e40,4,4,5,4,3,123,24.2369,0
oma_e40,4,4,5,4,3,124,19.6702,0
oma_e40,4,4,5,4,0,125,20.4606,0
oma_e40,4,4,5,4,0,126,21.4398,0
oma_e40,4,4,5,4,0,127,17.1621,1
oma_e40,4,4,5,4,0,128,20.7630,0
oma_e40,4,4,5,4,0,129,17.3054,0
oma_e40,4,4,5,4,0,130,26.3620,0
oma_e40,4,4,5,4,0,131,14.7799,1
oma_e40,4,4,5,4,0,132,21.4650,0
oma_e40,4,4,5,4,0,133,18.6909,1
oma_e40,4,4,5,4,0,134,18.2300,1
oma_e40,4,4,5,4,0,135,22.3285,1
oma_e40,4,4,5,4,0,136,22.9155,0
oma_e40,4,4,5,4,0,137,20.1579,1
oma_e40,4,4,5,4,0,138,20.7353,0
oma_e40,4,4,5,4,0,139,22.5481,1
oma_e40,4,4,5,4,0,140,19.0235,0
oma_e40,4,4,5,4,0,141,16.1963,1
oma_e40,4,4,5,4,0,142,22.9290,1
oma_e40,4,4,5,4,0,143,22.2731,0
oma_e40,4,4,5,4,0,144,18.8507,1
oma_e40,4,4,5,4,0,145,20.6349,1
oma_e40,4,4,5,4,0,146,23.9746,0
oma_e40,4,4,5,4,0,147,22.1148,0
oma_e40,4,4,5,4,0,148,18.1283,0
oma_e40,4,4,5,4,0,149,21.5997,1
oma_e40,4,4,5,4,1,125,24.8934,0
oma_e40,4,4,5,4,1,126,19.7921,1
oma_e40,4,4,5,4,1,127,18.5236,0
oma_e40,4,4,5,4,1,128,22.0031,1
oma_e40,4,4,5,4,1,129,18.7876,1
oma_e40,4,4,5,4,1,130,17.9497,1
oma_e40,4,4,5,4,1,131,14.4086,1
oma_e40,4,4,5,4,1,132,19.7512,0
oma_e40,4,4,5,4,1,133,19.1719,1
oma_e40,4,4,5,4,1,134,17.6758,1
oma_e40,4,4,5,4,1,135,23.5641,0
oma_e40,4,4,5,4,1,136,22.4821,0
oma_e40,4,4,5,4,1,137,21.4874,1
oma_e40,4,4,5,4,1,138,20.9545,0
oma_e40,4,4,5,4,1,139,21.8975,0
oma_e40,4,4,5,4,1,140,23.1585,1
oma_e40,4,4,5,4,1,141,15.7835,1
oma_e40,4,4,5,4,1,142,19.0321,0
oma_e40,4,4,5,4,1,143,18.8431,1
oma_e40,4,4,5,4,1,144,20.2698,1
oma_e40,4,4,5,4,1,145,19.4022,0
oma_e40,4,4,5,4,1,146,24.1858,0
oma_e40,4,4,5,4,1,147,24.4990,0
oma_e40,4,4,5,4,1,148,18.6702,1
oma_e40,4,4,5,4,1,149,19.9112,0
oma_e40,4,4,5,4,2,125,22.8751,0
oma_e40,4,4,5,4,2,126,19.8061,1
oma_e40,4,4,5,4,2,127,16.5375,1
oma_e40,4,4,5,4,2,128,20.0712,1
oma_e40,4,4,5,4,2,129,18.7880,0
oma_e40,4,4,5,4,2,130,21.6800,1
oma_e40,4,4,5,4,2,131,17.8468,0
oma_e40,4,4,5,4,2,132,23.1774,1
oma_e40,4,4,5,4,2,133,16.3173,0
oma_e40,4,4,5,4,2,134,16.9920,1
oma_e40,4,4,5,4,2,135,24.2742,0
oma_e40,4,4,5,4,2,136,20.9265,0
oma_e40,4,4,5,4,2,137,20.6432,0
oma_e40,4,4,5,4,2,138,23.0626,1
oma_e40,4,4,5,4,2,139,22.3451,1
oma_e40,4,4,5,4,2,140,23.1104,0
oma_e40,4,4,5,4,2,141,18.2996,1
oma_e40,4,4,5,4,2,142,20.1733,1
oma_e40,4,4,5,4,2,143,21.5705,1
oma_e40,4,4,5,4,2,144,18.4537,1
oma_e40,4,4,5,4,2,145,18.4134,1
oma_e40,4,4,5,4,2,146,20.5519,0
oma_e40,4,4,5,4,2,147,20.1500,0
oma_e40,4,4,5,4,2,148,18.8844,1
oma_e40,4,4,5,4,2,149,18.0457,1
oma_e40,4,4,5,4,3,125,24.8862,0
oma_e40,4,4,5,4,3,126,18.6942,0
oma_e40,4,4,5,4,3,127,16.9274,0
oma_e40,4,4,5,4,3,128,25.0530,1
oma_e40,4,4,5,4,3,129,18.7442,1
oma_e40,4,4,5,4,3,130,24.4376,1
oma_e40,4,4,5,4,3,131,17.5740,1
oma_e40,4,4,5,4,3,132,22.3798,1
oma_e40,4,4,5,4,3,133,16.1742,1
oma_e40,4,4,5,4,3,134,16.3738,1
oma_e40,4,4,5,4,3,135,21.3631,0
oma_e40,4,4,5,4,3,136,19.7766,1
oma_e40,4,4,5,4,3,137,18.0857,0
oma_e40,4,4,5,4,3,138,20.5519,0
oma_e40,4,4,5,4,3,139,21.4160,0
oma_e40,4,4,5,4,3,140,20.1952,1
oma_e40,4,4,5,4,3,141,17.6929,0
oma_e40,4,4,5,4,3,142,19.7698,1
oma_e40,4,4,5,4,3,143,23.3053,0
oma_e40,4,4,5,4,3,144,19.8867,1
oma_e40,4,4,5,4,3,145,19.7725,0
oma_e40,4,4,5,4,3,146,18.4969,1
oma_e40,4,4,5,4,3,147,18.7506,0
oma_e40,4,4,5,4,3,148,18.1282,1
oma_e40,4,4,5,4,3,149,18.6218,0
oma_e40,4,4,5,4,0,150,19.8492,0
oma_e40,4,4,5,4,0,151,18.7830,1
oma_e40,4,4,5,4,0,152,22.3925,0
oma_e40,4,4,5,4,0,153,22.3240,0
oma_e40,4,4,5,4,0,154,17.7601,0
oma_e40,4,4,5,4,0,155,22.8269,1
oma_e40,4,4,5,4,0,156,23.6741,0
oma_e40,4,4,5,4,0,157,20.9297,0
oma_e40,4,4,5,4,0,158,24.8563,0
oma_e40,4,4,5,4,0,159,19.1369,0
oma_e40,4,4,5,4,0,160,19.1118,0
oma_e40,4,4,5,4,0,161,21.1976,1
oma_e40,4,4,5,4,0,162,22.4012,0
oma_e40,4,4,5,4,0,163,21.6501,0
oma_e40,4,4,5,4,0,164,17.2150,0
oma_e40,4,4,5,4,0,165,15.2142,1
oma_e40,4,4,5,4,0,166,24.4076,0
oma_e40,4,4,5,4,0,167,22.3502,1
oma_e40,4,4,5,4,0,168,22.8465,0
oma_e40,4,4,5,4,0,169,23.7622,0
oma_e40,4,4,5,4,0,170,17.3519,1
oma_e40,4,4,5,4,0,171,23.0603,0
oma_e40,4,4,5,4,0,172,13.7869,1
oma_e40,4,4,5,4,0,173,22.6309,1
oma_e40,4,4,5,4,0,174,16.6234,1
oma_e40,4,4,5,4,1,150,20.1016,1
oma_e40,4,4,5,4,1,151,22.2713,0
oma_e40,4,4,5,4,1,152,21.1865,0
oma_e40,4,4,5,4,1,153,25.8071,0
oma_e40,4,4,5,4,1,154,18.6097,1
oma_e40,4,4,5,4,1,155,25.0441,1
oma_e40,4,4,5,4,1,156,22.0869,0
oma_e40,4,4,5,4,1,157,18.0120,1
oma_e40,4,4,5,4,1,158,19.6715,1
oma_e40,4,4,5,4,1,159,22.5295,1
oma_e40,4,4,5,4,1,160,19.9415,1
oma_e40,4,4,5,4,1,161,20.9902,1
oma_e40,4,4,5,4,1,162,22.3484,1
oma_e40,4,4,5,4,1,163,18.4623,0
oma_e40,4,4,5,4,1,164,17.0390,1
oma_e40,4,4,5,4,1,165,13.6288,1
oma_e40,4,4,5,4,1,166,24.6948,0
oma_e40,4,4,5,4,1,167,23.0921,0
oma_e40,4,4,5,4,1,168,23.0894,0
oma_e40,4,4,5,4,1,169,22.0461,0
oma_e40,4,4,5,4,1,170,19.6198,1
oma_e40,4,4,5,4,1,171,20.9309,0
oma_e40,4,4,5,4,1,172,15.1014,0
oma_e40,4,4,5,4,1,173,20.0707,0
oma_e40,4,4,5,4,1,174,22.1510,0
oma_e40,4,4,5,4,2,150,23.2643,0
oma_e40,4,4,5,4,2,151,15.5115,1
oma_e40,4,4,5,4,2,152,26.1749,0
oma_e40,4,4,5,4,2,153,24.1357,0
oma_e40,4,4,5,4,2,154,29.5708,1
oma_e40,4,4,5,4,2,155,23.5140,0
oma_e40,4,4,5,4,2,156,22.3048,1
oma_e40,4,4,5,4,2,157,18.9005,1
oma_e40,4,4,5,4,2,158,26.3263,0
oma_e40,4,4,5,4,2,159,22.5112,0
oma_e40,4,4,5,4,2,160,19.2380,0
oma_e40,4,4,5,4,2,161,19.1855,0
oma_e40,4,4,5,4,2,162,19.2197,0
oma_e40,4,4,5,4,2,163,22.6249,1
oma_e40,4,4,5,4,2,164,19.1629,1
oma_e40,4,4,5,4,2,165,16.9557,1
oma_e40,4,4,5,4,2,166,20.4730,0
oma_e40,4,4,5,4,2,167,24.3585,1
oma_e40,4,4,5,4,2,168,23.1067,0
oma_e40,4,4,5,4,2,169,20.5101,0
oma_e40,4,4,5,4,2,170,19.6273,0
oma_e40,4,4,5,4,2,171,24.3096,0
oma_e40,4,4,5,4,2,172,14.6013,1
oma_e40,4,4,5,4,2,173,18.1870,1
oma_e40,4,4,5,4,2,174,17.0015,0
oma_e40,4,4,5,4,3,150,21.0049,1
oma_e40,4,4,5,4,3,151,18.5401,1
oma_e40,4,4,5,4,3,152,25.0834,0
oma_e40,4,4,5,4,3,153,21.3509,0
oma_e40,4,4,5,4,3,154,26.9261,0
oma_e40,4,4,5,4,3,155,23.5733,0
oma_e40,4,4,5,4,3,156,20.5975,0
oma_e40,4,4,5,4,3,157,28.2479,0
oma_e40,4,4,5,4,3,158,20.0712,0
oma_e40,4,4,5,4,3,159,23.7516,0
oma_e40,4,4,5,4,3,160,22.3192,0
oma_e40,4,4,5,4,3,161,17.2129,0
oma_e40,4,4,5,4,3,162,18.6568,0
oma_e40,4,4,5,4,3,163,21.0583,0
oma_e40,4,4,5,4,3,164,19.1674,1
oma_e40,4,4,5,4,3,165,15.9894,0
oma_e40,4,4,5,4,3,166,22.2565,1
oma_e40,4,4,5,4,3,167,24.5883,0
oma_e40,4,4,5,4,3,168,22.2281,1
oma_e40,4,4,5,4,3,169,23.0466,0
oma_e40,4,4,5,4,3,170,19.3531,1
oma_e40,4,4,5,4,3,171,21.8767,0
oma_e40,4,4,5,4,3,172,15.1009,1
oma_e40,4,4,5,4,3,173,19.5338,1
oma_e40,4,4,5,4,3,174,22.0430,1
oma_e40,4,4,5,4,0,175,24.6445,1
oma_e40,4,4,5,4,0,176,26.4794,0
oma_e40,4,4,5,4,0,177,22.7343,0
oma_e40,4,4,5,4,0,178,23.8233,0
oma_e40,4,4,5,4,0,179,19.3750,1
oma_e40,4,4,5,4,0,180,17.2645,1
oma_e40,4,4,5,4,0,181,13.2770,1
oma_e40,4,4,5,4,0,182,21.4130,0
oma_e40,4,4,5,4,0,183,16.2044,0
oma_e40,4,4,5,4,0,184,22.6404,0
oma_e40,4,4,5,4,0,185,17.1625,1
oma_e40,4,4,5,4,0,186,16.9732,1
oma_e40,4,4,5,4,0,187,25.7874,0
oma_e40,4,4,5,4,0,188,15.1096,0
oma_e40,4,4,5,4,0,189,25.2351,0
oma_e40,4,4,5,4,0,190,20.4470,1
oma_e40,4,4,5,4,0,191,18.1228,1
oma_e40,4,4,5,4,0,192,22.6287,1
oma_e40,4,4,5,4,0,193,22.6643,0
oma_e40,4,4,5,4,0,194,17.5149,0
oma_e40,4,4,5,4,0,195,15.5292,1
oma_e40,4,4,5,4,0,196,13.3053,1
oma_e40,4,4,5,4,0,197,25.5540,0
oma_e40,4,4,5,4,0,198,22.3518,0
oma_e40,4,4,5,4,0,199,20.0144,0
oma_e40,4,4,5,4,1,175,21.0641,0
oma_e40,4,4,5,4,1,176,22.7354,0
oma_e40,4,4,5,4,1,177,22.0849,0
oma_e40,4,4,5,4,1,178,26.8120,0
oma_e40,4,4,5,4,1,179,20.1739,1
oma_e40,4,4,5,4,1,180,16.9898,0
oma_e40,4,4,5,4,1,181,11.5023,1
oma_e40,4,4,5,4,1,182,20.1335,0
oma_e40,4,4,5,4,1,183,14.9696,1
oma_e40,4,4,5,4,1,184,21.7781,1
oma_e40,4,4,5,4,1,185,13.4759,1
oma_e40,4,4,5,4,1,186,16.4260,1
oma_e40,4,4,5,4,1,187,22.9556,0
oma_e40,4,4,5,4,1,188,17.3321,1
oma_e40,4,4,5,4,1,189,21.9707,1
oma_e40,4,4,5,4,1,190,20.4696,1
oma_e40,4,4,5,4,1,191,16.9758,1
oma_e40,4,4,5,4,1,192,20.3211,0
oma_e40,4,4,5,4,1,193,20.8835,1
oma_e40,4,4,5,4,1,194,18.8277,1
oma_e40,4,4,5,4,1,195,13.7956,0
oma_e40,4,4,5,4,1,196,15.5848,1
oma_e40,4,4,5,4,1,197,22.4309,0
oma_e40,4,4,5,4,1,198,21.4419,0
oma_e40,4,4,5,4,1,199,16.4323,1
oma_e40,4,4,5,4,2,175,18.3439,0
oma_e40,4,4,5,4,2,176,25.3783,1
oma_e40,4,4,5,4,2,177,25.3699,0
oma_e40,4,4,5,4,2,178,20.3010,1
oma_e40,4,4,5,4,2,179,19.9134,0
oma_e40,4,4,5,4,2,180,15.0971,1
oma_e40,4,4,5,4,2,181,13.0766,1
oma_e40,4,4,5,4,2,182,19.7761,0
oma_e40,4,4,5,4,2,183,17.5572,0
oma_e40,4,4,5,4,2,184,20.4814,1
oma_e40,4,4,5,4,2,185,19.3244,1
oma_e40,4,4,5,4,2,186,16.0330,1
oma_e40,4,4,5,4,2,187,23.8433,0
oma_e40,4,4,5,4,2,188,18.4205,1
oma_e40,4,4,5,4,2,189,23.5109,0
oma_e40,4,4,5,4,2,190,20.6460,1
oma_e40,4,4,5,4,2,191,18.1210,1
oma_e40,4,4,5,4,2,192,22.5487,0
oma_e40,4,4,5,4,2,193,22.3901,0
oma_e40,4,4,5,4,2,194,18.5499,1
oma_e40,4,4,5,4,2,195,12.4979,1
oma_e40,4,4,5,4,2,196,13.9881,1
oma_e40,4,4,5,4,2,197,24.8264,1
oma_e40,4,4,5,4,2,198,22.3057,0
oma_e40,4,4,5,4,2,199,17.7340,1
oma_e40,4,4,5,4,3,175,21.7334,1
oma_e40,4,4,5,4,3,176,21.3542,0
oma_e40,4,4,5,4,3,177,23.1261,0
oma_e40,4,4,5,4,3,178,23.9878,0
oma_e40,4,4,5,4,3,179,15.3872,1
oma_e40,4,4,5,4,3,180,15.7296,1
oma_e40,4,4,5,4,3,181,11.0361,1
oma_e40,4,4,5,4,3,182,18.6971,0
oma_e40,4,4,5,4,3,183,12.1368,1
oma_e40,4,4,5,4,3,184,24.0323,1
oma_e40,4,4,5,4,3,185,19.4268,1
oma_e40,4,4,5,4,3,186,19.4302,0
oma_e40,4,4,5,4,3,187,22.7913,0
oma_e40,4,4,5,4,3,188,16.9814,1
oma_e40,4,4,5,4,3,189,23.0249,1
oma_e40,4,4,5,4,3,190,18.8745,1
oma_e40,4,4,5,4,3,191,17.8444,1
oma_e40,4,4,5,4,3,192,21.7760,0
oma_e40,4,4,5,4,3,193,19.4642,1
oma_e40,4,4,5,4,3,194,19.6652,0
oma_e40,4,4,5,4,3,195,12.0007,1
oma_e40,4,4,5,4,3,196,15.7071,1
oma_e40,4,4,5,4,3,197,19.9391,0
oma_e40,4,4,5,4,3,198,21.7094,0
oma_e40,4,4,5,4,3,199,19.1892,0
oma_e40,4,4,10,0,0,0,21.8325,0
oma_e40,4,4,10,0,0,1,24.1342,0
oma_e40,4,4,10,0,0,2,22.5476,1
oma_e40,4,4,10,0,0,3,22.5325,1
oma_e40,4,4,10,0,0,4,18.2099,0
oma_e40,4,4,10,0,0,5,22.9054,0
oma_e40,4,4,10,0,0,6,24.5431,0
oma_e40,4,4,10,0,0,7,18.6390,1
oma_e40,4,4,10,0,0,8,22.2176,0
oma_e40,4,4,10,0,0,9,23.0234,0
oma_e40,4,4,10,0,0,10,23.1574,0
oma_e40,4,4,10,0,0,11,18.7887,0
oma_e40,4,4,10,0,0,12,23.2883,0
oma_e40,4,4,10,0,0,13,19.4812,1
oma_e40,4,4,10,0,0,14,22.1968,1
oma_e40,4,4,10,0,0,15,21.3440,1
oma_e40,4,4,10,0,0,16,25.3926,0
oma_e40,4,4,10,0,0,17,21.8584,0
oma_e40,4,4,10,0,0,18,18.4949,0
oma_e40,4,4,10,0,0,19,18.0907,1
oma_e40,4,4,10,0,0,20,20.6231,1
oma_e40,4,4,10,0,0,21,16.7884,1
oma_e40,4,4,10,0,0,22,27.4296,0
oma_e40,4,4,10,0,0,23,17.7568,1
oma_e40,4,4,10,0,0,24,20.5897,0
oma_e40,4,4,10,0,1,0,27.2215,1
oma_e40,4,4,10,0,1,1,20.6901,1
oma_e40,4,4,10,0,1,2,24.3084,0
oma_e40,4,4,10,0,1,3,25.9784,0
oma_e40,4,4,10,0,1,4,19.4775,0
oma_e40,4,4,10,0,1,5,19.5677,0
oma_e40,4,4,10,0,1,6,21.5007,0
oma_e40,4,4,10,0,1,7,21.3741,0
oma_e40,4,4,10,0,1,8,23.9015,0
oma_e40,4,4,10,0,1,9,20.5121,0
oma_e40,4,4,10,0,1,10,20.1580,1
oma_e40,4,4,10,0,1,11,23.1615,1
oma_e40,4,4,10,0,1,12,26.2108,0
oma_e40,4,4,10,0,1,13,21.4958,1
oma_e40,4,4,10,0,1,14,23.8682,1
oma_e40,4,4,10,0,1,15,22.2316,0
oma_e40,4,4,10,0,1,16,22.4874,0
oma_e40,4,4,10,0,1,17,22.1422,1
oma_e40,4,4,10,0,1,18,17.7508,1
oma_e40,4,4,10,0,1,19,18.4431,1
oma_e40,4,4,10,0,1,20,26.2328,0
oma_e40,4,4,10,0,1,21,20.5561,0
oma_e40,4,4,10,0,1,22,21.7080,0
oma_e40,4,4,10,0,1,23,15.5054,1
oma_e40,4,4,10,0,1,24,20.3360,0
oma_e40,4,4,10,0,2,0,21.6231,0
oma_e40,4,4,10,0,2,1,22.6907,0
oma_e40,4,4,10,0,2,2,24.0382,1
oma_e40,4,4,10,0,2,3,21.8537,0
oma_e40,4,4,10,0,2,4,22.9613,0
oma_e40,4,4,10,0,2,5,22.6767,0
oma_e40,4,4,10,0,2,6,21.7099,0
oma_e40,4,4,10,0,2,7,21.5432,0
oma_e40,4,4,10,0,2,8,19.0106,1
oma_e40,4,4,10,0,2,9,23.0301,0
oma_e40,4,4,10,0,2,10,22.2449,0
oma_e40,4,4,10,0,2,11,25.1958,1
oma_e40,4,4,10,0,2,12,23.6813,0
oma_e40,4,4,10,0,2,13,20.1377,0
oma_e40,4,4,10,0,2,14,25.6273,1
oma_e40,4,4,10,0,2,15,24.2597,1
oma_e40,4,4,10,0,2,16,24.3483,0
oma_e40,4,4,10,0,2,17,21.4720,1
oma_e40,4,4,10,0,2,18,16.5401,1
oma_e40,4,4,10,0,2,19,18.6966,1
oma_e40,4,4,10,0,2,20,19.3017,0
oma_e40,4,4,10,0,2,21,19.4536,1
oma_e40,4,4,10,0,2,22,23.3140,0
oma_e40,4,4,10,0,2,23,19.1710,0
oma_e40,4,4,10,0,2,24,26.0660,0
oma_e40,4,4,10,0,3,0,22.8084,1
oma_e40,4,4,10,0,3,1,19.7079,1
oma_e40,4,4,10,0,3,2,22.0082,0
oma_e40,4,4,10,0,3,3,20.8954,0
oma_e40,4,4,10,0,3,4,19.8082,1
oma_e40,4,4,10,0,3,5,19.5833,1
oma_e40,4,4,10,0,3,6,19.9357,0
oma_e40,4,4,10,0,3,7,21.9192,1
oma_e40,4,4,10,0,3,8,24.4461,0
oma_e40,4,4,10,0,3,9,27.6551,0
oma_e40,4,4,10,0,3,10,24.3402,0
oma_e40,4,4,10,0,3,11,21.5522,1
oma_e40,4,4,10,0,3,12,21.2304,0
oma_e40,4,4,10,0,3,13,19.5360,1
oma_e40,4,4,10,0,3,14,20.1544,0
oma_e40,4,4,10,0,3,15,19.0717,1
oma_e40,4,4,10,0,3,16,24.4983,0
oma_e40,4,4,10,0,3,17,21.8766,1
oma_e40,4,4,10,0,3,18,20.7399,0
oma_e40,4,4,10,0,3,19,15.4776,0
oma_e40,4,4,10,0,3,20,23.9992,1
oma_e40,4,4,10,0,3,21,25.3673,0
oma_e40,4,4,10,0,3,22,24.1169,0
oma_e40,4,4,10,0,3,23,18.6674,0
oma_e40,4,4,10,0,3,24,24.0542,1
oma_e40,4,4,10,0,0,25,18.5710,1
oma_e40,4,4,10,0,0,26,22.8884,0
oma_e40,4,4,10,0,0,27,22.2144,1
oma_e40,4,4,10,0,0,28,23.1883,0
oma_e40,4,4,10,0,0,29,21.5689,0
oma_e40,4,4,10,0,0,30,17.0344,1
oma_e40,4,4,10,0,0,31,19.9381,0
oma_e40,4,4,10,0,0,32,21.3763,1
oma_e40,4,4,10,0,0,33,25.0422,0
oma_e40,4,4,10,0,0,34,23.9107,0
oma_e40,4,4,10,0,0,35,19.2759,1
oma_e40,4,4,10,0,0,36,22.5944,0
oma_e40,4,4,10,0,0,37,25.1433,0
oma_e40,4,4,10,0,0,38,22.9316,1
oma_e40,4,4,10,0,0,39,27.2351,0
oma_e40,4,4,10,0,0,40,26.2339,0
oma_e40,4,4,10,0,0,41,22.3905,0
oma_e40,4,4,10,0,0,42,22.2593,0
oma_e40,4,4,10,0,0,43,21.8191,0
oma_e40,4,4,10,0,0,44,22.3554,0
oma_e40,4,4,10,0,0,45,16.3185,1
oma_e40,4,4,10,0,0,46,19.1391,1
oma_e40,4,4,10,0,0,47,23.0403,0
oma_e40,4,4,10,0,0,48,22.4094,0
oma_e40,4,4,10,0,0,49,25.0962,0
oma_e40,4,4,10,0,1,25,23.2750,0
oma_e40,4,4,10,0,1,26,20.7429,0
oma_e40,4,4,10,0,1,27,19.7976,1
oma_e40,4,4,10,0,1,28,21.7478,0
oma_e40,4,4,10,0,1,29,23.0353,0
oma_e40,4,4,10,0,1,30,18.2299,0
oma_e40,4,4,10,0,1,31,19.4663,0
oma_e40,4,4,10,0,1,32,25.7215,0
oma_e40,4,4,10,0,1,33,29.4721,0
oma_e40,4,4,10,0,1,34,23.7314,0
oma_e40,4,4,10,0,1,35,19.3651,1
oma_e40,4,4,10,0,1,36,26.3333,0
oma_e40,4,4,10,0,1,37,20.7731,0
oma_e40,4,4,10,0,1,38,21.1801,0
oma_e40,4,4,10,0,1,39,23.8729,1
oma_e40,4,4,10,0,1,40,25.0073,1
oma_e40,4,4,10,0,1,41,26.2299,0
oma_e40,4,4,10,0,1,42,27.6086,1
oma_e40,4,4,10,0,1,43,21.9412,0
oma_e40,4,4,10,0,1,44,16.2963,1
oma_e40,4,4,10,0,1,45,16.5153,1
oma_e40,4,4,10,0,1,46,20.0891,1
oma_e40,4,4,10,0,1,47,19.3643,0
oma_e40,4,4,10,0,1,48,24.8468,0
oma_e40,4,4,10,0,1,49,21.4664,0
oma_e40,4,4,10,0,2,25,22.6415,0
oma_e40,4,4,10,0,2,26,21.6841,0
oma_e40,4,4,10,0,2,27,24.6738,0
oma_e40,4,4,10,0,2,28,24.2447,0
oma_e40,4,4,10,0,2,29,21.5388,0
oma_e40,4,4,10,0,2,30,13.7403,1
oma_e40,4,4,10,0,2,31,24.2689,0
oma_e40,4,4,10,0,2,32,18.1383,0
oma_e40,4,4,10,0,2,33,22.6647,1
oma_e40,4,4,10,0,2,34,24.6806,0
oma_e40,4,4,10,0,2,35,19.2405,1
oma_e40,4,4,10,0,2,36,22.7730,0
oma_e40,4,4,10,0,2,37,18.5537,0
oma_e40,4,4,10,0,2,38,20.8236,1
oma_e40,4,4,10,0,2,39,24.6380,0
oma_e40,4,4,10,0,2,40,25.0304,0
oma_e40,4,4,10,0,2,41,23.7604,0
oma_e40,4,4,10,0,2,42,19.8443,1
oma_e40,4,4,10,0,2,43,25.2826,0
oma_e40,4,4,10,0,2,44,18.5606,1
oma_e40,4,4,10,0,2,45,18.6906,1
oma_e40,4,4,10,0,2,46,19.6966,0
oma_e40,4,4,10,0,2,47,23.8510,0
oma_e40,4,4,10,0,2,48,25.7741,0
oma_e40,4,4,10,0,2,49,20.8286,0
oma_e40,4,4,10,0,3,25,25.0317,0
oma_e40,4,4,10,0,3,26,21.9020,0
oma_e40,4,4,10,0,3,27,20.0359,1
oma_e40,4,4,10,0,3,28,23.6536,0
oma_e40,4,4,10,0,3,29,24.1333,0
oma_e40,4,4,10,0,3,30,18.4077,1
oma_e40,4,4,10,0,3,31,19.1017,1
oma_e40,4,4,10,0,3,32,25.3893,0
oma_e40,4,4,10,0,3,33,29.9027,0
oma_e40,4,4,10,0,3,34,23.7555,0
oma_e40,4,4,10,0,3,35,20.5807,1
oma_e40,4,4,10,0,3,36,22.5989,0
oma_e40,4,4,10,0,3,37,20.3875,1
oma_e40,4,4,10,0,3,38,25.1717,0
oma_e40,4,4,10,0,3,39,27.3643,0
oma_e40,4,4,10,0,3,40,25.7736,1
oma_e40,4,4,10,0,3,41,22.5061,1
oma_e40,4,4,10,0,3,42,20.8047,1
oma_e40,4,4,10,0,3,43,21.6416,0
oma_e40,4,4,10,0,3,44,19.3065,1
oma_e40,4,4,10,0,3,45,19.1933,1
oma_e40,4,4,10,0,3,46,21.1912,1
oma_e40,4,4,10,0,3,47,21.3593,0
oma_e40,4,4,10,0,3,48,23.7546,0
oma_e40,4,4,10,0,3,49,21.6428,0
oma_e40,4,4,10,0,0,50,24.5509,0
oma_e40,4,4,10,0,0,51,22.2654,0
oma_e40,4,4,10,0,0,52,19.7990,0
oma_e40,4,4,10,0,0,53,23.0877,0
oma_e40,4,4,10,0,0,54,20.0109,0
oma_e40,4,4,10,0,0,55,14.6215,1
oma_e40,4,4,10,0,0,56,20.0603,0
oma_e40,4,4,10,0,0,57,20.2773,0
oma_e40,4,4,10,0,0,58,20.5627,0
oma_e40,4,4,10,0,0,59,24.9880,1
oma_e40,4,4,10,0,0,60,21.9730,0
oma_e40,4,4,10,0,0,61,22.0254,0
oma_e40,4,4,10,0,0,62,13.9687,0
oma_e40,4,4,10,0,0,63,23.2373,0
oma_e40,4,4,10,0,0,64,25.0923,0
oma_e40,4,4,10,0,0,65,16.9504,0
oma_e40,4,4,10,0,0,66,16.6433,1
oma_e40,4,4,10,0,0,67,25.4513,0
oma_e40,4,4,10,0,0,68,21.6880,0
oma_e40,4,4,10,0,0,69,23.6975,0
oma_e40,4,4,10,0,0,70,27.4382,0
oma_e40,4,4,10,0,0,71,19.1813,1
oma_e40,4,4,10,0,0,72,24.0371,1
oma_e40,4,4,10,0,0,73,26.4935,0
oma_e40,4,4,10,0,0,74,21.7902,0
oma_e40,4,4,10,0,1,50,22.6485,1
oma_e40,4,4,10,0,1,51,21.7890,1
oma_e40,4,4,10,0,1,52,24.2237,0
oma_e40,4,4,10,0,1,53,22.6787,1
oma_e40,4,4,10,0,1,54,16.5434,0
oma_e40,4,4,10,0,1,55,18.4735,1
oma_e40,4,4,10,0,1,56,25.4919,0
oma_e40,4,4,10,0,1,57,22.2404,0
oma_e40,4,4,10,0,1,58,22.0427,1
oma_e40,4,4,10,0,1,59,20.1760,0
oma_e40,4,4,10,0,1,60,21.5714,1
oma_e40,4,4,10,0,1,61,21.0700,0
oma_e40,4,4,10,0,1,62,13.7296,1
oma_e40,4,4,10,0,1,63,30.1545,1
oma_e40,4,4,10,0,1,64,23.7115,0
oma_e40,4,4,10,0,1,65,19.3871,1
oma_e40,4,4,10,0,1,66,16.2773,1
oma_e40,4,4,10,0,1,67,21.4169,0
oma_e40,4,4,10,0,1,68,20.3341,1
oma_e40,4,4,10,0,1,69,25.5207,1
oma_e40,4,4,10,0,1,70,22.3460,1
oma_e40,4,4,10,0,1,71,19.8001,0
oma_e40,4,4,10,0,1,72,25.5315,0
oma_e40,4,4,10,0,1,73,21.1854,0
oma_e40,4,4,10,0,1,74,23.1630,0
oma_e40,4,4,10,0,2,50,21.2396,0
oma_e40,4,4,10,0,2,51,22.9390,0
oma_e40,4,4,10,0,2,52,24.9119,1
oma_e40,4,4,10,0,2,53,21.4995,0
oma_e40,4,4,10,0,2,54,17.9395,0
oma_e40,4,4,10,0,2,55,21.9549,1
oma_e40,4,4,10,0,2,56,27.0991,0
oma_e40,4,4,10,0,2,57,25.4366,0
oma_e40,4,4,10,0,2,58,18.7561,1
oma_e40,4,4,10,0,2,59,21.2192,0
oma_e40,4,4,10,0,2,60,18.4489,1
oma_e40,4,4,10,0,2,61,21.6646,0
oma_e40,4,4,10,0,2,62,13.5099,1
oma_e40,4,4,10,0,2,63,22.6535,0
oma_e40,4,4,10,0,2,64,19.3552,0
oma_e40,4,4,10,0,2,65,19.9080,1
oma_e40,4,4,10,0,2,66,14.8012,1
oma_e40,4,4,10,0,2,67,21.4718,0
oma_e40,4,4,10,0,2,68,20.1764,1
oma_e40,4,4,10,0,2,69,28.1579,0
oma_e40,4,4,10,0,2,70,21.9113,0
oma_e40,4,4,10,0,2,71,19.0170,0
oma_e40,4,4,10,0,2,72,23.8302,0
oma_e40,4,4,10,0,2,73,20.9327,0
oma_e40,4,4,10,0,2,74,20.1972,1
oma_e40,4,4,10,0,3,50,21.5693,1
oma_e40,4,4,10,0,3,51,25.1344,1
oma_e40,4,4,10,0,3,52,23.3525,0
oma_e40,4,4,10,0,3,53,20.5994,0
oma_e40,4,4,10,0,3,54,22.7335,1
oma_e40,4,4,10,0,3,55,19.2571,1
oma_e40,4,4,10,0,3,56,29.0259,0
oma_e40,4,4,10,0,3,57,22.9994,0
oma_e40,4,4,10,0,3,58,20.7828,1
oma_e40,4,4,10,0,3,59,24.6030,0
oma_e40,4,4,10,0,3,60,21.7296,1
oma_e40,4,4,10,0,3,61,22.5339,0
oma_e40,4,4,10,0,3,62,13.9128,1
oma_e40,4,4,10,0,3,63,25.3074,0
oma_e40,4,4,10,0,3,64,25.4142,0
oma_e40,4,4,10,0,3,65,20.8730,1
oma_e40,4,4,10,0,3,66,15.7664,1
oma_e40,4,4,10,0,3,67,20.4585,0
oma_e40,4,4,10,0,3,68,23.1861,0
oma_e40,4,4,10,0,3,69,27.5324,0
oma_e40,4,4,10,0,3,70,25.1227,0
oma_e40,4,4,10,0,3,71,18.2873,1
oma_e40,4,4,10,0,3,72,24.1293,0
oma_e40,4,4,10,0,3,73,25.8329,0
oma_e40,4,4,10,0,3,74,23.1011,1
oma_e40,4,4,10,0,0,75,13.1226,1
oma_e40,4,4,10,0,0,76,25.6599,0
oma_e40,4,4,10,0,0,77,22.0323,0
oma_e40,4,4,10,0,0,78,23.0516,0
oma_e40,4,4,10,0,0,79,24.1586,0
oma_e40,4,4,10,0,0,80,21.9046,0
oma_e40,4,4,10,0,0,81,21.0666,0
oma_e40,4,4,10,0,0,82,21.2903,0
oma_e40,4,4,10,0,0,83,18.8145,1
oma_e40,4,4,10,0,0,84,21.4623,0
oma_e40,4,4,10,0,0,85,20.9236,0
oma_e40,4,4,10,0,0,86,21.0893,1
oma_e40,4,4,10,0,0,87,20.1200,0
oma_e40,4,4,10,0,0,88,21.7597,0
oma_e40,4,4,10,0,0,89,18.8238,1
oma_e40,4,4,10,0,0,90,16.2522,1
oma_e40,4,4,10,0,0,91,21.4790,0
oma_e40,4,4,10,0,0,92,21.8254,1
oma_e40,4,4,10,0,0,93,18.3168,1
oma_e40,4,4,10,0,0,94,18.6395,1
oma_e40,4,4,10,0,0,95,14.8871,1
oma_e40,4,4,10,0,0,96,25.8972,0
oma_e40,4,4,10,0,0,97,16.2605,1
oma_e40,4,4,10,0,0,98,23.0242,0
oma_e40,4,4,10,0,0,99,25.6779,0
oma_e40,4,4,10,0,1,75,13.3201,1
oma_e40,4,4,10,0,1,76,24.1405,0
oma_e40,4,4,10,0,1,77,28.0741,0
oma_e40,4,4,10,0,1,78,23.0744,0
oma_e40,4,4,10,0,1,79,20.8512,1
oma_e40,4,4,10,0,1,80,20.8507,1
oma_e40,4,4,10,0,1,81,26.4103,1
oma_e40,4,4,10,0,1,82,26.4090,0
oma_e40,4,4,10,0,1,83,22.8612,1
oma_e40,4,4,10,0,1,84,19.6618,1
oma_e40,4,4,10,0,1,85,24.5138,1
oma_e40,4,4,10,0,1,86,25.3897,0
oma_e40,4,4,10,0,1,87,23.9410,1
oma_e40,4,4,10,0,1,88,21.2419,1
oma_e40,4,4,10,0,1,89,19.6285,1
oma_e40,4,4,10,0,1,90,15.1870,1
oma_e40,4,4,10,0,1,91,20.9882,0
oma_e40,4,4,10,0,1,92,21.6647,0
oma_e40,4,4,10,0,1,93,18.0529,1
oma_e40,4,4,10,0,1,94,20.1756,1
oma_e40,4,4,10,0,1,95,14.8159,0
oma_e40,4,4,10,0,1,96,22.7590,0
oma_e40,4,4,10,0,1,97,18.4602,1
oma_e40,4,4,10,0,1,98,20.2794,0
oma_e40,4,4,10,0,1,99,24.0904,0
oma_e40,4,4,10,0,2,75,12.8502,1
oma_e40,4,4,10,0,2,76,24.2338,0
oma_e40,4,4,10,0,2,77,23.4828,0
oma_e40,4,4,10,0,2,78,24.2010,0
oma_e40,4,4,10,0,2,79,18.0577,0
oma_e40,4,4,10,0,2,80,23.9338,0
oma_e40,4,4,10,0,2,81,23.0819,1
oma_e40,4,4,10,0,2,82,23.1897,0
oma_e40,4,4,10,0,2,83,22.3863,0
oma_e40,4,4,10,0,2,84,26.0177,0
oma_e40,4,4,10,0,2,85,20.3427,0
oma_e40,4,4,10,0,2,86,23.3710,0
oma_e40,4,4,10,0,2,87,23.1244,0
oma_e40,4,4,10,0,2,88,23.7968,0
oma_e40,4,4,10,0,2,89,18.9319,1
oma_e40,4,4,10,0,2,90,17.8233,1
oma_e40,4,4,10,0,2,91,21.2720,0
oma_e40,4,4,10,0,2,92,21.0617,1
oma_e40,4,4,10,0,2,93,16.7370,1
oma_e40,4,4,10,0,2,94,17.6857,0
oma_e40,4,4,10,0,2,95,19.2675,0
oma_e40,4,4,10,0,2,96,23.4663,0
oma_e40,4,4,10,0,2,97,18.3813,1
oma_e40,4,4,10,0,2,98,24.1580,0
oma_e40,4,4,10,0,2,99,21.1908,1
oma_e40,4,4,10,0,3,75,14.8896,1
oma_e40,4,4,10,0,3,76,25.2498,1
oma_e40,4,4,10,0,3,77,25.7550,0
oma_e40,4,4,10,0,3,78,22.5047,0
oma_e40,4,4,10,0,3,79,21.4812,0
oma_e40,4,4,10,0,3,80,25.9818,0
oma_e40,4,4,10,0,3,81,22.3535,0
oma_e40,4,4,10,0,3,82,23.8385,0
oma_e40,4,4,10,0,3,83,24.4662,0
oma_e40,4,4,10,0,3,84,25.4602,1
oma_e40,4,4,10,0,3,85,21.7804,0
oma_e40,4,4,10,0,3,86,21.0860,1
oma_e40,4,4,10,0,3,87,17.7095,0
oma_e40,4,4,10,0,3,88,22.8435,0
oma_e40,4,4,10,0,3,89,21.2262,0
oma_e40,4,4,10,0,3,90,15.3809,1
oma_e40,4,4,10,0,3,91,22.1038,0
oma_e40,4,4,10,0,3,92,20.7991,1
oma_e40,4,4,10,0,3,93,17.5598,0
oma_e40,4,4,10,0,3,94,21.0532,1
oma_e40,4,4,10,0,3,95,14.7449,1
oma_e40,4,4,10,0,3,96,23.7057,0
oma_e40,4,4,10,0,3,97,17.2111,1
oma_e40,4,4,10,0,3,98,22.7682,0
oma_e40,4,4,10,0,3,99,27.8825,0
oma_e40,4,4,10,0,0,100,18.3779,0
oma_e40,4,4,10,0,0,101,23.7153,0
oma_e40,4,4,10,0,0,102,20.9943,0
oma_e40,4,4,10,0,0,103,20.3233,0
oma_e40,4,4,10,0,0,104,21.4527,1
oma_e40,4,4,10,0,0,105,22.9403,0
oma_e40,4,4,10,0,0,106,21.5763,1
oma_e40,4,4,10,0,0,107,20.0424,0
oma_e40,4,4,10,0,0,108,24.0662,0
oma_e40,4,4,10,0,0,109,23.2383,0
oma_e40,4,4,10,0,0,110,20.4403,0
oma_e40,4,4,10,0,0,111,24.6586,0
oma_e40,4,4,10,0,0,112,22.5702,0
oma_e40,4,4,10,0,0,113,19.4339,1
oma_e40,4,4,10,0,0,114,22.5631,1
oma_e40,4,4,10,0,0,115,23.1493,0
oma_e40,4,4,10,0,0,116,17.8020,1
oma_e40,4,4,10,0,0,117,21.8726,1
oma_e40,4,4,10,0,0,118,24.4395,1
oma_e40,4,4,10,0,0,119,23.8877,0
oma_e40,4,4,10,0,0,120,20.8995,0
oma_e40,4,4,10,0,0,121,22.0954,1
oma_e40,4,4,10,0,0,122,18.3590,0
oma_e40,4,4,10,0,0,123,19.5824,1
oma_e40,4,4,10,0,0,124,19.9741,0
oma_e40,4,4,10,0,1,100,21.4395,1
oma_e40,4,4,10,0,1,101,20.3250,1
oma_e40,4,4,10,0,1,102,19.2793,1
oma_e40,4,4,10,0,1,103,24.0717,0
oma_e40,4,4,10,0,1,104,20.2229,1
oma_e40,4,4,10,0,1,105,29.1009,0
oma_e40,4,4,10,0,1,106,22.3654,1
oma_e40,4,4,10,0,1,107,22.7412,0
oma_e40,4,4,10,0,1,108,22.7270,0
oma_e40,4,4,10,0,1,109,23.2216,0
oma_e40,4,4,10,0,1,110,21.3471,1
oma_e40,4,4,10,0,1,111,24.8419,0
oma_e40,4,4,10,0,1,112,23.7945,0
oma_e40,4,4,10,0,1,113,18.5039,1
oma_e40,4,4,10,0,1,114,21.2233,1
oma_e40,4,4,10,0,1,115,22.1864,1
oma_e40,4,4,10,0,1,116,16.3651,1
oma_e40,4,4,10,0,1,117,22.4169,1
oma_e40,4,4,10,0,1,118,27.1105,0
oma_e40,4,4,10,0,1,119,19.9201,0
oma_e40,4,4,10,0,1,120,21.3543,1
oma_e40,4,4,10,0,1,121,21.0648,1
oma_e40,4,4,10,0,1,122,22.3603,0
oma_e40,4,4,10,0,1,123,25.5220,0
oma_e40,4,4,10,0,1,124,23.0411,0
oma_e40,4,4,10,0,2,100,23.6853,0
oma_e40,4,4,10,0,2,101,22.5028,0
oma_e40,4,4,10,0,2,102,20.1091,0
oma_e40,4,4,10,0,2,103,20.4199,0
oma_e40,4,4,10,0,2,104,23.7916,0
oma_e40,4,4,10,0,2,105,20.4347,1
oma_e40,4,4,10,0,2,106,23.6212,0
oma_e40,4,4,10,0,2,107,17.5463,1
oma_e40,4,4,10,0,2,108,19.4867,0
oma_e40,4,4,10,0,2,109,24.2815,0
oma_e40,4,4,10,0,2,110,24.3239,0
oma_e40,4,4,10,0,2,111,25.1699,0
oma_e40,4,4,10,0,2,112,24.9516,0
oma_e40,4,4,10,0,2,113,19.8534,1
oma_e40,4,4,10,0,2,114,23.6926,0
oma_e40,4,4,10,0,2,115,21.1320,1
oma_e40,4,4,10,0,2,116,16.5753,0
oma_e40,4,4,10,0,2,117,21.9349,1
oma_e40,4,4,10,0,2,118,21.7434,0
oma_e40,4,4,10,0,2,119,22.8376,1
oma_e40,4,4,10,0,2,120,19.7983,0
oma_e40,4,4,10,0,2,121,18.5793,1
oma_e40,4,4,10,0,2,122,22.7642,1
oma_e40,4,4,10,0,2,123,27.8166,0
oma_e40,4,4,10,0,2,124,22.7056,1
oma_e40,4,4,10,0,3,100,22.2982,0
oma_e40,4,4,10,0,3,101,21.0634,1
oma_e40,4,4,10,0,3,102,20.1401,1
oma_e40,4,4,10,0,3,103,21.8329,0
oma_e40,4,4,10,0,3,104,23.7195,1
oma_e40,4,4,10,0,3,105,21.8481,0
oma_e40,4,4,10,0,3,106,25.2026,0
oma_e40,4,4,10,0,3,107,19.9804,1
oma_e40,4,4,10,0,3,108,17.9375,0
oma_e40,4,4,10,0,3,109,20.4935,1
oma_e40,4,4,10,0,3,110,24.3540,0
oma_e40,4,4,10,0,3,111,24.2939,0
oma_e40,4,4,10,0,3,112,24.3108,0
oma_e40,4,4,10,0,3,113,17.9802,1
oma_e40,4,4,10,0,3,114,19.9705,1
oma_e40,4,4,10,0,3,115,21.4549,1
oma_e40,4,4,10,0,3,116,19.5062,1
oma_e40,4,4,10,0,3,117,20.6746,0
oma_e40,4,4,10,0,3,118,24.7038,0
oma_e40,4,4,10,0,3,119,20.8907,1
oma_e40,4,4,10,0,3,120,19.8369,1
oma_e40,4,4,10,0,3,121,18.3759,1
oma_e40,4,4,10,0,3,122,26.7630,0
oma_e40,4,4,10,0,3,123,23.8558,0
oma_e40,4,4,10,0,3,124,20.5035,0
oma_e40,4,4,10,0,0,125,20.9838,0
oma_e40,4,4,10,0,0,126,23.4850,0
oma_e40,4,4,10,0,0,127,23.9324,0
oma_e40,4,4,10,0,0,128,21.9870,0
oma_e40,4,4,10,0,0,129,14.5275,1
oma_e40,4,4,10,0,0,130,25.8975,0
oma_e40,4,4,10,0,0,131,18.6210,1
oma_e40,4,4,10,0,0,132,22.6201,0
oma_e40,4,4,10,0,0,133,23.3836,1
oma_e40,4,4,10,0,0,134,19.0236,1
oma_e40,4,4,10,0,0,135,22.5870,1
oma_e40,4,4,10,0,0,136,25.8987,0
oma_e40,4,4,10,0,0,137,23.7494,0
oma_e40,4,4,10,0,0,138,20.4852,0
oma_e40,4,4,10,0,0,139,12.0572,1
oma_e40,4,4,10,0,0,140,19.5455,0
oma_e40,4,4,10,0,0,141,21.4406,1
oma_e40,4,4,10,0,0,142,26.6627,0
oma_e40,4,4,10,0,0,143,24.9159,0
oma_e40,4,4,10,0,0,144,23.3535,0
oma_e40,4,4,10,0,0,145,22.2341,1
oma_e40,4,4,10,0,0,146,24.1796,0
oma_e40,4,4,10,0,0,147,22.3312,0
oma_e40,4,4,10,0,0,148,23.5839,0
oma_e40,4,4,10,0,0,149,22.6503,1
oma_e40,4,4,10,0,1,125,25.3102,0
oma_e40,4,4,10,0,1,126,21.4299,1
oma_e40,4,4,10,0,1,127,23.6555,0
oma_e40,4,4,10,0,1,128,23.2567,1
oma_e40,4,4,10,0,1,129,15.2393,1
oma_e40,4,4,10,0,1,130,17.7952,1
oma_e40,4,4,10,0,1,131,19.9839,0
oma_e40,4,4,10,0,1,132,20.4284,0
oma_e40,4,4,10,0,1,133,25.0259,0
oma_e40,4,4,10,0,1,134,17.4312,1
oma_e40,4,4,10,0,1,135,23.7113,0
oma_e40,4,4,10,0,1,136,25.0700,0
oma_e40,4,4,10,0,1,137,24.8444,1
oma_e40,4,4,10,0,1,138,20.6264,0
oma_e40,4,4,10,0,1,139,11.9840,1
oma_e40,4,4,10,0,1,140,24.1759,1
oma_e40,4,4,10,0,1,141,21.0247,0
oma_e40,4,4,10,0,1,142,21.8810,0
oma_e40,4,4,10,0,1,143,20.7542,0
oma_e40,4,4,10,0,1,144,24.7340,1
oma_e40,4,4,10,0,1,145,21.6165,0
oma_e40,4,4,10,0,1,146,24.2750,0
oma_e40,4,4,10,0,1,147,24.9974,0
oma_e40,4,4,10,0,1,148,23.4163,0
oma_e40,4,4,10,0,1,149,20.5830,0
oma_e40,4,4,10,0,2,125,23.8355,0
oma_e40,4,4,10,0,2,126,21.4046,0
oma_e40,4,4,10,0,2,127,23.0745,1
oma_e40,4,4,10,0,2,128,21.0509,1
oma_e40,4,4,10,0,2,129,13.4329,0
oma_e40,4,4,10,0,2,130,21.3289,1
oma_e40,4,4,10,0,2,131,25.5163,0
oma_e40,4,4,10,0,2,132,24.8547,0
oma_e40,4,4,10,0,2,133,20.0346,1
oma_e40,4,4,10,0,2,134,16.5991,1
oma_e40,4,4,10,0,2,135,24.0918,0
oma_e40,4,4,10,0,2,136,23.1016,0
oma_e40,4,4,10,0,2,137,23.2342,0
oma_e40,4,4,10,0,2,138,22.5794,0
oma_e40,4,4,10,0,2,139,12.2737,1
oma_e40,4,4,10,0,2,140,24.0446,0
oma_e40,4,4,10,0,2,141,24.4422,0
oma_e40,4,4,10,0,2,142,24.3830,0
oma_e40,4,4,10,0,2,143,24.8919,0
oma_e40,4,4,10,0,2,144,22.2618,0
oma_e40,4,4,10,0,2,145,20.8839,0
oma_e40,4,4,10,0,2,146,20.6431,0
oma_e40,4,4,10,0,2,147,20.5674,0
oma_e40,4,4,10,0,2,148,24.2435,0
oma_e40,4,4,10,0,2,149,18.4512,0
oma_e40,4,4,10,0,3,125,25.9487,0
oma_e40,4,4,10,0,3,126,20.0172,0
oma_e40,4,4,10,0,3,127,22.9681,0
oma_e40,4,4,10,0,3,128,26.4993,0
oma_e40,4,4,10,0,3,129,15.2050,1
oma_e40,4,4,10,0,3,130,23.9199,1
oma_e40,4,4,10,0,3,131,23.5528,1
oma_e40,4,4,10,0,3,132,23.8072,0
oma_e40,4,4,10,0,3,133,19.8984,0
oma_e40,4,4,10,0,3,134,16.2583,1
oma_e40,4,4,10,0,3,135,21.7493,0
oma_e40,4,4,10,0,3,136,21.5646,0
oma_e40,4,4,10,0,3,137,19.3756,0
oma_e40,4,4,10,0,3,138,20.1670,0
oma_e40,4,4,10,0,3,139,10.6874,1
oma_e40,4,4,10,0,3,140,20.9817,1
oma_e40,4,4,10,0,3,141,25.9810,0
oma_e40,4,4,10,0,3,142,23.6079,0
oma_e40,4,4,10,0,3,143,27.3967,0
oma_e40,4,4,10,0,3,144,24.4513,0
oma_e40,4,4,10,0,3,145,21.7140,0
oma_e40,4,4,10,0,3,146,18.4124,1
oma_e40,4,4,10,0,3,147,19.0489,0
oma_e40,4,4,10,0,3,148,22.8616,1
oma_e40,4,4,10,0,3,149,19.2140,0
oma_e40,4,4,10,0,0,150,18.9017,0
oma_e40,4,4,10,0,0,151,23.8023,0
oma_e40,4,4,10,0,0,152,22.8716,0
oma_e40,4,4,10,0,0,153,23.5199,0
oma_e40,4,4,10,0,0,154,17.6786,0
oma_e40,4,4,10,0,0,155,22.4521,1
oma_e40,4,4,10,0,0,156,26.0031,0
oma_e40,4,4,10,0,0,157,17.2748,1
oma_e40,4,4,10,0,0,158,25.4205,0
oma_e40,4,4,10,0,0,159,20.2131,0
oma_e40,4,4,10,0,0,160,20.6375,0
oma_e40,4,4,10,0,0,161,25.0748,0
oma_e40,4,4,10,0,0,162,22.9935,0
oma_e40,4,4,10,0,0,163,23.9477,0
oma_e40,4,4,10,0,0,164,21.2481,0
oma_e40,4,4,10,0,0,165,19.8516,0
oma_e40,4,4,10,0,0,166,21.1104,0
oma_e40,4,4,10,0,0,167,21.1771,1
oma_e40,4,4,10,0,0,168,23.0459,0
oma_e40,4,4,10,0,0,169,23.8526,0
oma_e40,4,4,10,0,0,170,22.0393,0
oma_e40,4,4,10,0,0,171,22.1107,1
oma_e40,4,4,10,0,0,172,20.6816,1
oma_e40,4,4,10,0,0,173,24.8772,0
oma_e40,4,4,10,0,0,174,15.6864,1
oma_e40,4,4,10,0,1,150,19.3032,1
oma_e40,4,4,10,0,1,151,26.8966,0
oma_e40,4,4,10,0,1,152,21.6534,0
oma_e40,4,4,10,0,1,153,27.2601,0
oma_e40,4,4,10,0,1,154,18.5535,1
oma_e40,4,4,10,0,1,155,25.1997,1
oma_e40,4,4,10,0,1,156,23.3610,0
oma_e40,4,4,10,0,1,157,16.0704,1
oma_e40,4,4,10,0,1,158,20.0387,1
oma_e40,4,4,10,0,1,159,23.8299,1
oma_e40,4,4,10,0,1,160,21.4789,0
oma_e40,4,4,10,0,1,161,26.1879,0
oma_e40,4,4,10,0,1,162,22.6543,0
oma_e40,4,4,10,0,1,163,19.5924,0
oma_e40,4,4,10,0,1,164,21.9505,0
oma_e40,4,4,10,0,1,165,21.4380,1
oma_e40,4,4,10,0,1,166,21.8976,0
oma_e40,4,4,10,0,1,167,21.9371,0
oma_e40,4,4,10,0,1,168,23.0054,1
oma_e40,4,4,10,0,1,169,22.4282,0
oma_e40,4,4,10,0,1,170,27.1020,0
oma_e40,4,4,10,0,1,171,20.4885,0
oma_e40,4,4,10,0,1,172,22.2440,0
oma_e40,4,4,10,0,1,173,21.6837,0
oma_e40,4,4,10,0,1,174,20.6980,0
oma_e40,4,4,10,0,2,150,22.4542,0
oma_e40,4,4,10,0,2,151,18.5784,0
oma_e40,4,4,10,0,2,152,26.5346,0
oma_e40,4,4,10,0,2,153,24.8134,0
oma_e40,4,4,10,0,2,154,28.6508,0
oma_e40,4,4,10,0,2,155,23.0298,0
oma_e40,4,4,10,0,2,156,23.6391,1
oma_e40,4,4,10,0,2,157,16.8288,1
oma_e40,4,4,10,0,2,158,27.4567,0
oma_e40,4,4,10,0,2,159,24.1621,0
oma_e40,4,4,10,0,2,160,20.1316,0
oma_e40,4,4,10,0,2,161,22.6966,0
oma_e40,4,4,10,0,2,162,19.4689,0
oma_e40,4,4,10,0,2,163,24.9105,1
oma_e40,4,4,10,0,2,164,24.7994,0
oma_e40,4,4,10,0,2,165,23.3120,0
oma_e40,4,4,10,0,2,166,17.7541,0
oma_e40,4,4,10,0,2,167,23.1254,1
oma_e40,4,4,10,0,2,168,22.8692,0
oma_e40,4,4,10,0,2,169,20.8587,0
oma_e40,4,4,10,0,2,170,24.3376,0
oma_e40,4,4,10,0,2,171,23.4037,0
oma_e40,4,4,10,0,2,172,22.4241,0
oma_e40,4,4,10,0,2,173,19.9677,0
oma_e40,4,4,10,0,2,174,15.8610,1
oma_e40,4,4,10,0,3,150,19.9383,1
oma_e40,4,4,10,0,3,151,22.4434,0
oma_e40,4,4,10,0,3,152,25.3962,0
oma_e40,4,4,10,0,3,153,22.4827,1
oma_e40,4,4,10,0,3,154,27.1477,0
oma_e40,4,4,10,0,3,155,23.3371,0
oma_e40,4,4,10,0,3,156,21.5646,0
oma_e40,4,4,10,0,3,157,23.3741,0
oma_e40,4,4,10,0,3,158,20.5400,0
oma_e40,4,4,10,0,3,159,25.4861,0
oma_e40,4,4,10,0,3,160,24.6759,0
oma_e40,4,4,10,0,3,161,20.3343,0
oma_e40,4,4,10,0,3,162,18.9946,0
oma_e40,4,4,10,0,3,163,22.4864,1
oma_e40,4,4,10,0,3,164,23.8459,0
oma_e40,4,4,10,0,3,165,21.3337,0
oma_e40,4,4,10,0,3,166,20.1947,1
oma_e40,4,4,10,0,3,167,23.5238,0
oma_e40,4,4,10,0,3,168,22.1443,1
oma_e40,4,4,10,0,3,169,23.0518,0
oma_e40,4,4,10,0,3,170,27.1368,0
oma_e40,4,4,10,0,3,171,21.1758,0
oma_e40,4,4,10,0,3,172,20.8600,1
oma_e40,4,4,10,0,3,173,21.2561,1
oma_e40,4,4,10,0,3,174,20.9211,0
oma_e40,4,4,10,0,0,175,24.3434,0
oma_e40,4,4,10,0,0,176,26.4662,1
oma_e40,4,4,10,0,0,177,24.9674,0
oma_e40,4,4,10,0,0,178,24.7843,0
oma_e40,4,4,10,0,0,179,23.7767,0
oma_e40,4,4,10,0,0,180,26.0770,0
oma_e40,4,4,10,0,0,181,21.6792,0
oma_e40,4,4,10,0,0,182,22.0254,1
oma_e40,4,4,10,0,0,183,24.0915,0
oma_e40,4,4,10,0,0,184,24.5786,0
oma_e40,4,4,10,0,0,185,23.1055,0
oma_e40,4,4,10,0,0,186,19.4708,1
oma_e40,4,4,10,0,0,187,24.2935,1
oma_e40,4,4,10,0,0,188,16.6510,0
oma_e40,4,4,10,0,0,189,24.5330,0
oma_e40,4,4,10,0,0,190,24.1087,0
oma_e40,4,4,10,0,0,191,23.9526,0
oma_e40,4,4,10,0,0,192,24.4605,1
oma_e40,4,4,10,0,0,193,24.4799,0
oma_e40,4,4,10,0,0,194,19.7526,0
oma_e40,4,4,10,0,0,195,24.3878,0
oma_e40,4,4,10,0,0,196,26.9886,0
oma_e40,4,4,10,0,0,197,21.3615,1
oma_e40,4,4,10,0,0,198,21.7152,0
oma_e40,4,4,10,0,0,199,26.6959,0
oma_e40,4,4,10,0,1,175,20.7923,0
oma_e40,4,4,10,0,1,176,22.9716,0
oma_e40,4,4,10,0,1,177,24.2251,0
oma_e40,4,4,10,0,1,178,28.2041,0
oma_e40,4,4,10,0,1,179,23.4349,0
oma_e40,4,4,10,0,1,180,23.8418,0
oma_e40,4,4,10,0,1,181,19.8885,0
oma_e40,4,4,10,0,1,182,20.5229,0
oma_e40,4,4,10,0,1,183,21.3504,1
oma_e40,4,4,10,0,1,184,23.9007,1
oma_e40,4,4,10,0,1,185,20.1127,1
oma_e40,4,4,10,0,1,186,18.4965,1
oma_e40,4,4,10,0,1,187,21.9186,0
oma_e40,4,4,10,0,1,188,18.4828,1
oma_e40,4,4,10,0,1,189,21.6189,0
oma_e40,4,4,10,0,1,190,25.1385,0
oma_e40,4,4,10,0,1,191,21.8760,0
oma_e40,4,4,10,0,1,192,22.3314,0
oma_e40,4,4,10,0,1,193,22.4860,0
oma_e40,4,4,10,0,1,194,21.3300,1
oma_e40,4,4,10,0,1,195,22.8495,0
oma_e40,4,4,10,0,1,196,20.4715,0
oma_e40,4,4,10,0,1,197,19.2762,1
oma_e40,4,4,10,0,1,198,21.1513,0
oma_e40,4,4,10,0,1,199,19.5856,0
oma_e40,4,4,10,0,2,175,18.2738,1
oma_e40,4,4,10,0,2,176,24.8844,1
oma_e40,4,4,10,0,2,177,27.0288,0
oma_e40,4,4,10,0,2,178,20.8956,1
oma_e40,4,4,10,0,2,179,23.5494,0
oma_e40,4,4,10,0,2,180,21.8047,0
oma_e40,4,4,10,0,2,181,21.0662,0
oma_e40,4,4,10,0,2,182,19.5393,0
oma_e40,4,4,10,0,2,183,24.4381,0
oma_e40,4,4,10,0,2,184,22.2778,0
oma_e40,4,4,10,0,2,185,26.2335,0
oma_e40,4,4,10,0,2,186,18.1174,0
oma_e40,4,4,10,0,2,187,22.8943,1
oma_e40,4,4,10,0,2,188,19.6748,1
oma_e40,4,4,10,0,2,189,22.8883,0
oma_e40,4,4,10,0,2,190,24.8008,0
oma_e40,4,4,10,0,2,191,23.4368,1
oma_e40,4,4,10,0,2,192,24.9143,0
oma_e40,4,4,10,0,2,193,24.4726,0
oma_e40,4,4,10,0,2,194,20.8040,0
oma_e40,4,4,10,0,2,195,31.7570,0
oma_e40,4,4,10,0,2,196,20.6448,0
oma_e40,4,4,10,0,2,197,20.6585,1
oma_e40,4,4,10,0,2,198,21.8769,1
oma_e40,4,4,10,0,2,199,23.8930,0
oma_e40,4,4,10,0,3,175,22.1479,1
oma_e40,4,4,10,0,3,176,21.2106,0
oma_e40,4,4,10,0,3,177,25.3784,0
oma_e40,4,4,10,0,3,178,25.0373,0
oma_e40,4,4,10,0,3,179,18.1369,1
oma_e40,4,4,10,0,3,180,22.4314,0
oma_e40,4,4,10,0,3,181,23.0481,0
oma_e40,4,4,10,0,3,182,18.8258,0
oma_e40,4,4,10,0,3,183,15.6341,0
oma_e40,4,4,10,0,3,184,25.7986,0
oma_e40,4,4,10,0,3,185,26.2792,0
oma_e40,4,4,10,0,3,186,21.9168,0
oma_e40,4,4,10,0,3,187,21.8074,0
oma_e40,4,4,10,0,3,188,18.1323,0
oma_e40,4,4,10,0,3,189,22.5171,1
oma_e40,4,4,10,0,3,190,22.0266,0
oma_e40,4,4,10,0,3,191,23.9332,0
oma_e40,4,4,10,0,3,192,24.0780,0
oma_e40,4,4,10,0,3,193,21.0578,1
oma_e40,4,4,10,0,3,194,22.6752,0
oma_e40,4,4,10,0,3,195,26.7023,0
oma_e40,4,4,10,0,3,196,24.4350,0
oma_e40,4,4,10,0,3,197,16.7709,1
oma_e40,4,4,10,0,3,198,21.2597,0
oma_e40,4,4,10,0,3,199,24.3433,0
oma_e40,4,4,10,1,0,0,22.2739,0
oma_e40,4,4,10,1,0,1,22.5795,0
oma_e40,4,4,10,1,0,2,22.8568,0
oma_e40,4,4,10,1,0,3,14.0351,1
oma_e40,4,4,10,1,0,4,18.2197,0
oma_e40,4,4,10,1,0,5,23.2981,0
oma_e40,4,4,10,1,0,6,25.0637,0
oma_e40,4,4,10,1,0,7,14.5050,1
oma_e40,4,4,10,1,0,8,20.2234,1
oma_e40,4,4,10,1,0,9,22.0787,0
oma_e40,4,4,10,1,0,10,22.5569,0
oma_e40,4,4,10,1,0,11,19.0334,0
oma_e40,4,4,10,1,0,12,17.3060,0
oma_e40,4,4,10,1,0,13,19.9239,1
oma_e40,4,4,10,1,0,14,21.0655,1
oma_e40,4,4,10,1,0,15,22.2322,1
oma_e40,4,4,10,1,0,16,18.6886,1
oma_e40,4,4,10,1,0,17,22.8468,0
oma_e40,4,4,10,1,0,18,19.3026,0
oma_e40,4,4,10,1,0,19,21.5333,0
oma_e40,4,4,10,1,0,20,22.1999,0
oma_e40,4,4,10,1,0,21,15.3910,1
oma_e40,4,4,10,1,0,22,26.1084,0
oma_e40,4,4,10,1,0,23,25.0967,0
oma_e40,4,4,10,1,0,24,19.5684,1
oma_e40,4,4,10,1,1,0,27.4132,0
oma_e40,4,4,10,1,1,1,19.5474,1
oma_e40,4,4,10,1,1,2,24.7470,0
oma_e40,4,4,10,1,1,3,16.3161,1
oma_e40,4,4,10,1,1,4,19.5813,0
oma_e40,4,4,10,1,1,5,19.9696,0
oma_e40,4,4,10,1,1,6,21.9677,0
oma_e40,4,4,10,1,1,7,16.2364,0
oma_e40,4,4,10,1,1,8,21.4544,0
oma_e40,4,4,10,1,1,9,19.9138,0
oma_e40,4,4,10,1,1,10,19.6957,1
oma_e40,4,4,10,1,1,11,23.5512,1
oma_e40,4,4,10,1,1,12,18.1535,1
oma_e40,4,4,10,1,1,13,21.9017,0
oma_e40,4,4,10,1,1,14,22.6275,1
oma_e40,4,4,10,1,1,15,23.4001,0
oma_e40,4,4,10,1,1,16,16.2639,1
oma_e40,4,4,10,1,1,17,23.2092,1
oma_e40,4,4,10,1,1,18,19.1925,1
oma_e40,4,4,10,1,1,19,23.3844,0
oma_e40,4,4,10,1,1,20,29.1493,0
oma_e40,4,4,10,1,1,21,17.7842,0
oma_e40,4,4,10,1,1,22,21.1963,1
oma_e40,4,4,10,1,1,23,20.9646,0
oma_e40,4,4,10,1,1,24,19.1581,0
oma_e40,4,4,10,1,2,0,21.9898,0
oma_e40,4,4,10,1,2,1,20.6422,0
oma_e40,4,4,10,1,2,2,24.3623,1
oma_e40,4,4,10,1,2,3,14.0416,1
oma_e40,4,4,10,1,2,4,22.4495,0
oma_e40,4,4,10,1,2,5,23.4111,0
oma_e40,4,4,10,1,2,6,22.3843,0
oma_e40,4,4,10,1,2,7,15.8467,1
oma_e40,4,4,10,1,2,8,17.5300,1
oma_e40,4,4,10,1,2,9,22.1295,0
oma_e40,4,4,10,1,2,10,21.8545,0
oma_e40,4,4,10,1,2,11,25.5049,1
oma_e40,4,4,10,1,2,12,18.4098,0
oma_e40,4,4,10,1,2,13,20.6567,0
oma_e40,4,4,10,1,2,14,23.8636,1
oma_e40,4,4,10,1,2,15,25.1196,1
oma_e40,4,4,10,1,2,16,17.1579,0
oma_e40,4,4,10,1,2,17,22.7946,1
oma_e40,4,4,10,1,2,18,17.1775,1
oma_e40,4,4,10,1,2,19,23.9356,0
oma_e40,4,4,10,1,2,20,20.9711,0
oma_e40,4,4,10,1,2,21,18.2036,1
oma_e40,4,4,10,1,2,22,22.5988,0
oma_e40,4,4,10,1,2,23,27.7571,0
oma_e40,4,4,10,1,2,24,23.6291,0
oma_e40,4,4,10,1,3,0,23.0565,1
oma_e40,4,4,10,1,3,1,18.7907,1
oma_e40,4,4,10,1,3,2,22.3066,0
oma_e40,4,4,10,1,3,3,14.8068,1
oma_e40,4,4,10,1,3,4,19.6419,0
oma_e40,4,4,10,1,3,5,20.0617,0
oma_e40,4,4,10,1,3,6,20.3866,0
oma_e40,4,4,10,1,3,7,16.2926,1
oma_e40,4,4,10,1,3,8,21.7946,1
oma_e40,4,4,10,1,3,9,26.0996,0
oma_e40,4,4,10,1,3,10,23.9217,0
oma_e40,4,4,10,1,3,11,21.9297,1
oma_e40,4,4,10,1,3,12,16.5156,0
oma_e40,4,4,10,1,3,13,19.9453,1
oma_e40,4,4,10,1,3,14,19.4403,0
oma_e40,4,4,10,1,3,15,19.6508,1
oma_e40,4,4,10,1,3,16,18.0751,1
oma_e40,4,4,10,1,3,17,23.1730,0
oma_e40,4,4,10,1,3,18,22.3613,0
oma_e40,4,4,10,1,3,19,17.7770,0
oma_e40,4,4,10,1,3,20,26.1318,0
oma_e40,4,4,10,1,3,21,21.3787,1
oma_e40,4,4,10,1,3,22,23.2080,1
oma_e40,4,4,10,1,3,23,25.8447,0
oma_e40,4,4,10,1,3,24,22.5093,1
oma_e40,4,4,10,1,0,25,15.0523,1
oma_e40,4,4,10,1,0,26,23.8161,0
oma_e40,4,4,10,1,0,27,23.2603,0
oma_e40,4,4,10,1,0,28,23.5178,0
oma_e40,4,4,10,1,0,29,19.1175,0
oma_e40,4,4,10,1,0,30,19.1374,0
oma_e40,4,4,10,1,0,31,21.5489,0
oma_e40,4,4,10,1,0,32,19.9910,1
oma_e40,4,4,10,1,0,33,25.1798,0
oma_e40,4,4,10,1,0,34,23.5178,0
oma_e40,4,4,10,1,0,35,19.4919,1
oma_e40,4,4,10,1,0,36,22.4456,0
oma_e40,4,4,10,1,0,37,23.1461,0
oma_e40,4,4,10,1,0,38,18.8956,1
oma_e40,4,4,10,1,0,39,23.9907,0
oma_e40,4,4,10,1,0,40,17.5111,1
oma_e40,4,4,10,1,0,41,22.5901,0
oma_e40,4,4,10,1,0,42,22.8348,0
oma_e40,4,4,10,1,0,43,22.1466,0
oma_e40,4,4,10,1,0,44,24.5291,0
oma_e40,4,4,10,1,0,45,19.4058,1
oma_e40,4,4,10,1,0,46,19.0684,1
oma_e40,4,4,10,1,0,47,21.8003,1
oma_e40,4,4,10,1,0,48,22.1743,0
oma_e40,4,4,10,1,0,49,24.2820,0
oma_e40,4,4,10,1,1,25,16.8646,1
oma_e40,4,4,10,1,1,26,21.8277,0
oma_e40,4,4,10,1,1,27,20.6912,0
oma_e40,4,4,10,1,1,28,22.0714,0
oma_e40,4,4,10,1,1,29,20.4778,1
oma_e40,4,4,10,1,1,30,19.9941,0
oma_e40,4,4,10,1,1,31,20.5926,0
oma_e40,4,4,10,1,1,32,23.3794,0
oma_e40,4,4,10,1,1,33,29.6266,0
oma_e40,4,4,10,1,1,34,23.3924,0
oma_e40,4,4,10,1,1,35,20.6391,1
oma_e40,4,4,10,1,1,36,26.1217,0
oma_e40,4,4,10,1,1,37,19.9612,0
oma_e40,4,4,10,1,1,38,16.5930,1
oma_e40,4,4,10,1,1,39,20.9215,1
oma_e40,4,4,10,1,1,40,15.1459,1
oma_e40,4,4,10,1,1,41,26.5565,0
oma_e40,4,4,10,1,1,42,27.8098,1
oma_e40,4,4,10,1,1,43,22.3463,0
oma_e40,4,4,10,1,1,44,17.0829,0
oma_e40,4,4,10,1,1,45,19.3561,1
oma_e40,4,4,10,1,1,46,20.0307,1
oma_e40,4,4,10,1,1,47,18.5697,0
oma_e40,4,4,10,1,1,48,24.5725,0
oma_e40,4,4,10,1,1,49,21.4792,0
oma_e40,4,4,10,1,2,25,16.9641,1
oma_e40,4,4,10,1,2,26,22.5245,0
oma_e40,4,4,10,1,2,27,25.9596,0
oma_e40,4,4,10,1,2,28,24.8779,0
oma_e40,4,4,10,1,2,29,19.2057,0
oma_e40,4,4,10,1,2,30,15.3110,1
oma_e40,4,4,10,1,2,31,26.6616,0
oma_e40,4,4,10,1,2,32,17.3110,0
oma_e40,4,4,10,1,2,33,22.7540,0
oma_e40,4,4,10,1,2,34,24.5930,0
oma_e40,4,4,10,1,2,35,19.8765,1
oma_e40,4,4,10,1,2,36,22.5065,0
oma_e40,4,4,10,1,2,37,17.7502,1
oma_e40,4,4,10,1,2,38,17.0049,1
oma_e40,4,4,10,1,2,39,21.3650,0
oma_e40,4,4,10,1,2,40,15.3168,1
oma_e40,4,4,10,1,2,41,24.1216,1
oma_e40,4,4,10,1,2,42,19.7060,0
oma_e40,4,4,10,1,2,43,25.7981,0
oma_e40,4,4,10,1,2,44,20.0873,0
oma_e40,4,4,10,1,2,45,22.9307,1
oma_e40,4,4,10,1,2,46,19.5169,0
oma_e40,4,4,10,1,2,47,22.9803,1
oma_e40,4,4,10,1,2,48,25.5705,0
oma_e40,4,4,10,1,2,49,20.6739,0
oma_e40,4,4,10,1,3,25,18.4338,0
oma_e40,4,4,10,1,3,26,22.8208,0
oma_e40,4,4,10,1,3,27,21.1688,0
oma_e40,4,4,10,1,3,28,24.0504,0
oma_e40,4,4,10,1,3,29,20.9566,1
oma_e40,4,4,10,1,3,30,21.6575,1
oma_e40,4,4,10,1,3,31,20.1875,0
oma_e40,4,4,10,1,3,32,23.4868,0
oma_e40,4,4,10,1,3,33,29.6356,0
oma_e40,4,4,10,1,3,34,23.5386,0
oma_e40,4,4,10,1,3,35,20.6486,1
oma_e40,4,4,10,1,3,36,22.5017,0
oma_e40,4,4,10,1,3,37,19.3411,1
oma_e40,4,4,10,1,3,38,20.0229,1
oma_e40,4,4,10,1,3,39,23.7422,0
oma_e40,4,4,10,1,3,40,14.4604,1
oma_e40,4,4,10,1,3,41,22.7591,1
oma_e40,4,4,10,1,3,42,20.5976,0
oma_e40,4,4,10,1,3,43,21.9072,0
oma_e40,4,4,10,1,3,44,20.7266,1
oma_e40,4,4,10,1,3,45,22.4728,0
oma_e40,4,4,10,1,3,46,21.1505,1
oma_e40,4,4,10,1,3,47,20.6797,0
oma_e40,4,4,10,1,3,48,23.4510,0
oma_e40,4,4,10,1,3,49,21.6912,1
oma_e40,4,4,10,1,0,50,22.6764,0
oma_e40,4,4,10,1,0,51,22.1661,0
oma_e40,4,4,10,1,0,52,19.1339,0
oma_e40,4,4,10,1,0,53,23.5959,0
oma_e40,4,4,10,1,0,54,21.4572,0
oma_e40,4,4,10,1,0,55,15.3082,0
oma_e40,4,4,10,1,0,56,19.1812,0
oma_e40,4,4,10,1,0,57,20.2422,0
oma_e40,4,4,10,1,0,58,14.4005,1
oma_e40,4,4,10,1,0,59,25.6955,1
oma_e40,4,4,10,1,0,60,25.4552,0
oma_e40,4,4,10,1,0,61,22.2040,0
oma_e40,4,4,10,1,0,62,20.1645,0
oma_e40,4,4,10,1,0,63,22.1058,0
oma_e40,4,4,10,1,0,64,21.0364,1
oma_e40,4,4,10,1,0,65,20.0622,0
oma_e40,4,4,10,1,0,66,22.9346,1
oma_e40,4,4,10,1,0,67,25.6889,0
oma_e40,4,4,10,1,0,68,21.0361,1
oma_e40,4,4,10,1,0,69,21.4921,0
oma_e40,4,4,10,1,0,70,21.1780,1
oma_e40,4,4,10,1,0,71,21.9582,1
oma_e40,4,4,10,1,0,72,23.7129,0
oma_e40,4,4,10,1,0,73,24.2052,0
oma_e40,4,4,10,1,0,74,21.7849,0
oma_e40,4,4,10,1,1,50,21.4298,1
oma_e40,4,4,10,1,1,51,21.6390,1
oma_e40,4,4,10,1,1,52,23.1988,1
oma_e40,4,4,10,1,1,53,23.1039,0
oma_e40,4,4,10,1,1,54,17.4108,0
oma_e40,4,4,10,1,1,55,20.4118,1
oma_e40,4,4,10,1,1,56,24.0837,0
oma_e40,4,4,10,1,1,57,22.0445,0
oma_e40,4,4,10,1,1,58,14.7636,1
oma_e40,4,4,10,1,1,59,20.9607,0
oma_e40,4,4,10,1,1,60,27.1525,0
oma_e40,4,4,10,1,1,61,21.6679,0
oma_e40,4,4,10,1,1,62,20.6762,1
oma_e40,4,4,10,1,1,63,27.4767,1
oma_e40,4,4,10,1,1,64,18.9253,1
oma_e40,4,4,10,1,1,65,27.0828,0
oma_e40,4,4,10,1,1,66,25.0892,0
oma_e40,4,4,10,1,1,67,21.2694,0
oma_e40,4,4,10,1,1,68,19.8449,1
oma_e40,4,4,10,1,1,69,22.5586,1
oma_e40,4,4,10,1,1,70,18.6068,0
oma_e40,4,4,10,1,1,71,24.7207,0
oma_e40,4,4,10,1,1,72,24.7797,1
oma_e40,4,4,10,1,1,73,19.8415,1
oma_e40,4,4,10,1,1,74,23.0767,0
oma_e40,4,4,10,1,2,50,19.9266,0
oma_e40,4,4,10,1,2,51,22.3225,0
oma_e40,4,4,10,1,2,52,24.0375,0
oma_e40,4,4,10,1,2,53,21.9688,0
oma_e40,4,4,10,1,2,54,19.1395,0
oma_e40,4,4,10,1,2,55,23.2633,1
oma_e40,4,4,10,1,2,56,24.9951,0
oma_e40,4,4,10,1,2,57,24.9265,0
oma_e40,4,4,10,1,2,58,13.0071,1
oma_e40,4,4,10,1,2,59,21.6209,0
oma_e40,4,4,10,1,2,60,21.2891,0
oma_e40,4,4,10,1,2,61,21.8908,0
oma_e40,4,4,10,1,2,62,19.4051,1
oma_e40,4,4,10,1,2,63,21.5322,0
oma_e40,4,4,10,1,2,64,16.1866,1
oma_e40,4,4,10,1,2,65,24.8898,0
oma_e40,4,4,10,1,2,66,23.2288,0
oma_e40,4,4,10,1,2,67,21.3542,0
oma_e40,4,4,10,1,2,68,19.5553,1
oma_e40,4,4,10,1,2,69,24.2522,1
oma_e40,4,4,10,1,2,70,17.9350,1
oma_e40,4,4,10,1,2,71,22.3419,0
oma_e40,4,4,10,1,2,72,23.5686,0
oma_e40,4,4,10,1,2,73,19.7230,0
oma_e40,4,4,10,1,2,74,20.2386,0
oma_e40,4,4,10,1,3,50,19.9989,1
oma_e40,4,4,10,1,3,51,24.9579,1
oma_e40,4,4,10,1,3,52,22.5952,0
oma_e40,4,4,10,1,3,53,20.9923,0
oma_e40,4,4,10,1,3,54,24.8508,0
oma_e40,4,4,10,1,3,55,20.5778,1
oma_e40,4,4,10,1,3,56,27.0802,0
oma_e40,4,4,10,1,3,57,22.9102,0
oma_e40,4,4,10,1,3,58,14.5880,0
oma_e40,4,4,10,1,3,59,26.0196,0
oma_e40,4,4,10,1,3,60,24.5827,0
oma_e40,4,4,10,1,3,61,22.7565,0
oma_e40,4,4,10,1,3,62,19.7614,1
oma_e40,4,4,10,1,3,63,23.4671,0
oma_e40,4,4,10,1,3,64,18.8628,1
oma_e40,4,4,10,1,3,65,27.0379,0
oma_e40,4,4,10,1,3,66,24.7319,0
oma_e40,4,4,10,1,3,67,20.2524,0
oma_e40,4,4,10,1,3,68,23.4377,0
oma_e40,4,4,10,1,3,69,23.8768,1
oma_e40,4,4,10,1,3,70,21.1359,0
oma_e40,4,4,10,1,3,71,21.4500,0
oma_e40,4,4,10,1,3,72,23.7362,0
oma_e40,4,4,10,1,3,73,23.9668,0
oma_e40,4,4,10,1,3,74,23.0410,0
oma_e40,4,4,10,1,0,75,20.3393,0
oma_e40,4,4,10,1,0,76,22.4914,1
oma_e40,4,4,10,1,0,77,21.7134,0
oma_e40,4,4,10,1,0,78,23.8893,0
oma_e40,4,4,10,1,0,79,24.3788,0
oma_e40,4,4,10,1,0,80,19.6416,0
oma_e40,4,4,10,1,0,81,15.5934,1
oma_e40,4,4,10,1,0,82,22.3248,0
oma_e40,4,4,10,1,0,83,15.3045,1
oma_e40,4,4,10,1,0,84,20.1257,0
oma_e40,4,4,10,1,0,85,15.3959,1
oma_e40,4,4,10,1,0,86,21.1127,0
oma_e40,4,4,10,1,0,87,19.1276,0
oma_e40,4,4,10,1,0,88,23.1014,0
oma_e40,4,4,10,1,0,89,20.1479,1
oma_e40,4,4,10,1,0,90,19.5618,0
oma_e40,4,4,10,1,0,91,20.9110,0
oma_e40,4,4,10,1,0,92,23.2145,0
oma_e40,4,4,10,1,0,93,22.3458,1
oma_e40,4,4,10,1,0,94,22.9883,1
oma_e40,4,4,10,1,0,95,21.4051,0
oma_e40,4,4,10,1,0,96,25.9700,0
oma_e40,4,4,10,1,0,97,24.7081,0
oma_e40,4,4,10,1,0,98,24.7524,0
oma_e40,4,4,10,1,0,99,26.4140,0
oma_e40,4,4,10,1,1,75,22.0517,0
oma_e40,4,4,10,1,1,76,21.2790,0
oma_e40,4,4,10,1,1,77,27.0504,0
oma_e40,4,4,10,1,1,78,23.7308,1
oma_e40,4,4,10,1,1,79,21.0814,1
oma_e40,4,4,10,1,1,80,19.2315,1
oma_e40,4,4,10,1,1,81,18.7392,1
oma_e40,4,4,10,1,1,82,28.8788,0
oma_e40,4,4,10,1,1,83,17.9486,1
oma_e40,4,4,10,1,1,84,19.0425,1
oma_e40,4,4,10,1,1,85,19.6896,1
oma_e40,4,4,10,1,1,86,25.7040,0
oma_e40,4,4,10,1,1,87,22.5453,1
oma_e40,4,4,10,1,1,88,22.7490,0
oma_e40,4,4,10,1,1,89,21.1549,0
oma_e40,4,4,10,1,1,90,18.1183,1
oma_e40,4,4,10,1,1,91,20.6489,0
oma_e40,4,4,10,1,1,92,22.3755,0
oma_e40,4,4,10,1,1,93,22.4881,0
oma_e40,4,4,10,1,1,94,24.8144,0
oma_e40,4,4,10,1,1,95,20.4222,0
oma_e40,4,4,10,1,1,96,22.6359,0
oma_e40,4,4,10,1,1,97,27.9417,0
oma_e40,4,4,10,1,1,98,21.3940,0
oma_e40,4,4,10,1,1,99,24.5762,0
oma_e40,4,4,10,1,2,75,18.9323,1
oma_e40,4,4,10,1,2,76,21.8272,0
oma_e40,4,4,10,1,2,77,23.0175,0
oma_e40,4,4,10,1,2,78,24.8831,0
oma_e40,4,4,10,1,2,79,18.1760,0
oma_e40,4,4,10,1,2,80,21.5320,0
oma_e40,4,4,10,1,2,81,17.1542,1
oma_e40,4,4,10,1,2,82,24.6307,0
oma_e40,4,4,10,1,2,83,16.7937,1
oma_e40,4,4,10,1,2,84,24.1735,0
oma_e40,4,4,10,1,2,85,15.0332,1
oma_e40,4,4,10,1,2,86,23.3148,0
oma_e40,4,4,10,1,2,87,21.6215,0
oma_e40,4,4,10,1,2,88,25.0679,0
oma_e40,4,4,10,1,2,89,20.6105,0
oma_e40,4,4,10,1,2,90,20.9470,1
oma_e40,4,4,10,1,2,91,20.9203,0
oma_e40,4,4,10,1,2,92,22.3785,1
oma_e40,4,4,10,1,2,93,22.8226,1
oma_e40,4,4,10,1,2,94,21.2683,0
oma_e40,4,4,10,1,2,95,25.0066,0
oma_e40,4,4,10,1,2,96,23.7391,0
oma_e40,4,4,10,1,2,97,24.6960,0
oma_e40,4,4,10,1,2,98,26.0565,0
oma_e40,4,4,10,1,2,99,21.6815,0
oma_e40,4,4,10,1,3,75,27.7031,0
oma_e40,4,4,10,1,3,76,22.7736,1
oma_e40,4,4,10,1,3,77,24.5467,0
oma_e40,4,4,10,1,3,78,23.1783,0
oma_e40,4,4,10,1,3,79,21.7749,0
oma_e40,4,4,10,1,3,80,22.7655,0
oma_e40,4,4,10,1,3,81,16.1665,1
oma_e40,4,4,10,1,3,82,25.0417,0
oma_e40,4,4,10,1,3,83,18.5565,1
oma_e40,4,4,10,1,3,84,24.0870,1
oma_e40,4,4,10,1,3,85,14.5883,1
oma_e40,4,4,10,1,3,86,21.0391,1
oma_e40,4,4,10,1,3,87,16.9266,1
oma_e40,4,4,10,1,3,88,24.4321,0
oma_e40,4,4,10,1,3,89,23.3373,0
oma_e40,4,4,10,1,3,90,17.6678,0
oma_e40,4,4,10,1,3,91,21.8193,0
oma_e40,4,4,10,1,3,92,22.6986,0
oma_e40,4,4,10,1,3,93,22.5404,0
oma_e40,4,4,10,1,3,94,25.7477,1
oma_e40,4,4,10,1,3,95,18.8695,1
oma_e40,4,4,10,1,3,96,24.0457,0
oma_e40,4,4,10,1,3,97,22.7388,0
oma_e40,4,4,10,1,3,98,24.2407,0
oma_e40,4,4,10,1,3,99,27.6306,0
oma_e40,4,4,10,1,0,100,19.7239,0
oma_e40,4,4,10,1,0,101,17.7924,1
oma_e40,4,4,10,1,0,102,19.6985,0
oma_e40,4,4,10,1,0,103,17.7791,1
oma_e40,4,4,10,1,0,104,22.5306,0
oma_e40,4,4,10,1,0,105,21.8783,0
oma_e40,4,4,10,1,0,106,16.7591,1
oma_e40,4,4,10,1,0,107,22.2667,1
oma_e40,4,4,10,1,0,108,25.5106,0
oma_e40,4,4,10,1,0,109,23.6698,0
oma_e40,4,4,10,1,0,110,20.5115,0
oma_e40,4,4,10,1,0,111,23.8656,1
oma_e40,4,4,10,1,0,112,22.6211,0
oma_e40,4,4,10,1,0,113,25.1283,0
oma_e40,4,4,10,1,0,114,23.7935,0
oma_e40,4,4,10,1,0,115,22.3039,0
oma_e40,4,4,10,1,0,116,22.9626,0
oma_e40,4,4,10,1,0,117,22.5151,1
oma_e40,4,4,10,1,0,118,19.3342,1
oma_e40,4,4,10,1,0,119,19.1785,1
oma_e40,4,4,10,1,0,120,21.0229,0
oma_e40,4,4,10,1,0,121,22.0449,1
oma_e40,4,4,10,1,0,122,18.3500,0
oma_e40,4,4,10,1,0,123,19.9780,0
oma_e40,4,4,10,1,0,124,15.8076,1
oma_e40,4,4,10,1,1,100,23.1128,0
oma_e40,4,4,10,1,1,101,16.3212,1
oma_e40,4,4,10,1,1,102,18.2793,1
oma_e40,4,4,10,1,1,103,21.0257,0
oma_e40,4,4,10,1,1,104,21.4441,1
oma_e40,4,4,10,1,1,105,27.5603,1
oma_e40,4,4,10,1,1,106,16.5441,1
oma_e40,4,4,10,1,1,107,26.9908,0
oma_e40,4,4,10,1,1,108,25.7591,0
oma_e40,4,4,10,1,1,109,23.3481,0
oma_e40,4,4,10,1,1,110,21.5761,1
oma_e40,4,4,10,1,1,111,23.6774,1
oma_e40,4,4,10,1,1,112,24.2018,0
oma_e40,4,4,10,1,1,113,24.1739,0
oma_e40,4,4,10,1,1,114,22.5520,1
oma_e40,4,4,10,1,1,115,21.5954,1
oma_e40,4,4,10,1,1,116,19.8481,0
oma_e40,4,4,10,1,1,117,23.3492,1
oma_e40,4,4,10,1,1,118,19.2274,1
oma_e40,4,4,10,1,1,119,16.3192,1
oma_e40,4,4,10,1,1,120,21.7673,1
oma_e40,4,4,10,1,1,121,21.4993,0
oma_e40,4,4,10,1,1,122,22.2585,0
oma_e40,4,4,10,1,1,123,26.9564,0
oma_e40,4,4,10,1,1,124,17.5312,0
oma_e40,4,4,10,1,2,100,25.9868,0
oma_e40,4,4,10,1,2,101,15.4701,1
oma_e40,4,4,10,1,2,102,19.0074,1
oma_e40,4,4,10,1,2,103,18.2000,0
oma_e40,4,4,10,1,2,104,25.4538,0
oma_e40,4,4,10,1,2,105,19.6904,1
oma_e40,4,4,10,1,2,106,18.6056,1
oma_e40,4,4,10,1,2,107,19.3964,1
oma_e40,4,4,10,1,2,108,20.8472,0
oma_e40,4,4,10,1,2,109,24.5225,0
oma_e40,4,4,10,1,2,110,24.6213,0
oma_e40,4,4,10,1,2,111,23.6293,0
oma_e40,4,4,10,1,2,112,25.6036,0
oma_e40,4,4,10,1,2,113,23.4828,1
oma_e40,4,4,10,1,2,114,25.2270,0
oma_e40,4,4,10,1,2,115,20.5357,1
oma_e40,4,4,10,1,2,116,21.3336,0
oma_e40,4,4,10,1,2,117,22.7497,1
oma_e40,4,4,10,1,2,118,18.3552,1
oma_e40,4,4,10,1,2,119,17.6316,1
oma_e40,4,4,10,1,2,120,19.9662,0
oma_e40,4,4,10,1,2,121,18.8784,1
oma_e40,4,4,10,1,2,122,22.6478,1
oma_e40,4,4,10,1,2,123,28.0249,0
oma_e40,4,4,10,1,2,124,18.1643,1
oma_e40,4,4,10,1,3,100,24.4488,0
oma_e40,4,4,10,1,3,101,15.1379,1
oma_e40,4,4,10,1,3,102,19.1051,1
oma_e40,4,4,10,1,3,103,18.9302,1
oma_e40,4,4,10,1,3,104,25.1695,1
oma_e40,4,4,10,1,3,105,20.7830,0
oma_e40,4,4,10,1,3,106,17.7929,1
oma_e40,4,4,10,1,3,107,21.8863,1
oma_e40,4,4,10,1,3,108,18.9874,0
oma_e40,4,4,10,1,3,109,20.6260,1
oma_e40,4,4,10,1,3,110,24.7822,0
oma_e40,4,4,10,1,3,111,23.0388,0
oma_e40,4,4,10,1,3,112,25.0393,0
oma_e40,4,4,10,1,3,113,21.5387,1
oma_e40,4,4,10,1,3,114,21.1743,1
oma_e40,4,4,10,1,3,115,20.7090,1
oma_e40,4,4,10,1,3,116,25.5750,0
oma_e40,4,4,10,1,3,117,21.5671,0
oma_e40,4,4,10,1,3,118,20.0671,1
oma_e40,4,4,10,1,3,119,16.5945,1
oma_e40,4,4,10,1,3,120,20.1354,1
oma_e40,4,4,10,1,3,121,19.1197,1
oma_e40,4,4,10,1,3,122,26.9389,1
oma_e40,4,4,10,1,3,123,25.2703,0
oma_e40,4,4,10,1,3,124,16.2398,0
oma_e40,4,4,10,1,0,125,18.0327,0
oma_e40,4,4,10,1,0,126,23.4285,0
oma_e40,4,4,10,1,0,127,23.7060,0
oma_e40,4,4,10,1,0,128,21.0887,0
oma_e40,4,4,10,1,0,129,15.2633,1
oma_e40,4,4,10,1,0,130,27.1667,0
oma_e40,4,4,10,1,0,131,14.1556,1
oma_e40,4,4,10,1,0,132,22.1404,0
oma_e40,4,4,10,1,0,133,16.5229,1
oma_e40,4,4,10,1,0,134,23.3654,1
oma_e40,4,4,10,1,0,135,23.1444,1
oma_e40,4,4,10,1,0,136,22.9285,0
oma_e40,4,4,10,1,0,137,23.1048,0
oma_e40,4,4,10,1,0,138,14.0998,1
oma_e40,4,4,10,1,0,139,24.1026,0
oma_e40,4,4,10,1,0,140,18.7919,1
oma_e40,4,4,10,1,0,141,19.8355,1
oma_e40,4,4,10,1,0,142,21.2391,1
oma_e40,4,4,10,1,0,143,24.7382,0
oma_e40,4,4,10,1,0,144,20.4113,1
oma_e40,4,4,10,1,0,145,27.1929,0
oma_e40,4,4,10,1,0,146,26.5983,0
oma_e40,4,4,10,1,0,147,23.9728,0
oma_e40,4,4,10,1,0,148,21.9284,0
oma_e40,4,4,10,1,0,149,23.4123,1
oma_e40,4,4,10,1,1,125,21.6241,1
oma_e40,4,4,10,1,1,126,21.4209,1
oma_e40,4,4,10,1,1,127,23.4274,0
oma_e40,4,4,10,1,1,128,22.5298,0
oma_e40,4,4,10,1,1,129,16.0976,1
oma_e40,4,4,10,1,1,130,18.1841,1
oma_e40,4,4,10,1,1,131,11.8425,0
oma_e40,4,4,10,1,1,132,20.1593,0
oma_e40,4,4,10,1,1,133,16.1521,1
oma_e40,4,4,10,1,1,134,22.1483,1
oma_e40,4,4,10,1,1,135,24.4574,0
oma_e40,4,4,10,1,1,136,22.6316,0
oma_e40,4,4,10,1,1,137,23.6427,1
oma_e40,4,4,10,1,1,138,13.3025,0
oma_e40,4,4,10,1,1,139,23.4864,0
oma_e40,4,4,10,1,1,140,22.8020,1
oma_e40,4,4,10,1,1,141,19.4086,0
oma_e40,4,4,10,1,1,142,17.4918,1
oma_e40,4,4,10,1,1,143,20.4846,0
oma_e40,4,4,10,1,1,144,22.1681,1
oma_e40,4,4,10,1,1,145,25.7526,0
oma_e40,4,4,10,1,1,146,26.1021,0
oma_e40,4,4,10,1,1,147,28.1824,0
oma_e40,4,4,10,1,1,148,21.8519,0
oma_e40,4,4,10,1,1,149,21.0372,0
oma_e40,4,4,10,1,2,125,20.6515,0
oma_e40,4,4,10,1,2,126,21.4394,1
oma_e40,4,4,10,1,2,127,22.9795,1
oma_e40,4,4,10,1,2,128,20.4034,1
oma_e40,4,4,10,1,2,129,15.7009,1
oma_e40,4,4,10,1,2,130,22.0118,0
oma_e40,4,4,10,1,2,131,12.7725,0
oma_e40,4,4,10,1,2,132,24.1782,0
oma_e40,4,4,10,1,2,133,14.6731,0
oma_e40,4,4,10,1,2,134,20.7025,1
oma_e40,4,4,10,1,2,135,24.8729,0
oma_e40,4,4,10,1,2,136,21.4045,0
oma_e40,4,4,10,1,2,137,22.5059,0
oma_e40,4,4,10,1,2,138,14.7446,1
oma_e40,4,4,10,1,2,139,23.8997,0
oma_e40,4,4,10,1,2,140,23.1998,1
oma_e40,4,4,10,1,2,141,22.4974,0
oma_e40,4,4,10,1,2,142,17.9668,1
oma_e40,4,4,10,1,2,143,24.4128,0
oma_e40,4,4,10,1,2,144,20.1135,1
oma_e40,4,4,10,1,2,145,25.3515,0
oma_e40,4,4,10,1,2,146,21.7904,0
oma_e40,4,4,10,1,2,147,21.6653,0
oma_e40,4,4,10,1,2,148,22.7315,0
oma_e40,4,4,10,1,2,149,18.8631,1
oma_e40,4,4,10,1,3,125,21.5035,1
oma_e40,4,4,10,1,3,126,20.0099,0
oma_e40,4,4,10,1,3,127,22.8144,0
oma_e40,4,4,10,1,3,128,26.1209,0
oma_e40,4,4,10,1,3,129,16.5948,1
oma_e40,4,4,10,1,3,130,24.8190,1
oma_e40,4,4,10,1,3,131,14.2800,1
oma_e40,4,4,10,1,3,132,23.2145,0
oma_e40,4,4,10,1,3,133,14.6307,1
oma_e40,4,4,10,1,3,134,20.2812,0
oma_e40,4,4,10,1,3,135,22.1710,0
oma_e40,4,4,10,1,3,136,20.1215,0
oma_e40,4,4,10,1,3,137,19.1123,0
oma_e40,4,4,10,1,3,138,13.5763,1
oma_e40,4,4,10,1,3,139,23.3874,0
oma_e40,4,4,10,1,3,140,19.8694,1
oma_e40,4,4,10,1,3,141,23.1279,0
oma_e40,4,4,10,1,3,142,18.3622,1
oma_e40,4,4,10,1,3,143,26.9165,0
oma_e40,4,4,10,1,3,144,21.8293,0
oma_e40,4,4,10,1,3,145,25.9410,0
oma_e40,4,4,10,1,3,146,19.2139,1
oma_e40,4,4,10,1,3,147,19.7975,0
oma_e40,4,4,10,1,3,148,21.1236,0
oma_e40,4,4,10,1,3,149,19.8264,0
oma_e40,4,4,10,1,0,150,20.0862,0
oma_e40,4,4,10,1,0,151,23.4623,1
oma_e40,4,4,10,1,0,152,23.4361,0
oma_e40,4,4,10,1,0,153,23.4585,0
oma_e40,4,4,10,1,0,154,18.2267,0
oma_e40,4,4,10,1,0,155,25.0878,1
oma_e40,4,4,10,1,0,156,25.1416,0
oma_e40,4,4,10,1,0,157,17.0223,1
oma_e40,4,4,10,1,0,158,19.2435,1
oma_e40,4,4,10,1,0,159,19.9158,0
oma_e40,4,4,10,1,0,160,21.1088,0
oma_e40,4,4,10,1,0,161,24.0364,1
oma_e40,4,4,10,1,0,162,19.8551,0
oma_e40,4,4,10,1,0,163,14.7219,1
oma_e40,4,4,10,1,0,164,16.8239,1
oma_e40,4,4,10,1,0,165,21.0506,0
oma_e40,4,4,10,1,0,166,20.0677,1
oma_e40,4,4,10,1,0,167,21.6117,1
oma_e40,4,4,10,1,0,168,23.6816,0
oma_e40,4,4,10,1,0,169,25.6266,0
oma_e40,4,4,10,1,0,170,21.9653,0
oma_e40,4,4,10,1,0,171,22.8727,1
oma_e40,4,4,10,1,0,172,20.2780,1
oma_e40,4,4,10,1,0,173,23.9345,1
oma_e40,4,4,10,1,0,174,17.9044,0
oma_e40,4,4,10,1,1,150,20.3281,1
oma_e40,4,4,10,1,1,151,26.7813,0
oma_e40,4,4,10,1,1,152,22.0217,0
oma_e40,4,4,10,1,1,153,27.0627,0
oma_e40,4,4,10,1,1,154,19.2475,1
oma_e40,4,4,10,1,1,155,28.5507,1
oma_e40,4,4,10,1,1,156,22.9823,0
oma_e40,4,4,10,1,1,157,15.3583,1
oma_e40,4,4,10,1,1,158,16.4398,1
oma_e40,4,4,10,1,1,159,23.4665,1
oma_e40,4,4,10,1,1,160,22.1044,0
oma_e40,4,4,10,1,1,161,25.1041,0
oma_e40,4,4,10,1,1,162,20.3867,1
oma_e40,4,4,10,1,1,163,13.4025,1
oma_e40,4,4,10,1,1,164,16.4882,1
oma_e40,4,4,10,1,1,165,23.5997,0
oma_e40,4,4,10,1,1,166,21.1655,0
oma_e40,4,4,10,1,1,167,22.3119,0
oma_e40,4,4,10,1,1,168,24.0160,0
oma_e40,4,4,10,1,1,169,23.6138,0
oma_e40,4,4,10,1,1,170,26.4126,0
oma_e40,4,4,10,1,1,171,20.8599,0
oma_e40,4,4,10,1,1,172,21.8213,0
oma_e40,4,4,10,1,1,173,21.0452,0
oma_e40,4,4,10,1,1,174,24.8481,0
oma_e40,4,4,10,1,2,150,23.5172,0
oma_e40,4,4,10,1,2,151,18.5369,0
oma_e40,4,4,10,1,2,152,27.5114,0
oma_e40,4,4,10,1,2,153,24.7685,0
oma_e40,4,4,10,1,2,154,31.6843,0
oma_e40,4,4,10,1,2,155,24.6109,0
oma_e40,4,4,10,1,2,156,23.2339,1
oma_e40,4,4,10,1,2,157,16.6041,1
oma_e40,4,4,10,1,2,158,19.9841,1
oma_e40,4,4,10,1,2,159,23.6272,0
oma_e40,4,4,10,1,2,160,20.5338,0
oma_e40,4,4,10,1,2,161,22.1453,0
oma_e40,4,4,10,1,2,162,17.4781,1
oma_e40,4,4,10,1,2,163,16.0464,1
oma_e40,4,4,10,1,2,164,17.8778,1
oma_e40,4,4,10,1,2,165,24.8583,0
oma_e40,4,4,10,1,2,166,17.0865,0
oma_e40,4,4,10,1,2,167,23.4430,1
oma_e40,4,4,10,1,2,168,23.9433,0
oma_e40,4,4,10,1,2,169,21.8274,0
oma_e40,4,4,10,1,2,170,24.0531,0
oma_e40,4,4,10,1,2,171,24.3665,0
oma_e40,4,4,10,1,2,172,22.0561,0
oma_e40,4,4,10,1,2,173,19.1759,1
oma_e40,4,4,10,1,2,174,18.1875,1
oma_e40,4,4,10,1,3,150,21.2689,0
oma_e40,4,4,10,1,3,151,22.2481,0
oma_e40,4,4,10,1,3,152,25.9582,0
oma_e40,4,4,10,1,3,153,22.3496,1
oma_e40,4,4,10,1,3,154,28.5334,0
oma_e40,4,4,10,1,3,155,25.5304,0
oma_e40,4,4,10,1,3,156,21.3345,0
oma_e40,4,4,10,1,3,157,23.0965,0
oma_e40,4,4,10,1,3,158,16.4671,1
oma_e40,4,4,10,1,3,159,24.7208,0
oma_e40,4,4,10,1,3,160,25.0526,0
oma_e40,4,4,10,1,3,161,19.8130,0
oma_e40,4,4,10,1,3,162,16.7498,1
oma_e40,4,4,10,1,3,163,13.4069,1
oma_e40,4,4,10,1,3,164,18.2253,1
oma_e40,4,4,10,1,3,165,23.1478,0
oma_e40,4,4,10,1,3,166,19.5441,1
oma_e40,4,4,10,1,3,167,24.0479,0
oma_e40,4,4,10,1,3,168,23.0339,1
oma_e40,4,4,10,1,3,169,24.4714,0
oma_e40,4,4,10,1,3,170,26.5149,0
oma_e40,4,4,10,1,3,171,21.9047,0
oma_e40,4,4,10,1,3,172,20.5767,1
oma_e40,4,4,10,1,3,173,20.6411,1
oma_e40,4,4,10,1,3,174,23.8323,0
oma_e40,4,4,10,1,0,175,28.6422,0
oma_e40,4,4,10,1,0,176,26.0171,1
oma_e40,4,4,10,1,0,177,23.6326,0
oma_e40,4,4,10,1,0,178,24.4536,0
oma_e40,4,4,10,1,0,179,22.6884,0
oma_e40,4,4,10,1,0,180,25.3973,0
oma_e40,4,4,10,1,0,181,21.1577,1
oma_e40,4,4,10,1,0,182,22.7657,0
oma_e40,4,4,10,1,0,183,21.1753,0
oma_e40,4,4,10,1,0,184,25.0479,0
oma_e40,4,4,10,1,0,185,21.2002,0
oma_e40,4,4,10,1,0,186,20.6220,1
oma_e40,4,4,10,1,0,187,26.4558,0
oma_e40,4,4,10,1,0,188,20.2203,0
oma_e40,4,4,10,1,0,189,24.3897,0
oma_e40,4,4,10,1,0,190,22.9013,1
oma_e40,4,4,10,1,0,191,21.7271,0
oma_e40,4,4,10,1,0,192,23.3244,1
oma_e40,4,4,10,1,0,193,24.7092,0
oma_e40,4,4,10,1,0,194,20.1386,0
oma_e40,4,4,10,1,0,195,24.4614,0
oma_e40,4,4,10,1,0,196,27.0954,0
oma_e40,4,4,10,1,0,197,28.9711,0
oma_e40,4,4,10,1,0,198,24.0727,0
oma_e40,4,4,10,1,0,199,24.0476,1
oma_e40,4,4,10,1,1,175,23.8297,0
oma_e40,4,4,10,1,1,176,21.9025,0
oma_e40,4,4,10,1,1,177,22.8000,0
oma_e40,4,4,10,1,1,178,28.1463,0
oma_e40,4,4,10,1,1,179,22.3131,1
oma_e40,4,4,10,1,1,180,23.3247,0
oma_e40,4,4,10,1,1,181,19.2030,0
oma_e40,4,4,10,1,1,182,21.4943,0
oma_e40,4,4,10,1,1,183,19.5813,1
oma_e40,4,4,10,1,1,184,24.3904,1
oma_e40,4,4,10,1,1,185,18.3436,1
oma_e40,4,4,10,1,1,186,19.1415,1
oma_e40,4,4,10,1,1,187,23.5854,0
oma_e40,4,4,10,1,1,188,23.0782,0
oma_e40,4,4,10,1,1,189,21.4238,1
oma_e40,4,4,10,1,1,190,23.2910,0
oma_e40,4,4,10,1,1,191,19.9622,1
oma_e40,4,4,10,1,1,192,21.1286,0
oma_e40,4,4,10,1,1,193,22.6691,0
oma_e40,4,4,10,1,1,194,21.4163,1
oma_e40,4,4,10,1,1,195,23.1495,0
oma_e40,4,4,10,1,1,196,20.5445,1
oma_e40,4,4,10,1,1,197,24.7308,0
oma_e40,4,4,10,1,1,198,22.3827,0
oma_e40,4,4,10,1,1,199,18.3903,1
oma_e40,4,4,10,1,2,175,20.4080,0
oma_e40,4,4,10,1,2,176,23.6333,1
oma_e40,4,4,10,1,2,177,26.1492,0
oma_e40,4,4,10,1,2,178,20.6940,1
oma_e40,4,4,10,1,2,179,22.1007,0
oma_e40,4,4,10,1,2,180,21.4076,0
oma_e40,4,4,10,1,2,181,20.6287,0
oma_e40,4,4,10,1,2,182,20.4492,0
oma_e40,4,4,10,1,2,183,22.3146,0
oma_e40,4,4,10,1,2,184,22.5949,0
oma_e40,4,4,10,1,2,185,23.3350,0
oma_e40,4,4,10,1,2,186,18.8701,0
oma_e40,4,4,10,1,2,187,25.4657,0
oma_e40,4,4,10,1,2,188,24.9250,0
oma_e40,4,4,10,1,2,189,22.7503,0
oma_e40,4,4,10,1,2,190,23.4675,0
oma_e40,4,4,10,1,2,191,21.1581,1
oma_e40,4,4,10,1,2,192,23.2871,0
oma_e40,4,4,10,1,2,193,25.0075,0
oma_e40,4,4,10,1,2,194,21.1043,0
oma_e40,4,4,10,1,2,195,32.4891,0
oma_e40,4,4,10,1,2,196,20.7715,0
oma_e40,4,4,10,1,2,197,27.1461,1
oma_e40,4,4,10,1,2,198,23.4463,0
oma_e40,4,4,10,1,2,199,21.0599,1
oma_e40,4,4,10,1,3,175,26.6242,0
oma_e40,4,4,10,1,3,176,20.3252,0
oma_e40,4,4,10,1,3,177,23.9863,0
oma_e40,4,4,10,1,3,178,24.7321,0
oma_e40,4,4,10,1,3,179,17.3637,1
oma_e40,4,4,10,1,3,180,21.9390,0
oma_e40,4,4,10,1,3,181,21.9582,0
oma_e40,4,4,10,1,3,182,19.2879,0
oma_e40,4,4,10,1,3,183,14.8741,0
oma_e40,4,4,10,1,3,184,26.0268,0
oma_e40,4,4,10,1,3,185,24.0549,0
oma_e40,4,4,10,1,3,186,23.1959,0
oma_e40,4,4,10,1,3,187,23.4422,0
oma_e40,4,4,10,1,3,188,24.2362,0
oma_e40,4,4,10,1,3,189,22.4989,1
oma_e40,4,4,10,1,3,190,20.9127,0
oma_e40,4,4,10,1,3,191,21.5957,0
oma_e40,4,4,10,1,3,192,22.5467,0
oma_e40,4,4,10,1,3,193,21.2448,0
oma_e40,4,4,10,1,3,194,22.9778,0
oma_e40,4,4,10,1,3,195,26.6564,0
oma_e40,4,4,10,1,3,196,24.6694,0
oma_e40,4,4,10,1,3,197,21.7966,0
oma_e40,4,4,10,1,3,198,22.8876,0
oma_e40,4,4,10,1,3,199,22.5405,0
oma_e40,4,4,10,2,0,0,16.2376,1
oma_e40,4,4,10,2,0,1,23.9574,0
oma_e40,4,4,10,2,0,2,20.4716,1
oma_e40,4,4,10,2,0,3,21.1971,1
oma_e40,4,4,10,2,0,4,21.8444,0
oma_e40,4,4,10,2,0,5,21.2674,0
oma_e40,4,4,10,2,0,6,24.8397,0
oma_e40,4,4,10,2,0,7,16.0770,1
oma_e40,4,4,10,2,0,8,22.8514,0
oma_e40,4,4,10,2,0,9,17.4172,1
oma_e40,4,4,10,2,0,10,23.4276,0
oma_e40,4,4,10,2,0,11,17.0529,0
oma_e40,4,4,10,2,0,12,17.5808,0
oma_e40,4,4,10,2,0,13,13.8597,1
oma_e40,4,4,10,2,0,14,21.7531,1
oma_e40,4,4,10,2,0,15,19.6140,1
oma_e40,4,4,10,2,0,16,23.9047,0
oma_e40,4,4,10,2,0,17,23.0185,0
oma_e40,4,4,10,2,0,18,22.3486,0
oma_e40,4,4,10,2,0,19,21.9996,1
oma_e40,4,4,10,2,0,20,20.6548,1
oma_e40,4,4,10,2,0,21,17.9010,1
oma_e40,4,4,10,2,0,22,25.2266,0
oma_e40,4,4,10,2,0,23,23.9766,0
oma_e40,4,4,10,2,0,24,20.8353,0
oma_e40,4,4,10,2,1,0,18.2697,1
oma_e40,4,4,10,2,1,1,20.6378,1
oma_e40,4,4,10,2,1,2,22.2251,0
oma_e40,4,4,10,2,1,3,25.2733,0
oma_e40,4,4,10,2,1,4,21.9005,0
oma_e40,4,4,10,2,1,5,18.5444,0
oma_e40,4,4,10,2,1,6,21.7951,0
oma_e40,4,4,10,2,1,7,18.5058,0
oma_e40,4,4,10,2,1,8,24.6784,0
oma_e40,4,4,10,2,1,9,16.0673,1
oma_e40,4,4,10,2,1,10,20.3833,1
oma_e40,4,4,10,2,1,11,20.3388,1
oma_e40,4,4,10,2,1,12,17.8177,1
oma_e40,4,4,10,2,1,13,15.6324,1
oma_e40,4,4,10,2,1,14,23.4087,1
oma_e40,4,4,10,2,1,15,19.5967,0
oma_e40,4,4,10,2,1,16,21.6105,0
oma_e40,4,4,10,2,1,17,23.2691,1
oma_e40,4,4,10,2,1,18,23.1104,0
oma_e40,4,4,10,2,1,19,23.9591,0
oma_e40,4,4,10,2,1,20,25.8410,0
oma_e40,4,4,10,2,1,21,22.7794,0
oma_e40,4,4,10,2,1,22,20.5749,1
oma_e40,4,4,10,2,1,23,20.4749,0
oma_e40,4,4,10,2,1,24,20.5579,0
oma_e40,4,4,10,2,2,0,15.6991,1
oma_e40,4,4,10,2,2,1,22.3090,1
oma_e40,4,4,10,2,2,2,21.5552,1
oma_e40,4,4,10,2,2,3,20.7478,0
oma_e40,4,4,10,2,2,4,26.0458,0
oma_e40,4,4,10,2,2,5,21.1617,0
oma_e40,4,4,10,2,2,6,22.1608,0
oma_e40,4,4,10,2,2,7,18.4131,0
oma_e40,4,4,10,2,2,8,19.4998,1
oma_e40,4,4,10,2,2,9,17.6128,1
oma_e40,4,4,10,2,2,10,22.4192,0
oma_e40,4,4,10,2,2,11,22.8087,1
oma_e40,4,4,10,2,2,12,17.6286,0
oma_e40,4,4,10,2,2,13,12.7469,1
oma_e40,4,4,10,2,2,14,24.9232,1
oma_e40,4,4,10,2,2,15,22.0811,1
oma_e40,4,4,10,2,2,16,23.1590,0
oma_e40,4,4,10,2,2,17,22.9038,1
oma_e40,4,4,10,2,2,18,20.2763,0
oma_e40,4,4,10,2,2,19,24.8703,0
oma_e40,4,4,10,2,2,20,19.2130,0
oma_e40,4,4,10,2,2,21,20.7115,0
oma_e40,4,4,10,2,2,22,21.8121,0
oma_e40,4,4,10,2,2,23,26.7391,0
oma_e40,4,4,10,2,2,24,26.7887,0
oma_e40,4,4,10,2,3,0,16.6483,1
oma_e40,4,4,10,2,3,1,19.6368,1
oma_e40,4,4,10,2,3,2,20.1557,0
oma_e40,4,4,10,2,3,3,19.9833,1
oma_e40,4,4,10,2,3,4,22.8862,0
oma_e40,4,4,10,2,3,5,18.6388,1
oma_e40,4,4,10,2,3,6,20.2737,0
oma_e40,4,4,10,2,3,7,18.7708,1
oma_e40,4,4,10,2,3,8,25.0204,0
oma_e40,4,4,10,2,3,9,19.1449,0
oma_e40,4,4,10,2,3,10,24.5641,0
oma_e40,4,4,10,2,3,11,19.4570,1
oma_e40,4,4,10,2,3,12,16.5268,0
oma_e40,4,4,10,2,3,13,12.1652,1
oma_e40,4,4,10,2,3,14,19.8373,0
oma_e40,4,4,10,2,3,15,17.6336,1
oma_e40,4,4,10,2,3,16,23.3472,0
oma_e40,4,4,10,2,3,17,23.1075,1
oma_e40,4,4,10,2,3,18,28.0529,0
oma_e40,4,4,10,2,3,19,18.0104,0
oma_e40,4,4,10,2,3,20,23.8626,1
oma_e40,4,4,10,2,3,21,27.9986,0
oma_e40,4,4,10,2,3,22,22.6441,1
oma_e40,4,4,10,2,3,23,24.7037,0
oma_e40,4,4,10,2,3,24,24.4894,0
oma_e40,4,4,10,2,0,25,17.8215,1
oma_e40,4,4,10,2,0,26,23.9587,0
oma_e40,4,4,10,2,0,27,20.5264,1
oma_e40,4,4,10,2,0,28,22.4423,0
oma_e40,4,4,10,2,0,29,21.1062,0
oma_e40,4,4,10,2,0,30,20.8039,1
oma_e40,4,4,10,2,0,31,22.1060,0
oma_e40,4,4,10,2,0,32,21.3629,1
oma_e40,4,4,10,2,0,33,23.2183,1
oma_e40,4,4,10,2,0,34,22.6741,0
oma_e40,4,4,10,2,0,35,20.4752,0
oma_e40,4,4,10,2,0,36,21.8330,0
oma_e40,4,4,10,2,0,37,24.9583,0
oma_e40,4,4,10,2,0,38,21.9443,1
oma_e40,4,4,10,2,0,39,26.6878,0
oma_e40,4,4,10,2,0,40,25.5119,1
oma_e40,4,4,10,2,0,41,22.4385,0
oma_e40,4,4,10,2,0,42,24.4574,0
oma_e40,4,4,10,2,0,43,21.8845,0
oma_e40,4,4,10,2,0,44,24.0793,0
oma_e40,4,4,10,2,0,45,16.0849,1
oma_e40,4,4,10,2,0,46,19.8862,1
oma_e40,4,4,10,2,0,47,23.0831,0
oma_e40,4,4,10,2,0,48,21.2550,1
oma_e40,4,4,10,2,0,49,19.0094,1
oma_e40,4,4,10,2,1,25,20.8160,0
oma_e40,4,4,10,2,1,26,22.1134,0
oma_e40,4,4,10,2,1,27,18.3628,1
oma_e40,4,4,10,2,1,28,20.7350,0
oma_e40,4,4,10,2,1,29,22.6449,0
oma_e40,4,4,10,2,1,30,21.3284,0
oma_e40,4,4,10,2,1,31,20.8769,0
oma_e40,4,4,10,2,1,32,25.5884,0
oma_e40,4,4,10,2,1,33,27.1866,0
oma_e40,4,4,10,2,1,34,22.5726,1
oma_e40,4,4,10,2,1,35,22.0398,1
oma_e40,4,4,10,2,1,36,24.9960,0
oma_e40,4,4,10,2,1,37,20.7172,0
oma_e40,4,4,10,2,1,38,20.0978,0
oma_e40,4,4,10,2,1,39,23.3591,0
oma_e40,4,4,10,2,1,40,24.5700,1
oma_e40,4,4,10,2,1,41,26.3986,0
oma_e40,4,4,10,2,1,42,30.9253,1
oma_e40,4,4,10,2,1,43,22.0604,0
oma_e40,4,4,10,2,1,44,17.0906,0
oma_e40,4,4,10,2,1,45,16.0771,1
oma_e40,4,4,10,2,1,46,21.1127,0
oma_e40,4,4,10,2,1,47,19.3244,0
oma_e40,4,4,10,2,1,48,23.1639,0
oma_e40,4,4,10,2,1,49,17.0697,0
oma_e40,4,4,10,2,2,25,21.0157,1
oma_e40,4,4,10,2,2,26,22.5287,0
oma_e40,4,4,10,2,2,27,21.6751,1
oma_e40,4,4,10,2,2,28,23.1624,0
oma_e40,4,4,10,2,2,29,21.3749,0
oma_e40,4,4,10,2,2,30,16.3329,1
oma_e40,4,4,10,2,2,31,26.9324,0
oma_e40,4,4,10,2,2,32,18.0981,0
oma_e40,4,4,10,2,2,33,21.3606,1
oma_e40,4,4,10,2,2,34,23.6771,0
oma_e40,4,4,10,2,2,35,21.3732,0
oma_e40,4,4,10,2,2,36,21.7819,0
oma_e40,4,4,10,2,2,37,18.3516,0
oma_e40,4,4,10,2,2,38,20.0364,1
oma_e40,4,4,10,2,2,39,24.1724,0
oma_e40,4,4,10,2,2,40,24.3432,0
oma_e40,4,4,10,2,2,41,23.9757,1
oma_e40,4,4,10,2,2,42,21.1031,1
oma_e40,4,4,10,2,2,43,25.3423,0
oma_e40,4,4,10,2,2,44,19.9606,0
oma_e40,4,4,10,2,2,45,18.3844,0
oma_e40,4,4,10,2,2,46,20.8262,0
oma_e40,4,4,10,2,2,47,23.8094,0
oma_e40,4,4,10,2,2,48,24.9067,0
oma_e40,4,4,10,2,2,49,16.8939,1
oma_e40,4,4,10,2,3,25,22.5905,0
oma_e40,4,4,10,2,3,26,23.0711,0
oma_e40,4,4,10,2,3,27,18.3445,1
oma_e40,4,4,10,2,3,28,22.8608,1
oma_e40,4,4,10,2,3,29,23.5637,0
oma_e40,4,4,10,2,3,30,23.1933,1
oma_e40,4,4,10,2,3,31,20.6058,0
oma_e40,4,4,10,2,3,32,25.2034,0
oma_e40,4,4,10,2,3,33,28.4875,0
oma_e40,4,4,10,2,3,34,22.4609,0
oma_e40,4,4,10,2,3,35,22.4916,1
oma_e40,4,4,10,2,3,36,21.8414,0
oma_e40,4,4,10,2,3,37,20.2188,0
oma_e40,4,4,10,2,3,38,24.4874,0
oma_e40,4,4,10,2,3,39,26.2242,0
oma_e40,4,4,10,2,3,40,25.3158,1
oma_e40,4,4,10,2,3,41,22.6309,1
oma_e40,4,4,10,2,3,42,21.7392,0
oma_e40,4,4,10,2,3,43,21.7492,0
oma_e40,4,4,10,2,3,44,20.3173,1
oma_e40,4,4,10,2,3,45,19.7196,1
oma_e40,4,4,10,2,3,46,22.2718,1
oma_e40,4,4,10,2,3,47,21.4329,0
oma_e40,4,4,10,2,3,48,22.6143,0
oma_e40,4,4,10,2,3,49,17.1590,1
oma_e40,4,4,10,2,0,50,25.2482,0
oma_e40,4,4,10,2,0,51,23.9703,0
oma_e40,4,4,10,2,0,52,19.3249,0
oma_e40,4,4,10,2,0,53,24.4269,0
oma_e40,4,4,10,2,0,54,20.7716,0
oma_e40,4,4,10,2,0,55,12.4671,1
oma_e40,4,4,10,2,0,56,19.5812,0
oma_e40,4,4,10,2,0,57,16.2714,1
oma_e40,4,4,10,2,0,58,25.0754,0
oma_e40,4,4,10,2,0,59,25.0022,1
oma_e40,4,4,10,2,0,60,21.3432,1
oma_e40,4,4,10,2,0,61,19.6603,1
oma_e40,4,4,10,2,0,62,21.6990,0
oma_e40,4,4,10,2,0,63,18.9069,1
oma_e40,4,4,10,2,0,64,24.2117,0
oma_e40,4,4,10,2,0,65,19.5635,0
oma_e40,4,4,10,2,0,66,22.4976,1
oma_e40,4,4,10,2,0,67,27.6324,0
oma_e40,4,4,10,2,0,68,22.6143,0
oma_e40,4,4,10,2,0,69,21.3445,0
oma_e40,4,4,10,2,0,70,13.4965,1
oma_e40,4,4,10,2,0,71,23.7317,0
oma_e40,4,4,10,2,0,72,24.0584,0
oma_e40,4,4,10,2,0,73,26.5415,0
oma_e40,4,4,10,2,0,74,20.2329,1
oma_e40,4,4,10,2,1,50,23.1737,1
oma_e40,4,4,10,2,1,51,22.9153,0
oma_e40,4,4,10,2,1,52,23.6874,1
oma_e40,4,4,10,2,1,53,23.4670,0
oma_e40,4,4,10,2,1,54,17.0530,0
oma_e40,4,4,10,2,1,55,16.0534,1
oma_e40,4,4,10,2,1,56,24.5953,0
oma_e40,4,4,10,2,1,57,16.8246,0
oma_e40,4,4,10,2,1,58,26.4599,0
oma_e40,4,4,10,2,1,59,20.3454,0
oma_e40,4,4,10,2,1,60,20.4321,0
oma_e40,4,4,10,2,1,61,18.5688,1
oma_e40,4,4,10,2,1,62,23.8519,0
oma_e40,4,4,10,2,1,63,23.1340,1
oma_e40,4,4,10,2,1,64,22.8042,0
oma_e40,4,4,10,2,1,65,24.7956,1
oma_e40,4,4,10,2,1,66,24.5856,0
oma_e40,4,4,10,2,1,67,23.0904,0
oma_e40,4,4,10,2,1,68,20.9709,1
oma_e40,4,4,10,2,1,69,22.1621,1
oma_e40,4,4,10,2,1,70,15.2530,1
oma_e40,4,4,10,2,1,71,28.0528,0
oma_e40,4,4,10,2,1,72,25.6916,0
oma_e40,4,4,10,2,1,73,21.2981,0
oma_e40,4,4,10,2,1,74,20.1663,1
oma_e40,4,4,10,2,2,50,21.6790,0
oma_e40,4,4,10,2,2,51,24.4077,0
oma_e40,4,4,10,2,2,52,24.1702,0
oma_e40,4,4,10,2,2,53,22.4676,0
oma_e40,4,4,10,2,2,54,18.6711,0
oma_e40,4,4,10,2,2,55,18.5230,1
oma_e40,4,4,10,2,2,56,25.7986,0
oma_e40,4,4,10,2,2,57,18.4090,1
oma_e40,4,4,10,2,2,58,22.4001,1
oma_e40,4,4,10,2,2,59,21.1226,0
oma_e40,4,4,10,2,2,60,17.4319,1
oma_e40,4,4,10,2,2,61,19.4412,0
oma_e40,4,4,10,2,2,62,20.8749,0
oma_e40,4,4,10,2,2,63,18.2518,1
oma_e40,4,4,10,2,2,64,18.9281,0
oma_e40,4,4,10,2,2,65,23.8622,0
oma_e40,4,4,10,2,2,66,22.7262,0
oma_e40,4,4,10,2,2,67,23.6775,0
oma_e40,4,4,10,2,2,68,21.0183,1
oma_e40,4,4,10,2,2,69,24.2647,0
oma_e40,4,4,10,2,2,70,11.3182,1
oma_e40,4,4,10,2,2,71,24.1516,0
oma_e40,4,4,10,2,2,72,23.9022,0
oma_e40,4,4,10,2,2,73,21.0306,0
oma_e40,4,4,10,2,2,74,18.1042,1
oma_e40,4,4,10,2,3,50,22.1111,1
oma_e40,4,4,10,2,3,51,26.6366,0
oma_e40,4,4,10,2,3,52,22.6765,0
oma_e40,4,4,10,2,3,53,21.5986,0
oma_e40,4,4,10,2,3,54,23.7622,1
oma_e40,4,4,10,2,3,55,16.9308,1
oma_e40,4,4,10,2,3,56,28.1192,0
oma_e40,4,4,10,2,3,57,16.2717,1
oma_e40,4,4,10,2,3,58,23.8152,0
oma_e40,4,4,10,2,3,59,24.9223,0
oma_e40,4,4,10,2,3,60,20.5817,1
oma_e40,4,4,10,2,3,61,19.7644,1
oma_e40,4,4,10,2,3,62,21.0967,1
oma_e40,4,4,10,2,3,63,19.2050,1
oma_e40,4,4,10,2,3,64,23.9897,0
oma_e40,4,4,10,2,3,65,25.8519,0
oma_e40,4,4,10,2,3,66,24.1917,0
oma_e40,4,4,10,2,3,67,21.7263,0
oma_e40,4,4,10,2,3,68,24.4237,0
oma_e40,4,4,10,2,3,69,24.3909,1
oma_e40,4,4,10,2,3,70,15.0515,1
oma_e40,4,4,10,2,3,71,23.1319,0
oma_e40,4,4,10,2,3,72,24.3321,0
oma_e40,4,4,10,2,3,73,25.8802,0
oma_e40,4,4,10,2,3,74,20.2736,1
oma_e40,4,4,10,2,0,75,19.9765,0
oma_e40,4,4,10,2,0,76,24.7931,0
oma_e40,4,4,10,2,0,77,21.1987,0
oma_e40,4,4,10,2,0,78,23.5414,0
oma_e40,4,4,10,2,0,79,23.1280,1
oma_e40,4,4,10,2,0,80,21.9744,0
oma_e40,4,4,10,2,0,81,20.6829,0
oma_e40,4,4,10,2,0,82,22.6614,0
oma_e40,4,4,10,2,0,83,17.8547,1
oma_e40,4,4,10,2,0,84,21.3608,0
oma_e40,4,4,10,2,0,85,15.8936,0
oma_e40,4,4,10,2,0,86,19.3944,0
oma_e40,4,4,10,2,0,87,20.7216,0
oma_e40,4,4,10,2,0,88,21.6678,0
oma_e40,4,4,10,2,0,89,22.5152,0
oma_e40,4,4,10,2,0,90,20.2124,0
oma_e40,4,4,10,2,0,91,21.0219,0
oma_e40,4,4,10,2,0,92,23.5367,0
oma_e40,4,4,10,2,0,93,22.3288,1
oma_e40,4,4,10,2,0,94,23.1352,1
oma_e40,4,4,10,2,0,95,22.7519,0
oma_e40,4,4,10,2,0,96,26.5571,0
oma_e40,4,4,10,2,0,97,17.8579,1
oma_e40,4,4,10,2,0,98,23.8611,0
oma_e40,4,4,10,2,0,99,25.5490,0
oma_e40,4,4,10,2,1,75,21.4986,0
oma_e40,4,4,10,2,1,76,22.9331,0
oma_e40,4,4,10,2,1,77,26.2880,0
oma_e40,4,4,10,2,1,78,23.3817,0
oma_e40,4,4,10,2,1,79,20.1020,1
oma_e40,4,4,10,2,1,80,20.8208,0
oma_e40,4,4,10,2,1,81,25.7837,1
oma_e40,4,4,10,2,1,82,29.8630,0
oma_e40,4,4,10,2,1,83,21.5027,1
oma_e40,4,4,10,2,1,84,19.6606,1
oma_e40,4,4,10,2,1,85,18.5307,1
oma_e40,4,4,10,2,1,86,21.6622,0
oma_e40,4,4,10,2,1,87,25.0467,1
oma_e40,4,4,10,2,1,88,20.9495,1
oma_e40,4,4,10,2,1,89,23.0894,0
oma_e40,4,4,10,2,1,90,18.7835,1
oma_e40,4,4,10,2,1,91,20.7761,0
oma_e40,4,4,10,2,1,92,22.7766,0
oma_e40,4,4,10,2,1,93,22.3930,0
oma_e40,4,4,10,2,1,94,24.4719,0
oma_e40,4,4,10,2,1,95,21.2851,0
oma_e40,4,4,10,2,1,96,22.7839,0
oma_e40,4,4,10,2,1,97,20.4345,1
oma_e40,4,4,10,2,1,98,20.8795,0
oma_e40,4,4,10,2,1,99,23.5172,0
oma_e40,4,4,10,2,2,75,18.3937,1
oma_e40,4,4,10,2,2,76,23.0828,0
oma_e40,4,4,10,2,2,77,22.2686,0
oma_e40,4,4,10,2,2,78,24.5480,0
oma_e40,4,4,10,2,2,79,17.6465,0
oma_e40,4,4,10,2,2,80,23.9721,0
oma_e40,4,4,10,2,2,81,22.7512,1
oma_e40,4,4,10,2,2,82,25.1392,0
oma_e40,4,4,10,2,2,83,20.7597,0
oma_e40,4,4,10,2,2,84,25.7622,1
oma_e40,4,4,10,2,2,85,15.9076,1
oma_e40,4,4,10,2,2,86,20.9148,0
oma_e40,4,4,10,2,2,87,24.0473,0
oma_e40,4,4,10,2,2,88,23.6953,0
oma_e40,4,4,10,2,2,89,22.0937,0
oma_e40,4,4,10,2,2,90,21.4393,1
oma_e40,4,4,10,2,2,91,20.9759,0
oma_e40,4,4,10,2,2,92,22.7758,1
oma_e40,4,4,10,2,2,93,22.7652,1
oma_e40,4,4,10,2,2,94,21.1005,0
oma_e40,4,4,10,2,2,95,26.2748,0
oma_e40,4,4,10,2,2,96,23.4940,0
oma_e40,4,4,10,2,2,97,19.3933,1
oma_e40,4,4,10,2,2,98,25.5389,0
oma_e40,4,4,10,2,2,99,20.8509,0
oma_e40,4,4,10,2,3,75,26.0464,0
oma_e40,4,4,10,2,3,76,24.6282,1
oma_e40,4,4,10,2,3,77,23.5883,0
oma_e40,4,4,10,2,3,78,22.8572,1
oma_e40,4,4,10,2,3,79,20.9125,0
oma_e40,4,4,10,2,3,80,25.9193,0
oma_e40,4,4,10,2,3,81,21.9347,0
oma_e40,4,4,10,2,3,82,25.6989,0
oma_e40,4,4,10,2,3,83,22.9006,1
oma_e40,4,4,10,2,3,84,25.5084,1
oma_e40,4,4,10,2,3,85,14.7793,1
oma_e40,4,4,10,2,3,86,19.2722,1
oma_e40,4,4,10,2,3,87,18.2461,1
oma_e40,4,4,10,2,3,88,22.6453,0
oma_e40,4,4,10,2,3,89,24.8070,0
oma_e40,4,4,10,2,3,90,17.9251,0
oma_e40,4,4,10,2,3,91,21.7392,0
oma_e40,4,4,10,2,3,92,22.9935,0
oma_e40,4,4,10,2,3,93,22.4700,0
oma_e40,4,4,10,2,3,94,25.4874,0
oma_e40,4,4,10,2,3,95,19.8767,0
oma_e40,4,4,10,2,3,96,24.4297,0
oma_e40,4,4,10,2,3,97,19.1199,1
oma_e40,4,4,10,2,3,98,23.5597,0
oma_e40,4,4,10,2,3,99,27.2980,1
oma_e40,4,4,10,2,0,100,19.4564,0
oma_e40,4,4,10,2,0,101,23.6357,0
oma_e40,4,4,10,2,0,102,24.1858,0
oma_e40,4,4,10,2,0,103,19.7118,0
oma_e40,4,4,10,2,0,104,22.2061,0
oma_e40,4,4,10,2,0,105,20.3885,0
oma_e40,4,4,10,2,0,106,21.9384,1
oma_e40,4,4,10,2,0,107,19.7787,1
oma_e40,4,4,10,2,0,108,25.5589,0
oma_e40,4,4,10,2,0,109,23.6923,0
oma_e40,4,4,10,2,0,110,20.7046,0
oma_e40,4,4,10,2,0,111,24.3578,0
oma_e40,4,4,10,2,0,112,22.6355,0
oma_e40,4,4,10,2,0,113,22.1922,0
oma_e40,4,4,10,2,0,114,23.5729,0
oma_e40,4,4,10,2,0,115,21.8624,0
oma_e40,4,4,10,2,0,116,22.9350,0
oma_e40,4,4,10,2,0,117,19.0346,1
oma_e40,4,4,10,2,0,118,24.7610,1
oma_e40,4,4,10,2,0,119,24.6930,0
oma_e40,4,4,10,2,0,120,21.2484,0
oma_e40,4,4,10,2,0,121,25.4078,1
oma_e40,4,4,10,2,0,122,16.3110,0
oma_e40,4,4,10,2,0,123,18.2582,1
oma_e40,4,4,10,2,0,124,21.0333,0
oma_e40,4,4,10,2,1,100,22.6996,0
oma_e40,4,4,10,2,1,101,20.4785,1
oma_e40,4,4,10,2,1,102,21.4672,1
oma_e40,4,4,10,2,1,103,23.1935,0
oma_e40,4,4,10,2,1,104,21.1987,1
oma_e40,4,4,10,2,1,105,25.1085,0
oma_e40,4,4,10,2,1,106,22.8796,1
oma_e40,4,4,10,2,1,107,22.3572,0
oma_e40,4,4,10,2,1,108,25.7660,0
oma_e40,4,4,10,2,1,109,23.3301,0
oma_e40,4,4,10,2,1,110,21.7490,1
oma_e40,4,4,10,2,1,111,24.6632,1
oma_e40,4,4,10,2,1,112,24.3176,0
oma_e40,4,4,10,2,1,113,21.4925,0
oma_e40,4,4,10,2,1,114,22.2711,1
oma_e40,4,4,10,2,1,115,21.1872,1
oma_e40,4,4,10,2,1,116,19.8239,0
oma_e40,4,4,10,2,1,117,19.8374,1
oma_e40,4,4,10,2,1,118,27.2221,0
oma_e40,4,4,10,2,1,119,20.6326,0
oma_e40,4,4,10,2,1,120,21.9717,1
oma_e40,4,4,10,2,1,121,26.3968,0
oma_e40,4,4,10,2,1,122,17.3876,0
oma_e40,4,4,10,2,1,123,22.5003,1
oma_e40,4,4,10,2,1,124,25.0525,0
oma_e40,4,4,10,2,2,100,25.5942,0
oma_e40,4,4,10,2,2,101,22.5405,0
oma_e40,4,4,10,2,2,102,22.3913,0
oma_e40,4,4,10,2,2,103,19.8333,0
oma_e40,4,4,10,2,2,104,24.9216,0
oma_e40,4,4,10,2,2,105,18.4900,1
oma_e40,4,4,10,2,2,106,23.7928,0
oma_e40,4,4,10,2,2,107,17.0696,1
oma_e40,4,4,10,2,2,108,20.8147,0
oma_e40,4,4,10,2,2,109,24.5775,0
oma_e40,4,4,10,2,2,110,24.8721,0
oma_e40,4,4,10,2,2,111,24.7162,1
oma_e40,4,4,10,2,2,112,25.8307,0
oma_e40,4,4,10,2,2,113,21.5966,1
oma_e40,4,4,10,2,2,114,24.9166,0
oma_e40,4,4,10,2,2,115,20.3597,1
oma_e40,4,4,10,2,2,116,21.2634,0
oma_e40,4,4,10,2,2,117,19.5907,1
oma_e40,4,4,10,2,2,118,21.8773,0
oma_e40,4,4,10,2,2,119,23.6645,1
oma_e40,4,4,10,2,2,120,20.2678,0
oma_e40,4,4,10,2,2,121,20.8317,0
oma_e40,4,4,10,2,2,122,18.5884,1
oma_e40,4,4,10,2,2,123,25.3364,1
oma_e40,4,4,10,2,2,124,23.8138,1
oma_e40,4,4,10,2,3,100,23.9042,0
oma_e40,4,4,10,2,3,101,21.0143,1
oma_e40,4,4,10,2,3,102,23.4392,0
oma_e40,4,4,10,2,3,103,21.1240,0
oma_e40,4,4,10,2,3,104,24.8671,1
oma_e40,4,4,10,2,3,105,19.5692,0
oma_e40,4,4,10,2,3,106,25.6612,0
oma_e40,4,4,10,2,3,107,19.2830,1
oma_e40,4,4,10,2,3,108,18.9823,0
oma_e40,4,4,10,2,3,109,20.7149,1
oma_e40,4,4,10,2,3,110,25.4334,0
oma_e40,4,4,10,2,3,111,24.1073,0
oma_e40,4,4,10,2,3,112,25.1199,0
oma_e40,4,4,10,2,3,113,19.8724,1
oma_e40,4,4,10,2,3,114,20.9589,1
oma_e40,4,4,10,2,3,115,20.1558,1
oma_e40,4,4,10,2,3,116,25.3797,1
oma_e40,4,4,10,2,3,117,18.3886,1
oma_e40,4,4,10,2,3,118,24.9091,0
oma_e40,4,4,10,2,3,119,21.7151,0
oma_e40,4,4,10,2,3,120,20.4093,1
oma_e40,4,4,10,2,3,121,21.4459,0
oma_e40,4,4,10,2,3,122,22.1370,1
oma_e40,4,4,10,2,3,123,21.1365,0
oma_e40,4,4,10,2,3,124,21.6432,0
oma_e40,4,4,10,2,0,125,19.8576,0
oma_e40,4,4,10,2,0,126,21.4564,0
oma_e40,4,4,10,2,0,127,22.8907,0
oma_e40,4,4,10,2,0,128,21.7387,0
oma_e40,4,4,10,2,0,129,18.8599,0
oma_e40,4,4,10,2,0,130,22.9429,0
oma_e40,4,4,10,2,0,131,18.5069,1
oma_e40,4,4,10,2,0,132,22.5631,1
oma_e40,4,4,10,2,0,133,23.3044,1
oma_e40,4,4,10,2,0,134,22.0245,1
oma_e40,4,4,10,2,0,135,21.3924,1
oma_e40,4,4,10,2,0,136,24.3917,0
oma_e40,4,4,10,2,0,137,16.7688,1
oma_e40,4,4,10,2,0,138,21.2935,0
oma_e40,4,4,10,2,0,139,24.1814,0
oma_e40,4,4,10,2,0,140,18.0851,1
oma_e40,4,4,10,2,0,141,21.0294,1
oma_e40,4,4,10,2,0,142,25.7558,1
oma_e40,4,4,10,2,0,143,24.4460,0
oma_e40,4,4,10,2,0,144,20.8267,0
oma_e40,4,4,10,2,0,145,26.0103,0
oma_e40,4,4,10,2,0,146,24.1120,0
oma_e40,4,4,10,2,0,147,23.9597,0
oma_e40,4,4,10,2,0,148,23.2655,0
oma_e40,4,4,10,2,0,149,23.0263,1
oma_e40,4,4,10,2,1,125,24.0531,0
oma_e40,4,4,10,2,1,126,19.4200,1
oma_e40,4,4,10,2,1,127,22.8607,0
oma_e40,4,4,10,2,1,128,22.9239,0
oma_e40,4,4,10,2,1,129,20.5503,0
oma_e40,4,4,10,2,1,130,16.5640,1
oma_e40,4,4,10,2,1,131,20.0575,0
oma_e40,4,4,10,2,1,132,20.4446,0
oma_e40,4,4,10,2,1,133,24.8969,1
oma_e40,4,4,10,2,1,134,20.8991,1
oma_e40,4,4,10,2,1,135,22.4507,0
oma_e40,4,4,10,2,1,136,24.0251,0
oma_e40,4,4,10,2,1,137,16.6975,1
oma_e40,4,4,10,2,1,138,21.7720,0
oma_e40,4,4,10,2,1,139,23.6775,0
oma_e40,4,4,10,2,1,140,21.9480,1
oma_e40,4,4,10,2,1,141,20.6185,0
oma_e40,4,4,10,2,1,142,21.2204,0
oma_e40,4,4,10,2,1,143,20.3680,0
oma_e40,4,4,10,2,1,144,22.5116,1
oma_e40,4,4,10,2,1,145,24.4286,0
oma_e40,4,4,10,2,1,146,24.1379,0
oma_e40,4,4,10,2,1,147,28.2695,0
oma_e40,4,4,10,2,1,148,23.2508,0
oma_e40,4,4,10,2,1,149,20.8209,0
oma_e40,4,4,10,2,2,125,22.3732,0
oma_e40,4,4,10,2,2,126,19.2381,1
oma_e40,4,4,10,2,2,127,21.9501,1
oma_e40,4,4,10,2,2,128,20.9574,1
oma_e40,4,4,10,2,2,129,20.7510,0
oma_e40,4,4,10,2,2,130,19.4763,1
oma_e40,4,4,10,2,2,131,25.8306,0
oma_e40,4,4,10,2,2,132,24.7389,0
oma_e40,4,4,10,2,2,133,19.9353,1
oma_e40,4,4,10,2,2,134,20.0718,0
oma_e40,4,4,10,2,2,135,22.6413,0
oma_e40,4,4,10,2,2,136,22.1600,0
oma_e40,4,4,10,2,2,137,16.9422,1
oma_e40,4,4,10,2,2,138,24.0437,0
oma_e40,4,4,10,2,2,139,23.9930,0
oma_e40,4,4,10,2,2,140,22.1364,0
oma_e40,4,4,10,2,2,141,23.9095,0
oma_e40,4,4,10,2,2,142,23.3491,0
oma_e40,4,4,10,2,2,143,24.1769,0
oma_e40,4,4,10,2,2,144,19.7598,1
oma_e40,4,4,10,2,2,145,24.0166,0
oma_e40,4,4,10,2,2,146,20.5033,0
oma_e40,4,4,10,2,2,147,21.6313,0
oma_e40,4,4,10,2,2,148,23.9669,0
oma_e40,4,4,10,2,2,149,18.7270,1
oma_e40,4,4,10,2,3,125,23.5956,0
oma_e40,4,4,10,2,3,126,18.2057,0
oma_e40,4,4,10,2,3,127,22.2295,0
oma_e40,4,4,10,2,3,128,26.1227,0
oma_e40,4,4,10,2,3,129,20.7986,1
oma_e40,4,4,10,2,3,130,21.5908,1
oma_e40,4,4,10,2,3,131,23.0899,0
oma_e40,4,4,10,2,3,132,23.8451,0
oma_e40,4,4,10,2,3,133,19.8147,0
oma_e40,4,4,10,2,3,134,19.4073,0
oma_e40,4,4,10,2,3,135,20.7970,0
oma_e40,4,4,10,2,3,136,20.8564,0
oma_e40,4,4,10,2,3,137,15.9170,1
oma_e40,4,4,10,2,3,138,21.3372,0
oma_e40,4,4,10,2,3,139,23.5289,0
oma_e40,4,4,10,2,3,140,19.0578,1
oma_e40,4,4,10,2,3,141,25.2588,0
oma_e40,4,4,10,2,3,142,22.5232,0
oma_e40,4,4,10,2,3,143,26.5034,0
oma_e40,4,4,10,2,3,144,21.2647,1
oma_e40,4,4,10,2,3,145,24.7661,0
oma_e40,4,4,10,2,3,146,18.3725,1
oma_e40,4,4,10,2,3,147,19.7922,0
oma_e40,4,4,10,2,3,148,22.5388,1
oma_e40,4,4,10,2,3,149,19.5669,0
oma_e40,4,4,10,2,0,150,20.4307,0
oma_e40,4,4,10,2,0,151,24.3813,0
oma_e40,4,4,10,2,0,152,23.5644,0
oma_e40,4,4,10,2,0,153,22.3044,0
oma_e40,4,4,10,2,0,154,17.9087,0
oma_e40,4,4,10,2,0,155,24.4507,1
oma_e40,4,4,10,2,0,156,19.2582,1
oma_e40,4,4,10,2,0,157,22.2809,0
oma_e40,4,4,10,2,0,158,25.4187,0
oma_e40,4,4,10,2,0,159,18.4117,0
oma_e40,4,4,10,2,0,160,21.0179,0
oma_e40,4,4,10,2,0,161,17.9505,1
oma_e40,4,4,10,2,0,162,17.7351,0
oma_e40,4,4,10,2,0,163,15.1557,1
oma_e40,4,4,10,2,0,164,19.5551,0
oma_e40,4,4,10,2,0,165,16.1748,0
oma_e40,4,4,10,2,0,166,24.4778,0
oma_e40,4,4,10,2,0,167,21.8879,1
oma_e40,4,4,10,2,0,168,22.8721,0
oma_e40,4,4,10,2,0,169,24.0338,0
oma_e40,4,4,10,2,0,170,17.2751,1
oma_e40,4,4,10,2,0,171,22.7408,1
oma_e40,4,4,10,2,0,172,20.8862,1
oma_e40,4,4,10,2,0,173,24.0582,1
oma_e40,4,4,10,2,0,174,16.2798,1
oma_e40,4,4,10,2,1,150,20.4957,1
oma_e40,4,4,10,2,1,151,27.4684,0
oma_e40,4,4,10,2,1,152,22.2022,0
oma_e40,4,4,10,2,1,153,26.2003,0
oma_e40,4,4,10,2,1,154,18.8586,1
oma_e40,4,4,10,2,1,155,27.8970,0
oma_e40,4,4,10,2,1,156,17.8963,1
oma_e40,4,4,10,2,1,157,18.8849,1
oma_e40,4,4,10,2,1,158,19.9324,0
oma_e40,4,4,10,2,1,159,21.5957,1
oma_e40,4,4,10,2,1,160,22.0598,0
oma_e40,4,4,10,2,1,161,18.0329,0
oma_e40,4,4,10,2,1,162,18.3231,1
oma_e40,4,4,10,2,1,163,13.1367,1
oma_e40,4,4,10,2,1,164,19.4642,1
oma_e40,4,4,10,2,1,165,15.8809,1
oma_e40,4,4,10,2,1,166,25.2140,0
oma_e40,4,4,10,2,1,167,22.5900,0
oma_e40,4,4,10,2,1,168,23.3051,0
oma_e40,4,4,10,2,1,169,22.3544,0
oma_e40,4,4,10,2,1,170,19.3095,1
oma_e40,4,4,10,2,1,171,20.9675,0
oma_e40,4,4,10,2,1,172,22.3941,1
oma_e40,4,4,10,2,1,173,21.0732,0
oma_e40,4,4,10,2,1,174,21.1798,0
oma_e40,4,4,10,2,2,150,23.6639,0
oma_e40,4,4,10,2,2,151,18.8520,0
oma_e40,4,4,10,2,2,152,27.6546,0
oma_e40,4,4,10,2,2,153,23.9609,0
oma_e40,4,4,10,2,2,154,30.5506,1
oma_e40,4,4,10,2,2,155,24.4142,0
oma_e40,4,4,10,2,2,156,18.6654,1
oma_e40,4,4,10,2,2,157,19.8876,1
oma_e40,4,4,10,2,2,158,27.2256,0
oma_e40,4,4,10,2,2,159,21.5505,0
oma_e40,4,4,10,2,2,160,20.3985,0
oma_e40,4,4,10,2,2,161,16.1891,1
oma_e40,4,4,10,2,2,162,15.6998,1
oma_e40,4,4,10,2,2,163,16.0331,1
oma_e40,4,4,10,2,2,164,22.1100,0
oma_e40,4,4,10,2,2,165,18.7730,1
oma_e40,4,4,10,2,2,166,20.5182,0
oma_e40,4,4,10,2,2,167,23.9139,1
oma_e40,4,4,10,2,2,168,23.2136,0
oma_e40,4,4,10,2,2,169,20.9392,0
oma_e40,4,4,10,2,2,170,19.6265,0
oma_e40,4,4,10,2,2,171,24.5181,0
oma_e40,4,4,10,2,2,172,22.6427,1
oma_e40,4,4,10,2,2,173,19.2966,0
oma_e40,4,4,10,2,2,174,16.5666,0
oma_e40,4,4,10,2,3,150,21.5251,0
oma_e40,4,4,10,2,3,151,22.9300,0
oma_e40,4,4,10,2,3,152,26.2383,0
oma_e40,4,4,10,2,3,153,21.1676,1
oma_e40,4,4,10,2,3,154,27.7646,0
oma_e40,4,4,10,2,3,155,25.1703,1
oma_e40,4,4,10,2,3,156,17.2612,1
oma_e40,4,4,10,2,3,157,29.8582,0
oma_e40,4,4,10,2,3,158,20.4922,0
oma_e40,4,4,10,2,3,159,22.2786,0
oma_e40,4,4,10,2,3,160,25.0692,0
oma_e40,4,4,10,2,3,161,14.2343,1
oma_e40,4,4,10,2,3,162,14.9229,1
oma_e40,4,4,10,2,3,163,13.4749,1
oma_e40,4,4,10,2,3,164,21.5039,1
oma_e40,4,4,10,2,3,165,17.1166,0
oma_e40,4,4,10,2,3,166,22.4054,1
oma_e40,4,4,10,2,3,167,24.3716,0
oma_e40,4,4,10,2,3,168,22.4213,1
oma_e40,4,4,10,2,3,169,23.1964,0
oma_e40,4,4,10,2,3,170,19.3186,1
oma_e40,4,4,10,2,3,171,22.0292,0
oma_e40,4,4,10,2,3,172,21.1420,0
oma_e40,4,4,10,2,3,173,20.8245,1
oma_e40,4,4,10,2,3,174,21.3139,0
oma_e40,4,4,10,2,0,175,28.2922,0
oma_e40,4,4,10,2,0,176,27.3057,1
oma_e40,4,4,10,2,0,177,19.3760,0
oma_e40,4,4,10,2,0,178,21.6681,1
oma_e40,4,4,10,2,0,179,24.0467,0
oma_e40,4,4,10,2,0,180,26.7629,0
oma_e40,4,4,10,2,0,181,22.4912,0
oma_e40,4,4,10,2,0,182,22.9927,0
oma_e40,4,4,10,2,0,183,23.0102,0
oma_e40,4,4,10,2,0,184,24.2481,0
oma_e40,4,4,10,2,0,185,22.6663,0
oma_e40,4,4,10,2,0,186,19.5200,1
oma_e40,4,4,10,2,0,187,22.5832,1
oma_e40,4,4,10,2,0,188,20.3834,0
oma_e40,4,4,10,2,0,189,25.9673,0
oma_e40,4,4,10,2,0,190,20.0189,1
oma_e40,4,4,10,2,0,191,22.3348,0
oma_e40,4,4,10,2,0,192,25.2196,1
oma_e40,4,4,10,2,0,193,21.3147,1
oma_e40,4,4,10,2,0,194,21.4008,0
oma_e40,4,4,10,2,0,195,24.0012,0
oma_e40,4,4,10,2,0,196,22.8491,0
oma_e40,4,4,10,2,0,197,29.7960,0
oma_e40,4,4,10,2,0,198,24.2069,0
oma_e40,4,4,10,2,0,199,26.3670,0
oma_e40,4,4,10,2,1,175,23.7747,0
oma_e40,4,4,10,2,1,176,23.3980,0
oma_e40,4,4,10,2,1,177,18.6817,0
oma_e40,4,4,10,2,1,178,24.4110,1
oma_e40,4,4,10,2,1,179,23.6620,0
oma_e40,4,4,10,2,1,180,23.8916,0
oma_e40,4,4,10,2,1,181,20.4705,0
oma_e40,4,4,10,2,1,182,22.2427,0
oma_e40,4,4,10,2,1,183,20.5886,1
oma_e40,4,4,10,2,1,184,23.4157,1
oma_e40,4,4,10,2,1,185,19.5932,1
oma_e40,4,4,10,2,1,186,18.7016,1
oma_e40,4,4,10,2,1,187,21.2084,1
oma_e40,4,4,10,2,1,188,23.2656,0
oma_e40,4,4,10,2,1,189,22.5133,0
oma_e40,4,4,10,2,1,190,19.7130,1
oma_e40,4,4,10,2,1,191,20.4020,0
oma_e40,4,4,10,2,1,192,23.1116,0
oma_e40,4,4,10,2,1,193,19.6734,1
oma_e40,4,4,10,2,1,194,22.8792,1
oma_e40,4,4,10,2,1,195,22.5813,0
oma_e40,4,4,10,2,1,196,19.0688,0
oma_e40,4,4,10,2,1,197,25.2051,0
oma_e40,4,4,10,2,1,198,22.6163,0
oma_e40,4,4,10,2,1,199,19.4842,0
oma_e40,4,4,10,2,2,175,20.3905,0
oma_e40,4,4,10,2,2,176,26.4439,1
oma_e40,4,4,10,2,2,177,20.8410,0
oma_e40,4,4,10,2,2,178,19.1444,1
oma_e40,4,4,10,2,2,179,24.0826,0
oma_e40,4,4,10,2,2,180,21.9221,0
oma_e40,4,4,10,2,2,181,21.8465,0
oma_e40,4,4,10,2,2,182,20.9962,0
oma_e40,4,4,10,2,2,183,23.4138,0
oma_e40,4,4,10,2,2,184,21.9476,0
oma_e40,4,4,10,2,2,185,25.2805,0
oma_e40,4,4,10,2,2,186,18.3475,0
oma_e40,4,4,10,2,2,187,20.7840,1
oma_e40,4,4,10,2,2,188,25.2982,0
oma_e40,4,4,10,2,2,189,24.2722,0
oma_e40,4,4,10,2,2,190,20.1180,1
oma_e40,4,4,10,2,2,191,21.9940,1
oma_e40,4,4,10,2,2,192,26.1327,0
oma_e40,4,4,10,2,2,193,20.6836,0
oma_e40,4,4,10,2,2,194,22.4136,0
oma_e40,4,4,10,2,2,195,31.4485,0
oma_e40,4,4,10,2,2,196,19.2616,0
oma_e40,4,4,10,2,2,197,27.4622,1
oma_e40,4,4,10,2,2,198,23.8269,0
oma_e40,4,4,10,2,2,199,23.5085,0
oma_e40,4,4,10,2,3,175,26.7984,0
oma_e40,4,4,10,2,3,176,21.5587,0
oma_e40,4,4,10,2,3,177,19.5102,0
oma_e40,4,4,10,2,3,178,22.3058,1
oma_e40,4,4,10,2,3,179,18.3188,1
oma_e40,4,4,10,2,3,180,22.5118,0
oma_e40,4,4,10,2,3,181,24.3238,0
oma_e40,4,4,10,2,3,182,19.6164,0
oma_e40,4,4,10,2,3,183,15.2640,0
oma_e40,4,4,10,2,3,184,25.4157,0
oma_e40,4,4,10,2,3,185,25.3193,0
oma_e40,4,4,10,2,3,186,21.9774,0
oma_e40,4,4,10,2,3,187,20.7782,0
oma_e40,4,4,10,2,3,188,24.6355,0
oma_e40,4,4,10,2,3,189,23.2530,0
oma_e40,4,4,10,2,3,190,18.5828,0
oma_e40,4,4,10,2,3,191,22.3926,0
oma_e40,4,4,10,2,3,192,25.1608,0
oma_e40,4,4,10,2,3,193,18.4983,1
oma_e40,4,4,10,2,3,194,25.1241,0
oma_e40,4,4,10,2,3,195,26.3800,0
oma_e40,4,4,10,2,3,196,21.7675,0
oma_e40,4,4,10,2,3,197,21.9056,0
oma_e40,4,4,10,2,3,198,23.3971,0
oma_e40,4,4,10,2,3,199,24.1471,0
oma_e40,4,4,10,3,0,0,22.2829,0
oma_e40,4,4,10,3,0,1,22.7900,0
oma_e40,4,4,10,3,0,2,23.0069,0
oma_e40,4,4,10,3,0,3,22.8824,0
oma_e40,4,4,10,3,0,4,17.6146,0
oma_e40,4,4,10,3,0,5,22.9137,0
oma_e40,4,4,10,3,0,6,23.9107,0
oma_e40,4,4,10,3,0,7,19.3474,0
oma_e40,4,4,10,3,0,8,22.2160,0
oma_e40,4,4,10,3,0,9,22.5439,0
oma_e40,4,4,10,3,0,10,22.3716,0
oma_e40,4,4,10,3,0,11,18.3585,0
oma_e40,4,4,10,3,0,12,23.6795,0
oma_e40,4,4,10,3,0,13,20.8373,0
oma_e40,4,4,10,3,0,14,22.3325,1
oma_e40,4,4,10,3,0,15,20.3258,1
oma_e40,4,4,10,3,0,16,22.5711,0
oma_e40,4,4,10,3,0,17,18.1443,1
oma_e40,4,4,10,3,0,18,21.2902,0
oma_e40,4,4,10,3,0,19,22.6191,0
oma_e40,4,4,10,3,0,20,21.8153,0
oma_e40,4,4,10,3,0,21,17.5882,1
oma_e40,4,4,10,3,0,22,26.9867,0
oma_e40,4,4,10,3,0,23,22.4323,1
oma_e40,4,4,10,3,0,24,19.9287,1
oma_e40,4,4,10,3,1,0,28.3618,0
oma_e40,4,4,10,3,1,1,19.7080,1
oma_e40,4,4,10,3,1,2,24.8028,0
oma_e40,4,4,10,3,1,3,26.3394,0
oma_e40,4,4,10,3,1,4,19.0061,0
oma_e40,4,4,10,3,1,5,19.6268,0
oma_e40,4,4,10,3,1,6,21.0724,0
oma_e40,4,4,10,3,1,7,22.3180,0
oma_e40,4,4,10,3,1,8,23.8600,0
oma_e40,4,4,10,3,1,9,20.0423,0
oma_e40,4,4,10,3,1,10,19.5356,1
oma_e40,4,4,10,3,1,11,22.0129,1
oma_e40,4,4,10,3,1,12,27.0616,0
oma_e40,4,4,10,3,1,13,23.0471,0
oma_e40,4,4,10,3,1,14,24.0436,1
oma_e40,4,4,10,3,1,15,20.3048,1
oma_e40,4,4,10,3,1,16,20.0425,0
oma_e40,4,4,10,3,1,17,17.6447,1
oma_e40,4,4,10,3,1,18,21.4567,0
oma_e40,4,4,10,3,1,19,24.7016,0
oma_e40,4,4,10,3,1,20,27.8629,0
oma_e40,4,4,10,3,1,21,22.1716,0
oma_e40,4,4,10,3,1,22,21.4932,0
oma_e40,4,4,10,3,1,23,19.6132,0
oma_e40,4,4,10,3,1,24,19.5628,0
oma_e40,4,4,10,3,2,0,22.1102,1
oma_e40,4,4,10,3,2,1,21.0846,0
oma_e40,4,4,10,3,2,2,24.2653,1
oma_e40,4,4,10,3,2,3,22.1976,0
oma_e40,4,4,10,3,2,4,22.4726,0
oma_e40,4,4,10,3,2,5,22.7948,0
oma_e40,4,4,10,3,2,6,21.1503,0
oma_e40,4,4,10,3,2,7,22.1035,0
oma_e40,4,4,10,3,2,8,19.0364,1
oma_e40,4,4,10,3,2,9,22.3011,0
oma_e40,4,4,10,3,2,10,21.5260,0
oma_e40,4,4,10,3,2,11,24.3008,1
oma_e40,4,4,10,3,2,12,23.9680,0
oma_e40,4,4,10,3,2,13,21.5745,0
oma_e40,4,4,10,3,2,14,26.0947,1
oma_e40,4,4,10,3,2,15,23.1121,1
oma_e40,4,4,10,3,2,16,21.3903,0
oma_e40,4,4,10,3,2,17,16.8373,1
oma_e40,4,4,10,3,2,18,18.9890,0
oma_e40,4,4,10,3,2,19,26.0659,0
oma_e40,4,4,10,3,2,20,20.7447,0
oma_e40,4,4,10,3,2,21,20.3578,0
oma_e40,4,4,10,3,2,22,23.2236,0
oma_e40,4,4,10,3,2,23,24.7369,0
oma_e40,4,4,10,3,2,24,24.6910,0
oma_e40,4,4,10,3,3,0,23.5098,1
oma_e40,4,4,10,3,3,1,18.7991,1
oma_e40,4,4,10,3,3,2,22.3104,0
oma_e40,4,4,10,3,3,3,21.2055,0
oma_e40,4,4,10,3,3,4,19.2141,0
oma_e40,4,4,10,3,3,5,19.6831,0
oma_e40,4,4,10,3,3,6,19.6060,0
oma_e40,4,4,10,3,3,7,23.0294,1
oma_e40,4,4,10,3,3,8,24.1585,0
oma_e40,4,4,10,3,3,9,26.6471,0
oma_e40,4,4,10,3,3,10,23.5176,0
oma_e40,4,4,10,3,3,11,20.8793,1
oma_e40,4,4,10,3,3,12,21.5578,0
oma_e40,4,4,10,3,3,13,20.7358,0
oma_e40,4,4,10,3,3,14,20.1991,0
oma_e40,4,4,10,3,3,15,18.0571,1
oma_e40,4,4,10,3,3,16,21.3692,0
oma_e40,4,4,10,3,3,17,17.6133,1
oma_e40,4,4,10,3,3,18,25.4513,0
oma_e40,4,4,10,3,3,19,18.3943,0
oma_e40,4,4,10,3,3,20,25.7302,0
oma_e40,4,4,10,3,3,21,26.7809,1
oma_e40,4,4,10,3,3,22,23.9633,1
oma_e40,4,4,10,3,3,23,22.9435,0
oma_e40,4,4,10,3,3,24,23.0286,1
oma_e40,4,4,10,3,0,25,16.7638,1
oma_e40,4,4,10,3,0,26,23.9608,0
oma_e40,4,4,10,3,0,27,20.6818,1
oma_e40,4,4,10,3,0,28,18.5633,0
oma_e40,4,4,10,3,0,29,21.1478,0
oma_e40,4,4,10,3,0,30,21.8828,0
oma_e40,4,4,10,3,0,31,23.1028,0
oma_e40,4,4,10,3,0,32,21.1972,1
oma_e40,4,4,10,3,0,33,23.2094,0
oma_e40,4,4,10,3,0,34,16.6449,1
oma_e40,4,4,10,3,0,35,22.3565,0
oma_e40,4,4,10,3,0,36,22.1689,0
oma_e40,4,4,10,3,0,37,26.0783,0
oma_e40,4,4,10,3,0,38,20.4731,1
oma_e40,4,4,10,3,0,39,25.4058,0
oma_e40,4,4,10,3,0,40,26.1490,0
oma_e40,4,4,10,3,0,41,22.1234,1
oma_e40,4,4,10,3,0,42,25.4513,0
oma_e40,4,4,10,3,0,43,21.8476,0
oma_e40,4,4,10,3,0,44,24.3682,0
oma_e40,4,4,10,3,0,45,17.4193,1
oma_e40,4,4,10,3,0,46,19.7903,1
oma_e40,4,4,10,3,0,47,18.3132,1
oma_e40,4,4,10,3,0,48,21.6267,0
oma_e40,4,4,10,3,0,49,26.2139,0
oma_e40,4,4,10,3,1,25,19.4632,1
oma_e40,4,4,10,3,1,26,22.3190,0
oma_e40,4,4,10,3,1,27,18.8393,1
oma_e40,4,4,10,3,1,28,17.5362,0
oma_e40,4,4,10,3,1,29,22.6198,0
oma_e40,4,4,10,3,1,30,22.2136,1
oma_e40,4,4,10,3,1,31,21.9161,0
oma_e40,4,4,10,3,1,32,25.2806,0
oma_e40,4,4,10,3,1,33,26.7448,0
oma_e40,4,4,10,3,1,34,17.5883,1
oma_e40,4,4,10,3,1,35,25.8960,0
oma_e40,4,4,10,3,1,36,25.5770,0
oma_e40,4,4,10,3,1,37,21.8156,0
oma_e40,4,4,10,3,1,38,18.7997,0
oma_e40,4,4,10,3,1,39,22.2718,1
oma_e40,4,4,10,3,1,40,25.1269,0
oma_e40,4,4,10,3,1,41,25.6712,1
oma_e40,4,4,10,3,1,42,32.3275,1
oma_e40,4,4,10,3,1,43,22.0862,0
oma_e40,4,4,10,3,1,44,17.1306,0
oma_e40,4,4,10,3,1,45,17.6020,1
oma_e40,4,4,10,3,1,46,21.1154,1
oma_e40,4,4,10,3,1,47,16.0509,1
oma_e40,4,4,10,3,1,48,23.8587,0
oma_e40,4,4,10,3,1,49,22.3267,0
oma_e40,4,4,10,3,2,25,19.4365,1
oma_e40,4,4,10,3,2,26,22.5761,0
oma_e40,4,4,10,3,2,27,21.8496,1
oma_e40,4,4,10,3,2,28,19.1963,1
oma_e40,4,4,10,3,2,29,21.2274,0
oma_e40,4,4,10,3,2,30,17.0113,0
oma_e40,4,4,10,3,2,31,28.6257,0
oma_e40,4,4,10,3,2,32,18.0135,0
oma_e40,4,4,10,3,2,33,21.1160,1
oma_e40,4,4,10,3,2,34,18.6239,0
oma_e40,4,4,10,3,2,35,23.9130,0
oma_e40,4,4,10,3,2,36,22.3543,0
oma_e40,4,4,10,3,2,37,19.5911,0
oma_e40,4,4,10,3,2,38,18.7868,1
oma_e40,4,4,10,3,2,39,22.2453,0
oma_e40,4,4,10,3,2,40,25.0866,0
oma_e40,4,4,10,3,2,41,23.4468,1
oma_e40,4,4,10,3,2,42,21.6414,0
oma_e40,4,4,10,3,2,43,25.6166,0
oma_e40,4,4,10,3,2,44,20.2376,0
oma_e40,4,4,10,3,2,45,20.6977,1
oma_e40,4,4,10,3,2,46,20.6624,0
oma_e40,4,4,10,3,2,47,20.1489,1
oma_e40,4,4,10,3,2,48,25.1565,0
oma_e40,4,4,10,3,2,49,21.7604,0
oma_e40,4,4,10,3,3,25,20.9950,0
oma_e40,4,4,10,3,3,26,23.3642,0
oma_e40,4,4,10,3,3,27,18.8381,1
oma_e40,4,4,10,3,3,28,19.5391,1
oma_e40,4,4,10,3,3,29,23.6217,0
oma_e40,4,4,10,3,3,30,24.4141,1
oma_e40,4,4,10,3,3,31,21.5228,0
oma_e40,4,4,10,3,3,32,25.1332,0
oma_e40,4,4,10,3,3,33,28.8723,0
oma_e40,4,4,10,3,3,34,18.0812,1
oma_e40,4,4,10,3,3,35,25.4368,0
oma_e40,4,4,10,3,3,36,22.1840,1
oma_e40,4,4,10,3,3,37,21.3328,0
oma_e40,4,4,10,3,3,38,22.5363,1
oma_e40,4,4,10,3,3,39,25.0699,0
oma_e40,4,4,10,3,3,40,25.6410,0
oma_e40,4,4,10,3,3,41,22.0658,1
oma_e40,4,4,10,3,3,42,22.3754,0
oma_e40,4,4,10,3,3,43,21.6751,1
oma_e40,4,4,10,3,3,44,20.6512,1
oma_e40,4,4,10,3,3,45,20.9525,1
oma_e40,4,4,10,3,3,46,22.3260,1
oma_e40,4,4,10,3,3,47,17.9512,0
oma_e40,4,4,10,3,3,48,23.0706,0
oma_e40,4,4,10,3,3,49,22.5395,0
oma_e40,4,4,10,3,0,50,23.9345,0
oma_e40,4,4,10,3,0,51,25.0352,0
oma_e40,4,4,10,3,0,52,17.0780,1
oma_e40,4,4,10,3,0,53,23.0678,0
oma_e40,4,4,10,3,0,54,20.2853,0
oma_e40,4,4,10,3,0,55,17.1360,0
oma_e40,4,4,10,3,0,56,20.2789,0
oma_e40,4,4,10,3,0,57,19.9585,0
oma_e40,4,4,10,3,0,58,24.8952,0
oma_e40,4,4,10,3,0,59,24.2909,1
oma_e40,4,4,10,3,0,60,23.8481,0
oma_e40,4,4,10,3,0,61,25.0434,0
oma_e40,4,4,10,3,0,62,22.2211,0
oma_e40,4,4,10,3,0,63,22.8099,0
oma_e40,4,4,10,3,0,64,25.3089,0
oma_e40,4,4,10,3,0,65,19.7329,0
oma_e40,4,4,10,3,0,66,22.2483,1
oma_e40,4,4,10,3,0,67,28.0789,0
oma_e40,4,4,10,3,0,68,22.3082,0
oma_e40,4,4,10,3,0,69,22.1595,0
oma_e40,4,4,10,3,0,70,24.9722,0
oma_e40,4,4,10,3,0,71,23.3672,0
oma_e40,4,4,10,3,0,72,20.3516,0
oma_e40,4,4,10,3,0,73,26.6738,0
oma_e40,4,4,10,3,0,74,22.0368,0
oma_e40,4,4,10,3,1,50,22.4827,1
oma_e40,4,4,10,3,1,51,23.5076,0
oma_e40,4,4,10,3,1,52,20.8065,1
oma_e40,4,4,10,3,1,53,22.8066,1
oma_e40,4,4,10,3,1,54,16.8197,0
oma_e40,4,4,10,3,1,55,25.3648,0
oma_e40,4,4,10,3,1,56,25.8115,0
oma_e40,4,4,10,3,1,57,21.9260,0
oma_e40,4,4,10,3,1,58,26.4585,0
oma_e40,4,4,10,3,1,59,19.4990,1
oma_e40,4,4,10,3,1,60,24.0738,0
oma_e40,4,4,10,3,1,61,24.3210,0
oma_e40,4,4,10,3,1,62,24.2797,0
oma_e40,4,4,10,3,1,63,29.3127,1
oma_e40,4,4,10,3,1,64,23.9890,0
oma_e40,4,4,10,3,1,65,25.6391,0
oma_e40,4,4,10,3,1,66,23.9837,0
oma_e40,4,4,10,3,1,67,23.3531,0
oma_e40,4,4,10,3,1,68,20.7008,1
oma_e40,4,4,10,3,1,69,23.8736,1
oma_e40,4,4,10,3,1,70,21.0979,1
oma_e40,4,4,10,3,1,71,27.3193,0
oma_e40,4,4,10,3,1,72,20.9014,1
oma_e40,4,4,10,3,1,73,21.2897,0
oma_e40,4,4,10,3,1,74,23.5788,0
oma_e40,4,4,10,3,2,50,21.0370,0
oma_e40,4,4,10,3,2,51,25.6655,0
oma_e40,4,4,10,3,2,52,20.4822,0
oma_e40,4,4,10,3,2,53,21.6614,0
oma_e40,4,4,10,3,2,54,18.3173,0
oma_e40,4,4,10,3,2,55,29.2835,0
oma_e40,4,4,10,3,2,56,27.3102,0
oma_e40,4,4,10,3,2,57,24.4397,1
oma_e40,4,4,10,3,2,58,22.2058,0
oma_e40,4,4,10,3,2,59,20.6939,0
oma_e40,4,4,10,3,2,60,19.8562,1
oma_e40,4,4,10,3,2,61,23.8188,0
oma_e40,4,4,10,3,2,62,21.2680,0
oma_e40,4,4,10,3,2,63,22.2212,0
oma_e40,4,4,10,3,2,64,19.3869,0
oma_e40,4,4,10,3,2,65,24.3870,0
oma_e40,4,4,10,3,2,66,22.3723,0
oma_e40,4,4,10,3,2,67,23.8855,0
oma_e40,4,4,10,3,2,68,20.5520,1
oma_e40,4,4,10,3,2,69,25.6613,0
oma_e40,4,4,10,3,2,70,20.8072,0
oma_e40,4,4,10,3,2,71,23.7239,0
oma_e40,4,4,10,3,2,72,21.1309,1
oma_e40,4,4,10,3,2,73,21.1292,0
oma_e40,4,4,10,3,2,74,20.5776,0
oma_e40,4,4,10,3,3,50,21.3886,1
oma_e40,4,4,10,3,3,51,27.7883,0
oma_e40,4,4,10,3,3,52,19.7682,1
oma_e40,4,4,10,3,3,53,20.9144,0
oma_e40,4,4,10,3,3,54,23.1709,1
oma_e40,4,4,10,3,3,55,23.9162,0
oma_e40,4,4,10,3,3,56,29.4596,0
oma_e40,4,4,10,3,3,57,22.5231,0
oma_e40,4,4,10,3,3,58,23.7645,0
oma_e40,4,4,10,3,3,59,23.6287,0
oma_e40,4,4,10,3,3,60,22.9797,1
oma_e40,4,4,10,3,3,61,26.5506,0
oma_e40,4,4,10,3,3,62,21.4176,0
oma_e40,4,4,10,3,3,63,24.7341,0
oma_e40,4,4,10,3,3,64,25.5508,0
oma_e40,4,4,10,3,3,65,26.1505,0
oma_e40,4,4,10,3,3,66,23.6560,0
oma_e40,4,4,10,3,3,67,21.9372,0
oma_e40,4,4,10,3,3,68,24.2464,0
oma_e40,4,4,10,3,3,69,25.3393,0
oma_e40,4,4,10,3,3,70,24.1368,0
oma_e40,4,4,10,3,3,71,22.8936,0
oma_e40,4,4,10,3,3,72,20.0035,1
oma_e40,4,4,10,3,3,73,25.9798,0
oma_e40,4,4,10,3,3,74,23.5682,0
oma_e40,4,4,10,3,0,75,19.7182,0
oma_e40,4,4,10,3,0,76,12.9310,1
oma_e40,4,4,10,3,0,77,12.4360,1
oma_e40,4,4,10,3,0,78,22.4589,0
oma_e40,4,4,10,3,0,79,22.6416,1
oma_e40,4,4,10,3,0,80,20.1774,1
oma_e40,4,4,10,3,0,81,20.9659,0
oma_e40,4,4,10,3,0,82,22.3984,0
oma_e40,4,4,10,3,0,83,17.2784,1
oma_e40,4,4,10,3,0,84,20.4345,0
oma_e40,4,4,10,3,0,85,22.2091,0
oma_e40,4,4,10,3,0,86,17.1379,0
oma_e40,4,4,10,3,0,87,20.2353,1
oma_e40,4,4,10,3,0,88,22.2858,0
oma_e40,4,4,10,3,0,89,22.2234,0
oma_e40,4,4,10,3,0,90,21.8256,0
oma_e40,4,4,10,3,0,91,22.4676,0
oma_e40,4,4,10,3,0,92,15.7283,1
oma_e40,4,4,10,3,0,93,19.7907,1
oma_e40,4,4,10,3,0,94,24.1385,1
oma_e40,4,4,10,3,0,95,21.6849,0
oma_e40,4,4,10,3,0,96,26.5248,0
oma_e40,4,4,10,3,0,97,24.3912,0
oma_e40,4,4,10,3,0,98,24.9298,0
oma_e40,4,4,10,3,0,99,24.9971,0
oma_e40,4,4,10,3,1,75,21.0439,0
oma_e40,4,4,10,3,1,76,14.6620,1
oma_e40,4,4,10,3,1,77,11.0106,1
oma_e40,4,4,10,3,1,78,22.3469,1
oma_e40,4,4,10,3,1,79,19.7160,1
oma_e40,4,4,10,3,1,80,19.6440,1
oma_e40,4,4,10,3,1,81,26.3615,1
oma_e40,4,4,10,3,1,82,28.9797,0
oma_e40,4,4,10,3,1,83,20.2216,1
oma_e40,4,4,10,3,1,84,19.2272,0
oma_e40,4,4,10,3,1,85,26.5378,1
oma_e40,4,4,10,3,1,86,18.0085,1
oma_e40,4,4,10,3,1,87,24.1553,1
oma_e40,4,4,10,3,1,88,21.7667,1
oma_e40,4,4,10,3,1,89,22.9197,0
oma_e40,4,4,10,3,1,90,20.2470,0
oma_e40,4,4,10,3,1,91,21.7843,0
oma_e40,4,4,10,3,1,92,11.3173,1
oma_e40,4,4,10,3,1,93,19.6187,1
oma_e40,4,4,10,3,1,94,26.2028,0
oma_e40,4,4,10,3,1,95,20.5546,0
oma_e40,4,4,10,3,1,96,23.1740,0
oma_e40,4,4,10,3,1,97,27.5035,0
oma_e40,4,4,10,3,1,98,21.6227,0
oma_e40,4,4,10,3,1,99,22.9663,0
oma_e40,4,4,10,3,2,75,18.1037,1
oma_e40,4,4,10,3,2,76,14.0632,1
oma_e40,4,4,10,3,2,77,10.4925,0
oma_e40,4,4,10,3,2,78,23.5300,0
oma_e40,4,4,10,3,2,79,17.2632,0
oma_e40,4,4,10,3,2,80,22.1039,0
oma_e40,4,4,10,3,2,81,22.9165,1
oma_e40,4,4,10,3,2,82,24.7406,0
oma_e40,4,4,10,3,2,83,19.9006,0
oma_e40,4,4,10,3,2,84,24.1676,1
oma_e40,4,4,10,3,2,85,21.3250,0
oma_e40,4,4,10,3,2,86,17.2086,1
oma_e40,4,4,10,3,2,87,23.2934,0
oma_e40,4,4,10,3,2,88,24.2578,0
oma_e40,4,4,10,3,2,89,22.1127,0
oma_e40,4,4,10,3,2,90,23.1791,1
oma_e40,4,4,10,3,2,91,22.1485,0
oma_e40,4,4,10,3,2,92,13.8413,0
oma_e40,4,4,10,3,2,93,18.7123,1
oma_e40,4,4,10,3,2,94,21.9869,0
oma_e40,4,4,10,3,2,95,25.5849,0
oma_e40,4,4,10,3,2,96,23.8507,0
oma_e40,4,4,10,3,2,97,24.4927,0
oma_e40,4,4,10,3,2,98,26.3268,0
oma_e40,4,4,10,3,2,99,20.5389,1
oma_e40,4,4,10,3,3,75,25.2711,0
oma_e40,4,4,10,3,3,76,14.2195,1
oma_e40,4,4,10,3,3,77,10.4846,0
oma_e40,4,4,10,3,3,78,22.1838,1
oma_e40,4,4,10,3,3,79,20.2558,0
oma_e40,4,4,10,3,3,80,24.0404,0
oma_e40,4,4,10,3,3,81,22.0859,0
oma_e40,4,4,10,3,3,82,25.1103,0
oma_e40,4,4,10,3,3,83,21.1376,1
oma_e40,4,4,10,3,3,84,24.4876,1
oma_e40,4,4,10,3,3,85,23.0754,0
oma_e40,4,4,10,3,3,86,17.6617,0
oma_e40,4,4,10,3,3,87,17.7613,1
oma_e40,4,4,10,3,3,88,23.5505,0
oma_e40,4,4,10,3,3,89,24.7194,0
oma_e40,4,4,10,3,3,90,18.9054,0
oma_e40,4,4,10,3,3,91,23.1362,0
oma_e40,4,4,10,3,3,92,13.5259,1
oma_e40,4,4,10,3,3,93,19.0768,0
oma_e40,4,4,10,3,3,94,27.2791,0
oma_e40,4,4,10,3,3,95,19.1906,0
oma_e40,4,4,10,3,3,96,24.6433,0
oma_e40,4,4,10,3,3,97,22.6418,0
oma_e40,4,4,10,3,3,98,24.4498,0
oma_e40,4,4,10,3,3,99,26.2297,0
oma_e40,4,4,10,3,0,100,19.5898,0
oma_e40,4,4,10,3,0,101,25.2421,0
oma_e40,4,4,10,3,0,102,21.2240,0
oma_e40,4,4,10,3,0,103,19.6313,0
oma_e40,4,4,10,3,0,104,22.7784,1
oma_e40,4,4,10,3,0,105,23.2400,0
oma_e40,4,4,10,3,0,106,21.7834,1
oma_e40,4,4,10,3,0,107,22.8184,1
oma_e40,4,4,10,3,0,108,24.6754,0
oma_e40,4,4,10,3,0,109,21.7029,0
oma_e40,4,4,10,3,0,110,19.1488,0
oma_e40,4,4,10,3,0,111,21.4767,1
oma_e40,4,4,10,3,0,112,22.5684,0
oma_e40,4,4,10,3,0,113,17.7863,1
oma_e40,4,4,10,3,0,114,20.6790,1
oma_e40,4,4,10,3,0,115,18.7246,1
oma_e40,4,4,10,3,0,116,22.3294,0
oma_e40,4,4,10,3,0,117,23.2068,0
oma_e40,4,4,10,3,0,118,24.7874,1
oma_e40,4,4,10,3,0,119,25.3778,0
oma_e40,4,4,10,3,0,120,21.7475,0
oma_e40,4,4,10,3,0,121,20.3846,1
oma_e40,4,4,10,3,0,122,18.4877,0
oma_e40,4,4,10,3,0,123,19.4675,0
oma_e40,4,4,10,3,0,124,20.6908,0
oma_e40,4,4,10,3,1,100,23.0333,0
oma_e40,4,4,10,3,1,101,21.1010,1
oma_e40,4,4,10,3,1,102,19.6024,1
oma_e40,4,4,10,3,1,103,23.2687,0
oma_e40,4,4,10,3,1,104,21.6211,1
oma_e40,4,4,10,3,1,105,29.6258,0
oma_e40,4,4,10,3,1,106,22.7750,1
oma_e40,4,4,10,3,1,107,28.0678,0
oma_e40,4,4,10,3,1,108,24.7563,0
oma_e40,4,4,10,3,1,109,21.4495,0
oma_e40,4,4,10,3,1,110,19.9274,1
oma_e40,4,4,10,3,1,111,22.0978,0
oma_e40,4,4,10,3,1,112,24.1814,0
oma_e40,4,4,10,3,1,113,17.8054,0
oma_e40,4,4,10,3,1,114,19.4462,1
oma_e40,4,4,10,3,1,115,18.3667,1
oma_e40,4,4,10,3,1,116,19.4175,0
oma_e40,4,4,10,3,1,117,23.9499,1
oma_e40,4,4,10,3,1,118,27.6901,0
oma_e40,4,4,10,3,1,119,21.1001,0
oma_e40,4,4,10,3,1,120,22.3719,1
oma_e40,4,4,10,3,1,121,20.1402,1
oma_e40,4,4,10,3,1,122,22.7718,0
oma_e40,4,4,10,3,1,123,25.1621,0
oma_e40,4,4,10,3,1,124,24.2815,0
oma_e40,4,4,10,3,2,100,25.8112,0
oma_e40,4,4,10,3,2,101,23.8424,0
oma_e40,4,4,10,3,2,102,20.1681,1
oma_e40,4,4,10,3,2,103,19.7792,0
oma_e40,4,4,10,3,2,104,25.7551,0
oma_e40,4,4,10,3,2,105,20.7137,0
oma_e40,4,4,10,3,2,106,23.9000,1
oma_e40,4,4,10,3,2,107,20.0166,0
oma_e40,4,4,10,3,2,108,20.2530,0
oma_e40,4,4,10,3,2,109,22.6346,0
oma_e40,4,4,10,3,2,110,22.1059,0
oma_e40,4,4,10,3,2,111,21.4357,1
oma_e40,4,4,10,3,2,112,25.5928,0
oma_e40,4,4,10,3,2,113,19.0053,1
oma_e40,4,4,10,3,2,114,21.4583,1
oma_e40,4,4,10,3,2,115,17.9157,0
oma_e40,4,4,10,3,2,116,20.7296,0
oma_e40,4,4,10,3,2,117,23.2239,1
oma_e40,4,4,10,3,2,118,21.8951,0
oma_e40,4,4,10,3,2,119,24.8333,1
oma_e40,4,4,10,3,2,120,20.4980,0
oma_e40,4,4,10,3,2,121,17.6887,1
oma_e40,4,4,10,3,2,122,23.2257,1
oma_e40,4,4,10,3,2,123,27.3738,0
oma_e40,4,4,10,3,2,124,23.2295,1
oma_e40,4,4,10,3,3,100,24.3802,0
oma_e40,4,4,10,3,3,101,22.3872,1
oma_e40,4,4,10,3,3,102,20.4039,0
oma_e40,4,4,10,3,3,103,20.9922,1
oma_e40,4,4,10,3,3,104,25.6358,1
oma_e40,4,4,10,3,3,105,22.1253,0
oma_e40,4,4,10,3,3,106,25.5997,0
oma_e40,4,4,10,3,3,107,22.6634,0
oma_e40,4,4,10,3,3,108,18.5750,0
oma_e40,4,4,10,3,3,109,19.4558,1
oma_e40,4,4,10,3,3,110,21.8485,0
oma_e40,4,4,10,3,3,111,21.8867,1
oma_e40,4,4,10,3,3,112,24.7345,0
oma_e40,4,4,10,3,3,113,17.2227,1
oma_e40,4,4,10,3,3,114,18.5022,1
oma_e40,4,4,10,3,3,115,17.2950,1
oma_e40,4,4,10,3,3,116,24.7140,1
oma_e40,4,4,10,3,3,117,21.9331,0
oma_e40,4,4,10,3,3,118,24.8386,0
oma_e40,4,4,10,3,3,119,22.5430,0
oma_e40,4,4,10,3,3,120,20.7926,1
oma_e40,4,4,10,3,3,121,17.5515,1
oma_e40,4,4,10,3,3,122,27.4317,0
oma_e40,4,4,10,3,3,123,24.0715,0
oma_e40,4,4,10,3,3,124,21.2084,0
oma_e40,4,4,10,3,0,125,21.2154,0
oma_e40,4,4,10,3,0,126,21.7402,0
oma_e40,4,4,10,3,0,127,19.3780,1
oma_e40,4,4,10,3,0,128,20.9829,0
oma_e40,4,4,10,3,0,129,19.7575,0
oma_e40,4,4,10,3,0,130,19.9632,1
oma_e40,4,4,10,3,0,131,19.1632,1
oma_e40,4,4,10,3,0,132,22.8746,0
oma_e40,4,4,10,3,0,133,22.2055,1
oma_e40,4,4,10,3,0,134,23.3635,1
oma_e40,4,4,10,3,0,135,22.1199,0
oma_e40,4,4,10,3,0,136,15.3707,1
oma_e40,4,4,10,3,0,137,22.2849,0
oma_e40,4,4,10,3,0,138,20.9620,0
oma_e40,4,4,10,3,0,139,17.0444,1
oma_e40,4,4,10,3,0,140,19.8293,0
oma_e40,4,4,10,3,0,141,19.8001,1
oma_e40,4,4,10,3,0,142,26.1674,0
oma_e40,4,4,10,3,0,143,25.0739,0
oma_e40,4,4,10,3,0,144,24.7018,0
oma_e40,4,4,10,3,0,145,18.9023,1
oma_e40,4,4,10,3,0,146,25.6719,0
oma_e40,4,4,10,3,0,147,17.6661,1
oma_e40,4,4,10,3,0,148,23.3239,0
oma_e40,4,4,10,3,0,149,22.7951,1
oma_e40,4,4,10,3,1,125,25.5313,0
oma_e40,4,4,10,3,1,126,20.1087,1
oma_e40,4,4,10,3,1,127,19.5770,0
oma_e40,4,4,10,3,1,128,22.5479,1
oma_e40,4,4,10,3,1,129,21.5936,0
oma_e40,4,4,10,3,1,130,15.1585,1
oma_e40,4,4,10,3,1,131,20.6382,0
oma_e40,4,4,10,3,1,132,20.6141,0
oma_e40,4,4,10,3,1,133,23.0745,1
oma_e40,4,4,10,3,1,134,22.2743,0
oma_e40,4,4,10,3,1,135,23.2972,0
oma_e40,4,4,10,3,1,136,14.8308,0
oma_e40,4,4,10,3,1,137,23.4026,1
oma_e40,4,4,10,3,1,138,21.2629,0
oma_e40,4,4,10,3,1,139,15.4787,1
oma_e40,4,4,10,3,1,140,24.9774,1
oma_e40,4,4,10,3,1,141,19.1941,0
oma_e40,4,4,10,3,1,142,21.5271,0
oma_e40,4,4,10,3,1,143,20.8875,0
oma_e40,4,4,10,3,1,144,26.5408,1
oma_e40,4,4,10,3,1,145,17.8406,1
oma_e40,4,4,10,3,1,146,25.6854,0
oma_e40,4,4,10,3,1,147,19.6750,1
oma_e40,4,4,10,3,1,148,22.9570,0
oma_e40,4,4,10,3,1,149,20.7417,0
oma_e40,4,4,10,3,2,125,24.0763,0
oma_e40,4,4,10,3,2,126,19.9835,1
oma_e40,4,4,10,3,2,127,18.4313,1
oma_e40,4,4,10,3,2,128,20.5004,1
oma_e40,4,4,10,3,2,129,21.8948,0
oma_e40,4,4,10,3,2,130,17.7219,1
oma_e40,4,4,10,3,2,131,26.3530,0
oma_e40,4,4,10,3,2,132,25.1033,0
oma_e40,4,4,10,3,2,133,19.1678,1
oma_e40,4,4,10,3,2,134,20.7870,0
oma_e40,4,4,10,3,2,135,23.7464,0
oma_e40,4,4,10,3,2,136,13.9553,1
oma_e40,4,4,10,3,2,137,22.1790,0
oma_e40,4,4,10,3,2,138,23.5168,1
oma_e40,4,4,10,3,2,139,16.6219,1
oma_e40,4,4,10,3,2,140,24.5565,0
oma_e40,4,4,10,3,2,141,22.4210,0
oma_e40,4,4,10,3,2,142,23.8333,0
oma_e40,4,4,10,3,2,143,25.0848,0
oma_e40,4,4,10,3,2,144,23.7549,0
oma_e40,4,4,10,3,2,145,17.2588,1
oma_e40,4,4,10,3,2,146,21.4000,0
oma_e40,4,4,10,3,2,147,17.2098,1
oma_e40,4,4,10,3,2,148,23.9331,0
oma_e40,4,4,10,3,2,149,18.5800,1
oma_e40,4,4,10,3,3,125,26.5741,0
oma_e40,4,4,10,3,3,126,18.8288,0
oma_e40,4,4,10,3,3,127,19.0441,0
oma_e40,4,4,10,3,3,128,26.0649,0
oma_e40,4,4,10,3,3,129,22.0026,0
oma_e40,4,4,10,3,3,130,19.6403,1
oma_e40,4,4,10,3,3,131,24.7454,0
oma_e40,4,4,10,3,3,132,24.0580,0
oma_e40,4,4,10,3,3,133,19.1498,0
oma_e40,4,4,10,3,3,134,20.5864,0
oma_e40,4,4,10,3,3,135,21.3952,0
oma_e40,4,4,10,3,3,136,12.7706,1
oma_e40,4,4,10,3,3,137,18.8205,0
oma_e40,4,4,10,3,3,138,20.8857,0
oma_e40,4,4,10,3,3,139,15.3228,1
oma_e40,4,4,10,3,3,140,21.3388,1
oma_e40,4,4,10,3,3,141,22.6858,0
oma_e40,4,4,10,3,3,142,23.0692,0
oma_e40,4,4,10,3,3,143,27.6169,0
oma_e40,4,4,10,3,3,144,26.3996,0
oma_e40,4,4,10,3,3,145,18.3404,0
oma_e40,4,4,10,3,3,146,19.1082,1
oma_e40,4,4,10,3,3,147,16.0102,1
oma_e40,4,4,10,3,3,148,22.4967,0
oma_e40,4,4,10,3,3,149,19.4203,0
oma_e40,4,4,10,3,0,150,19.1374,0
oma_e40,4,4,10,3,0,151,22.3516,0
oma_e40,4,4,10,3,0,152,20.8801,0
oma_e40,4,4,10,3,0,153,22.8617,0
oma_e40,4,4,10,3,0,154,17.3744,0
oma_e40,4,4,10,3,0,155,23.6463,0
oma_e40,4,4,10,3,0,156,25.2887,0
oma_e40,4,4,10,3,0,157,21.9927,0
oma_e40,4,4,10,3,0,158,25.5735,0
oma_e40,4,4,10,3,0,159,20.2727,0
oma_e40,4,4,10,3,0,160,19.1494,0
oma_e40,4,4,10,3,0,161,22.4415,1
oma_e40,4,4,10,3,0,162,24.5075,0
oma_e40,4,4,10,3,0,163,23.7259,0
oma_e40,4,4,10,3,0,164,21.9851,0
oma_e40,4,4,10,3,0,165,17.9041,0
oma_e40,4,4,10,3,0,166,22.2290,0
oma_e40,4,4,10,3,0,167,21.0428,1
oma_e40,4,4,10,3,0,168,24.0391,0
oma_e40,4,4,10,3,0,169,25.5796,0
oma_e40,4,4,10,3,0,170,22.2090,0
oma_e40,4,4,10,3,0,171,23.6788,0
oma_e40,4,4,10,3,0,172,20.0190,1
oma_e40,4,4,10,3,0,173,15.4724,1
oma_e40,4,4,10,3,0,174,18.6960,0
oma_e40,4,4,10,3,1,150,19.2329,1
oma_e40,4,4,10,3,1,151,25.6398,0
oma_e40,4,4,10,3,1,152,20.3242,0
oma_e40,4,4,10,3,1,153,26.7450,0
oma_e40,4,4,10,3,1,154,18.3507,1
oma_e40,4,4,10,3,1,155,26.6662,0
oma_e40,4,4,10,3,1,156,23.2558,0
oma_e40,4,4,10,3,1,157,18.7492,1
oma_e40,4,4,10,3,1,158,19.9624,0
oma_e40,4,4,10,3,1,159,23.9161,1
oma_e40,4,4,10,3,1,160,19.9484,0
oma_e40,4,4,10,3,1,161,22.7552,1
oma_e40,4,4,10,3,1,162,23.7290,0
oma_e40,4,4,10,3,1,163,19.4868,0
oma_e40,4,4,10,3,1,164,22.7157,0
oma_e40,4,4,10,3,1,165,17.9146,1
oma_e40,4,4,10,3,1,166,22.3984,1
oma_e40,4,4,10,3,1,167,21.1540,0
oma_e40,4,4,10,3,1,168,24.2104,0
oma_e40,4,4,10,3,1,169,23.5603,0
oma_e40,4,4,10,3,1,170,27.0278,0
oma_e40,4,4,10,3,1,171,21.5678,0
oma_e40,4,4,10,3,1,172,21.6359,1
oma_e40,4,4,10,3,1,173,16.3329,1
oma_e40,4,4,10,3,1,174,26.7411,0
oma_e40,4,4,10,3,2,150,22.5748,0
oma_e40,4,4,10,3,2,151,18.0318,0
oma_e40,4,4,10,3,2,152,25.2430,0
oma_e40,4,4,10,3,2,153,24.4024,0
oma_e40,4,4,10,3,2,154,28.3934,0
oma_e40,4,4,10,3,2,155,23.9846,0
oma_e40,4,4,10,3,2,156,23.2334,1
oma_e40,4,4,10,3,2,157,19.7385,1
oma_e40,4,4,10,3,2,158,27.5640,0
oma_e40,4,4,10,3,2,159,24.1295,0
oma_e40,4,4,10,3,2,160,19.0386,0
oma_e40,4,4,10,3,2,161,20.7029,0
oma_e40,4,4,10,3,2,162,20.3762,0
oma_e40,4,4,10,3,2,163,24.6258,1
oma_e40,4,4,10,3,2,164,26.4314,0
oma_e40,4,4,10,3,2,165,19.9757,1
oma_e40,4,4,10,3,2,166,18.7009,0
oma_e40,4,4,10,3,2,167,22.8318,0
oma_e40,4,4,10,3,2,168,24.1523,0
oma_e40,4,4,10,3,2,169,21.9167,0
oma_e40,4,4,10,3,2,170,24.2399,0
oma_e40,4,4,10,3,2,171,25.4731,0
oma_e40,4,4,10,3,2,172,21.8410,0
oma_e40,4,4,10,3,2,173,13.3364,1
oma_e40,4,4,10,3,2,174,19.0392,1
oma_e40,4,4,10,3,3,150,20.1898,1
oma_e40,4,4,10,3,3,151,21.7453,1
oma_e40,4,4,10,3,3,152,23.9734,0
oma_e40,4,4,10,3,3,153,21.7124,0
oma_e40,4,4,10,3,3,154,26.1431,0
oma_e40,4,4,10,3,3,155,24.1655,1
oma_e40,4,4,10,3,3,156,21.3336,0
oma_e40,4,4,10,3,3,157,29.8744,0
oma_e40,4,4,10,3,3,158,20.5935,0
oma_e40,4,4,10,3,3,159,25.5937,0
oma_e40,4,4,10,3,3,160,22.7871,0
oma_e40,4,4,10,3,3,161,18.5671,0
oma_e40,4,4,10,3,3,162,20.0715,0
oma_e40,4,4,10,3,3,163,22.2940,1
oma_e40,4,4,10,3,3,164,25.1071,0
oma_e40,4,4,10,3,3,165,18.5250,1
oma_e40,4,4,10,3,3,166,20.9121,1
oma_e40,4,4,10,3,3,167,23.4566,0
oma_e40,4,4,10,3,3,168,23.2322,1
oma_e40,4,4,10,3,3,169,24.4297,0
oma_e40,4,4,10,3,3,170,27.1634,0
oma_e40,4,4,10,3,3,171,22.8562,0
oma_e40,4,4,10,3,3,172,20.5171,1
oma_e40,4,4,10,3,3,173,14.3982,1
oma_e40,4,4,10,3,3,174,25.5496,0
oma_e40,4,4,10,3,0,175,25.1432,0
oma_e40,4,4,10,3,0,176,25.5741,0
oma_e40,4,4,10,3,0,177,24.3282,0
oma_e40,4,4,10,3,0,178,19.8201,0
oma_e40,4,4,10,3,0,179,21.9219,0
oma_e40,4,4,10,3,0,180,27.7482,0
oma_e40,4,4,10,3,0,181,22.5680,0
oma_e40,4,4,10,3,0,182,22.7878,0
oma_e40,4,4,10,3,0,183,18.8568,0
oma_e40,4,4,10,3,0,184,25.0498,0
oma_e40,4,4,10,3,0,185,21.5170,0
oma_e40,4,4,10,3,0,186,19.4451,1
oma_e40,4,4,10,3,0,187,24.5646,1
oma_e40,4,4,10,3,0,188,20.4102,0
oma_e40,4,4,10,3,0,189,23.8828,0
oma_e40,4,4,10,3,0,190,24.0646,0
oma_e40,4,4,10,3,0,191,18.5947,1
oma_e40,4,4,10,3,0,192,24.6393,1
oma_e40,4,4,10,3,0,193,11.9802,0
oma_e40,4,4,10,3,0,194,20.2279,0
oma_e40,4,4,10,3,0,195,24.3463,0
oma_e40,4,4,10,3,0,196,23.2339,0
oma_e40,4,4,10,3,0,197,26.1378,0
oma_e40,4,4,10,3,0,198,23.1143,0
oma_e40,4,4,10,3,0,199,25.7716,0
oma_e40,4,4,10,3,1,175,21.1916,0
oma_e40,4,4,10,3,1,176,22.1458,1
oma_e40,4,4,10,3,1,177,23.5076,0
oma_e40,4,4,10,3,1,178,21.1343,0
oma_e40,4,4,10,3,1,179,22.0088,1
oma_e40,4,4,10,3,1,180,24.5122,0
oma_e40,4,4,10,3,1,181,20.7004,0
oma_e40,4,4,10,3,1,182,21.6712,0
oma_e40,4,4,10,3,1,183,17.3628,1
oma_e40,4,4,10,3,1,184,24.3447,1
oma_e40,4,4,10,3,1,185,18.5840,1
oma_e40,4,4,10,3,1,186,18.3500,1
oma_e40,4,4,10,3,1,187,22.6554,0
oma_e40,4,4,10,3,1,188,23.2666,0
oma_e40,4,4,10,3,1,189,20.2499,1
oma_e40,4,4,10,3,1,190,25.0071,0
oma_e40,4,4,10,3,1,191,17.2557,1
oma_e40,4,4,10,3,1,192,22.4554,0
oma_e40,4,4,10,3,1,193,11.2208,1
oma_e40,4,4,10,3,1,194,21.6572,1
oma_e40,4,4,10,3,1,195,22.7687,0
oma_e40,4,4,10,3,1,196,19.1775,0
oma_e40,4,4,10,3,1,197,22.9213,0
oma_e40,4,4,10,3,1,198,21.7228,0
oma_e40,4,4,10,3,1,199,19.2809,0
oma_e40,4,4,10,3,2,175,18.7739,0
oma_e40,4,4,10,3,2,176,23.8013,1
oma_e40,4,4,10,3,2,177,26.5232,0
oma_e40,4,4,10,3,2,178,17.5026,1
oma_e40,4,4,10,3,2,179,21.7000,0
oma_e40,4,4,10,3,2,180,22.4063,0
oma_e40,4,4,10,3,2,181,22.1467,0
oma_e40,4,4,10,3,2,182,20.5330,0
oma_e40,4,4,10,3,2,183,19.9869,0
oma_e40,4,4,10,3,2,184,22.5760,0
oma_e40,4,4,10,3,2,185,23.9409,0
oma_e40,4,4,10,3,2,186,17.8692,0
oma_e40,4,4,10,3,2,187,23.2812,1
oma_e40,4,4,10,3,2,188,25.3231,0
oma_e40,4,4,10,3,2,189,21.6521,0
oma_e40,4,4,10,3,2,190,24.8970,0
oma_e40,4,4,10,3,2,191,18.8503,1
oma_e40,4,4,10,3,2,192,25.3354,0
oma_e40,4,4,10,3,2,193,10.0956,1
oma_e40,4,4,10,3,2,194,21.3447,0
oma_e40,4,4,10,3,2,195,31.9096,0
oma_e40,4,4,10,3,2,196,19.1745,0
oma_e40,4,4,10,3,2,197,25.2194,1
oma_e40,4,4,10,3,2,198,22.6831,0
oma_e40,4,4,10,3,2,199,23.0982,0
oma_e40,4,4,10,3,3,175,22.8247,0
oma_e40,4,4,10,3,3,176,20.5184,0
oma_e40,4,4,10,3,3,177,24.5173,0
oma_e40,4,4,10,3,3,178,19.6529,1
oma_e40,4,4,10,3,3,179,17.0170,1
oma_e40,4,4,10,3,3,180,23.1699,0
oma_e40,4,4,10,3,3,181,24.7484,0
oma_e40,4,4,10,3,3,182,19.1838,0
oma_e40,4,4,10,3,3,183,13.7501,1
oma_e40,4,4,10,3,3,184,26.0729,0
oma_e40,4,4,10,3,3,185,23.6292,0
oma_e40,4,4,10,3,3,186,21.4610,0
oma_e40,4,4,10,3,3,187,22.2749,0
oma_e40,4,4,10,3,3,188,24.5824,0
oma_e40,4,4,10,3,3,189,21.2631,1
oma_e40,4,4,10,3,3,190,21.8964,0
oma_e40,4,4,10,3,3,191,18.3902,1
oma_e40,4,4,10,3,3,192,24.4669,0
oma_e40,4,4,10,3,3,193,11.9319,1
oma_e40,4,4,10,3,3,194,23.2995,0
oma_e40,4,4,10,3,3,195,26.6980,0
oma_e40,4,4,10,3,3,196,22.1128,0
oma_e40,4,4,10,3,3,197,20.3672,1
oma_e40,4,4,10,3,3,198,22.2601,0
oma_e40,4,4,10,3,3,199,23.7601,0
oma_e40,4,4,10,4,0,0,17.0576,1
oma_e40,4,4,10,4,0,1,23.3901,0
oma_e40,4,4,10,4,0,2,23.2358,0
oma_e40,4,4,10,4,0,3,14.0422,1
oma_e40,4,4,10,4,0,4,20.3502,0
oma_e40,4,4,10,4,0,5,22.4419,0
oma_e40,4,4,10,4,0,6,21.4146,1
oma_e40,4,4,10,4,0,7,19.7604,0
oma_e40,4,4,10,4,0,8,20.4324,1
oma_e40,4,4,10,4,0,9,21.7131,0
oma_e40,4,4,10,4,0,10,22.9589,0
oma_e40,4,4,10,4,0,11,18.5388,0
oma_e40,4,4,10,4,0,12,23.2729,0
oma_e40,4,4,10,4,0,13,19.1791,1
oma_e40,4,4,10,4,0,14,20.3623,1
oma_e40,4,4,10,4,0,15,21.4940,1
oma_e40,4,4,10,4,0,16,24.6166,0
oma_e40,4,4,10,4,0,17,23.0719,0
oma_e40,4,4,10,4,0,18,22.0225,0
oma_e40,4,4,10,4,0,19,22.2321,1
oma_e40,4,4,10,4,0,20,21.9240,1
oma_e40,4,4,10,4,0,21,17.4630,1
oma_e40,4,4,10,4,0,22,27.2787,0
oma_e40,4,4,10,4,0,23,19.2689,1
oma_e40,4,4,10,4,0,24,20.4629,0
oma_e40,4,4,10,4,1,0,19.3645,1
oma_e40,4,4,10,4,1,1,20.2448,1
oma_e40,4,4,10,4,1,2,25.0976,0
oma_e40,4,4,10,4,1,3,16.8219,1
oma_e40,4,4,10,4,1,4,20.8958,0
oma_e40,4,4,10,4,1,5,19.2341,0
oma_e40,4,4,10,4,1,6,19.2652,0
oma_e40,4,4,10,4,1,7,22.8754,0
oma_e40,4,4,10,4,1,8,21.8717,0
oma_e40,4,4,10,4,1,9,19.3313,1
oma_e40,4,4,10,4,1,10,19.9619,1
oma_e40,4,4,10,4,1,11,22.6234,1
oma_e40,4,4,10,4,1,12,25.9704,0
oma_e40,4,4,10,4,1,13,21.0423,1
oma_e40,4,4,10,4,1,14,21.4071,1
oma_e40,4,4,10,4,1,15,22.0692,0
oma_e40,4,4,10,4,1,16,22.1309,0
oma_e40,4,4,10,4,1,17,23.4833,1
oma_e40,4,4,10,4,1,18,22.7228,0
oma_e40,4,4,10,4,1,19,24.0068,0
oma_e40,4,4,10,4,1,20,27.7554,0
oma_e40,4,4,10,4,1,21,21.8021,0
oma_e40,4,4,10,4,1,22,21.8391,0
oma_e40,4,4,10,4,1,23,17.4069,0
oma_e40,4,4,10,4,1,24,20.1339,0
oma_e40,4,4,10,4,2,0,16.2388,1
oma_e40,4,4,10,4,2,1,21.9272,0
oma_e40,4,4,10,4,2,2,24.5893,1
oma_e40,4,4,10,4,2,3,13.7109,1
oma_e40,4,4,10,4,2,4,24.9770,0
oma_e40,4,4,10,4,2,5,22.1469,0
oma_e40,4,4,10,4,2,6,19.2803,0
oma_e40,4,4,10,4,2,7,22.5612,0
oma_e40,4,4,10,4,2,8,17.7249,1
oma_e40,4,4,10,4,2,9,21.4949,1
oma_e40,4,4,10,4,2,10,22.0225,0
oma_e40,4,4,10,4,2,11,24.6072,1
oma_e40,4,4,10,4,2,12,23.4433,0
oma_e40,4,4,10,4,2,13,19.8234,0
oma_e40,4,4,10,4,2,14,22.3624,1
oma_e40,4,4,10,4,2,15,24.1742,1
oma_e40,4,4,10,4,2,16,23.9175,0
oma_e40,4,4,10,4,2,17,23.0833,1
oma_e40,4,4,10,4,2,18,19.9104,0
oma_e40,4,4,10,4,2,19,25.0047,0
oma_e40,4,4,10,4,2,20,20.5163,0
oma_e40,4,4,10,4,2,21,20.2138,0
oma_e40,4,4,10,4,2,22,23.5533,0
oma_e40,4,4,10,4,2,23,22.3746,0
oma_e40,4,4,10,4,2,24,25.5775,0
oma_e40,4,4,10,4,3,0,17.9824,1
oma_e40,4,4,10,4,3,1,19.4173,1
oma_e40,4,4,10,4,3,2,22.6541,0
oma_e40,4,4,10,4,3,3,14.6382,1
oma_e40,4,4,10,4,3,4,21.5834,0
oma_e40,4,4,10,4,3,5,19.3324,0
oma_e40,4,4,10,4,3,6,18.2221,1
oma_e40,4,4,10,4,3,7,23.4903,1
oma_e40,4,4,10,4,3,8,22.4716,0
oma_e40,4,4,10,4,3,9,25.7652,0
oma_e40,4,4,10,4,3,10,23.9891,1
oma_e40,4,4,10,4,3,11,21.5072,1
oma_e40,4,4,10,4,3,12,21.0934,0
oma_e40,4,4,10,4,3,13,19.1658,1
oma_e40,4,4,10,4,3,14,18.8382,0
oma_e40,4,4,10,4,3,15,19.0303,1
oma_e40,4,4,10,4,3,16,23.8003,0
oma_e40,4,4,10,4,3,17,23.2977,0
oma_e40,4,4,10,4,3,18,27.1293,0
oma_e40,4,4,10,4,3,19,18.1675,0
oma_e40,4,4,10,4,3,20,25.5967,0
oma_e40,4,4,10,4,3,21,26.5853,1
oma_e40,4,4,10,4,3,22,24.0237,0
oma_e40,4,4,10,4,3,23,19.9302,1
oma_e40,4,4,10,4,3,24,23.7341,0
oma_e40,4,4,10,4,0,25,16.7522,1
oma_e40,4,4,10,4,0,26,23.1517,0
oma_e40,4,4,10,4,0,27,22.8882,0
oma_e40,4,4,10,4,0,28,23.3785,0
oma_e40,4,4,10,4,0,29,21.6704,0
oma_e40,4,4,10,4,0,30,22.3125,0
oma_e40,4,4,10,4,0,31,20.7627,0
oma_e40,4,4,10,4,0,32,17.9094,1
oma_e40,4,4,10,4,0,33,23.6258,1
oma_e40,4,4,10,4,0,34,13.5370,1
oma_e40,4,4,10,4,0,35,21.2460,0
oma_e40,4,4,10,4,0,36,20.1038,1
oma_e40,4,4,10,4,0,37,25.7792,0
oma_e40,4,4,10,4,0,38,23.3799,1
oma_e40,4,4,10,4,0,39,26.3799,0
oma_e40,4,4,10,4,0,40,25.2265,1
oma_e40,4,4,10,4,0,41,16.5350,1
oma_e40,4,4,10,4,0,42,23.9783,0
oma_e40,4,4,10,4,0,43,22.1353,0
oma_e40,4,4,10,4,0,44,24.9290,0
oma_e40,4,4,10,4,0,45,17.8137,1
oma_e40,4,4,10,4,0,46,20.0740,1
oma_e40,4,4,10,4,0,47,15.1450,1
oma_e40,4,4,10,4,0,48,20.8056,1
oma_e40,4,4,10,4,0,49,24.6687,0
oma_e40,4,4,10,4,1,25,19.6636,0
oma_e40,4,4,10,4,1,26,21.3343,0
oma_e40,4,4,10,4,1,27,20.3983,1
oma_e40,4,4,10,4,1,28,21.9724,0
oma_e40,4,4,10,4,1,29,23.2647,0
oma_e40,4,4,10,4,1,30,22.5898,0
oma_e40,4,4,10,4,1,31,20.2145,0
oma_e40,4,4,10,4,1,32,20.5577,1
oma_e40,4,4,10,4,1,33,27.5001,0
oma_e40,4,4,10,4,1,34,14.7524,1
oma_e40,4,4,10,4,1,35,23.3659,0
oma_e40,4,4,10,4,1,36,22.1863,0
oma_e40,4,4,10,4,1,37,21.4356,0
oma_e40,4,4,10,4,1,38,21.5397,0
oma_e40,4,4,10,4,1,39,22.9127,1
oma_e40,4,4,10,4,1,40,23.9294,1
oma_e40,4,4,10,4,1,41,20.3653,1
oma_e40,4,4,10,4,1,42,30.3011,1
oma_e40,4,4,10,4,1,43,22.2500,0
oma_e40,4,4,10,4,1,44,17.4928,0
oma_e40,4,4,10,4,1,45,17.9274,1
oma_e40,4,4,10,4,1,46,21.6249,0
oma_e40,4,4,10,4,1,47,14.3862,1
oma_e40,4,4,10,4,1,48,22.4544,0
oma_e40,4,4,10,4,1,49,21.3187,0
oma_e40,4,4,10,4,2,25,19.3315,1
oma_e40,4,4,10,4,2,26,21.7618,0
oma_e40,4,4,10,4,2,27,25.4144,0
oma_e40,4,4,10,4,2,28,24.6743,0
oma_e40,4,4,10,4,2,29,21.8446,0
oma_e40,4,4,10,4,2,30,17.3257,0
oma_e40,4,4,10,4,2,31,25.2866,0
oma_e40,4,4,10,4,2,32,15.7448,0
oma_e40,4,4,10,4,2,33,21.8316,1
oma_e40,4,4,10,4,2,34,13.7885,1
oma_e40,4,4,10,4,2,35,22.4600,0
oma_e40,4,4,10,4,2,36,19.7986,0
oma_e40,4,4,10,4,2,37,19.2526,0
oma_e40,4,4,10,4,2,38,21.1230,1
oma_e40,4,4,10,4,2,39,23.7509,0
oma_e40,4,4,10,4,2,40,24.0031,0
oma_e40,4,4,10,4,2,41,15.0145,1
oma_e40,4,4,10,4,2,42,20.4718,1
oma_e40,4,4,10,4,2,43,25.5757,0
oma_e40,4,4,10,4,2,44,20.8790,0
oma_e40,4,4,10,4,2,45,21.0189,1
oma_e40,4,4,10,4,2,46,21.1634,0
oma_e40,4,4,10,4,2,47,19.2641,1
oma_e40,4,4,10,4,2,48,24.0234,0
oma_e40,4,4,10,4,2,49,20.6761,0
oma_e40,4,4,10,4,3,25,21.5079,0
oma_e40,4,4,10,4,3,26,21.9437,0
oma_e40,4,4,10,4,3,27,20.7765,0
oma_e40,4,4,10,4,3,28,24.0103,0
oma_e40,4,4,10,4,3,29,24.3549,0
oma_e40,4,4,10,4,3,30,25.3059,0
oma_e40,4,4,10,4,3,31,19.5907,0
oma_e40,4,4,10,4,3,32,21.0683,1
oma_e40,4,4,10,4,3,33,28.4034,0
oma_e40,4,4,10,4,3,34,14.9449,1
oma_e40,4,4,10,4,3,35,23.4346,1
oma_e40,4,4,10,4,3,36,20.2019,1
oma_e40,4,4,10,4,3,37,21.1114,1
oma_e40,4,4,10,4,3,38,25.9006,0
oma_e40,4,4,10,4,3,39,25.9692,0
oma_e40,4,4,10,4,3,40,24.6037,1
oma_e40,4,4,10,4,3,41,15.1571,1
oma_e40,4,4,10,4,3,42,21.4187,0
oma_e40,4,4,10,4,3,43,21.6678,0
oma_e40,4,4,10,4,3,44,21.2503,1
oma_e40,4,4,10,4,3,45,20.9235,1
oma_e40,4,4,10,4,3,46,22.8471,1
oma_e40,4,4,10,4,3,47,15.8513,1
oma_e40,4,4,10,4,3,48,21.9229,0
oma_e40,4,4,10,4,3,49,21.5013,0
oma_e40,4,4,10,4,0,50,21.2169,0
oma_e40,4,4,10,4,0,51,23.5575,0
oma_e40,4,4,10,4,0,52,19.1153,1
oma_e40,4,4,10,4,0,53,24.1111,0
oma_e40,4,4,10,4,0,54,20.8129,0
oma_e40,4,4,10,4,0,55,17.1366,0
oma_e40,4,4,10,4,0,56,19.4798,0
oma_e40,4,4,10,4,0,57,18.3033,1
oma_e40,4,4,10,4,0,58,24.4725,0
oma_e40,4,4,10,4,0,59,25.4920,1
oma_e40,4,4,10,4,0,60,23.4794,0
oma_e40,4,4,10,4,0,61,24.6866,0
oma_e40,4,4,10,4,0,62,21.4534,0
oma_e40,4,4,10,4,0,63,22.8213,0
oma_e40,4,4,10,4,0,64,25.4580,0
oma_e40,4,4,10,4,0,65,18.3372,0
oma_e40,4,4,10,4,0,66,20.3211,1
oma_e40,4,4,10,4,0,67,25.0584,0
oma_e40,4,4,10,4,0,68,19.6643,1
oma_e40,4,4,10,4,0,69,21.0876,0
oma_e40,4,4,10,4,0,70,23.8603,1
oma_e40,4,4,10,4,0,71,18.3038,1
oma_e40,4,4,10,4,0,72,23.8275,0
oma_e40,4,4,10,4,0,73,26.6772,0
oma_e40,4,4,10,4,0,74,21.5757,1
oma_e40,4,4,10,4,1,50,20.5810,1
oma_e40,4,4,10,4,1,51,22.7334,0
oma_e40,4,4,10,4,1,52,23.1710,1
oma_e40,4,4,10,4,1,53,23.4737,0
oma_e40,4,4,10,4,1,54,17.1065,0
oma_e40,4,4,10,4,1,55,25.3480,0
oma_e40,4,4,10,4,1,56,24.6345,0
oma_e40,4,4,10,4,1,57,19.5858,0
oma_e40,4,4,10,4,1,58,25.9668,0
oma_e40,4,4,10,4,1,59,20.6029,0
oma_e40,4,4,10,4,1,60,23.5996,0
oma_e40,4,4,10,4,1,61,24.0114,0
oma_e40,4,4,10,4,1,62,23.4157,0
oma_e40,4,4,10,4,1,63,29.0389,1
oma_e40,4,4,10,4,1,64,24.1168,0
oma_e40,4,4,10,4,1,65,22.4302,1
oma_e40,4,4,10,4,1,66,20.8858,0
oma_e40,4,4,10,4,1,67,21.1162,1
oma_e40,4,4,10,4,1,68,18.4453,1
oma_e40,4,4,10,4,1,69,22.6813,1
oma_e40,4,4,10,4,1,70,20.1517,1
oma_e40,4,4,10,4,1,71,19.2702,1
oma_e40,4,4,10,4,1,72,25.3156,0
oma_e40,4,4,10,4,1,73,21.2902,0
oma_e40,4,4,10,4,1,74,22.5861,0
oma_e40,4,4,10,4,2,50,19.1249,0
oma_e40,4,4,10,4,2,51,24.3210,0
oma_e40,4,4,10,4,2,52,23.9863,0
oma_e40,4,4,10,4,2,53,22.0745,0
oma_e40,4,4,10,4,2,54,18.6390,0
oma_e40,4,4,10,4,2,55,29.4037,0
oma_e40,4,4,10,4,2,56,25.4921,0
oma_e40,4,4,10,4,2,57,21.2077,1
oma_e40,4,4,10,4,2,58,21.9654,0
oma_e40,4,4,10,4,2,59,21.4268,0
oma_e40,4,4,10,4,2,60,19.4926,1
oma_e40,4,4,10,4,2,61,23.5794,0
oma_e40,4,4,10,4,2,62,20.5849,0
oma_e40,4,4,10,4,2,63,22.1595,0
oma_e40,4,4,10,4,2,64,19.4267,0
oma_e40,4,4,10,4,2,65,22.2931,0
oma_e40,4,4,10,4,2,66,19.7019,0
oma_e40,4,4,10,4,2,67,21.1203,0
oma_e40,4,4,10,4,2,68,17.6410,1
oma_e40,4,4,10,4,2,69,24.0648,1
oma_e40,4,4,10,4,2,70,19.7974,0
oma_e40,4,4,10,4,2,71,18.0714,0
oma_e40,4,4,10,4,2,72,23.8318,0
oma_e40,4,4,10,4,2,73,21.1557,0
oma_e40,4,4,10,4,2,74,19.7924,1
oma_e40,4,4,10,4,3,50,19.2557,1
oma_e40,4,4,10,4,3,51,26.6708,0
oma_e40,4,4,10,4,3,52,22.4599,1
oma_e40,4,4,10,4,3,53,21.1884,0
oma_e40,4,4,10,4,3,54,23.7931,1
oma_e40,4,4,10,4,3,55,23.9448,0
oma_e40,4,4,10,4,3,56,27.8761,0
oma_e40,4,4,10,4,3,57,19.6158,1
oma_e40,4,4,10,4,3,58,23.5003,0
oma_e40,4,4,10,4,3,59,25.4984,0
oma_e40,4,4,10,4,3,60,22.5753,1
oma_e40,4,4,10,4,3,61,26.2254,0
oma_e40,4,4,10,4,3,62,20.8592,0
oma_e40,4,4,10,4,3,63,24.5827,0
oma_e40,4,4,10,4,3,64,25.5037,0
oma_e40,4,4,10,4,3,65,24.0753,0
oma_e40,4,4,10,4,3,66,21.1807,0
oma_e40,4,4,10,4,3,67,19.8423,0
oma_e40,4,4,10,4,3,68,21.7943,0
oma_e40,4,4,10,4,3,69,24.0139,1
oma_e40,4,4,10,4,3,70,23.0119,0
oma_e40,4,4,10,4,3,71,17.7673,1
oma_e40,4,4,10,4,3,72,24.2702,0
oma_e40,4,4,10,4,3,73,25.9515,0
oma_e40,4,4,10,4,3,74,22.4015,1
oma_e40,4,4,10,4,0,75,20.0916,0
oma_e40,4,4,10,4,0,76,26.3018,0
oma_e40,4,4,10,4,0,77,21.8302,0
oma_e40,4,4,10,4,0,78,23.7493,0
oma_e40,4,4,10,4,0,79,26.2908,0
oma_e40,4,4,10,4,0,80,21.5498,0
oma_e40,4,4,10,4,0,81,18.1872,0
oma_e40,4,4,10,4,0,82,17.3074,1
oma_e40,4,4,10,4,0,83,18.4475,1
oma_e40,4,4,10,4,0,84,21.3616,0
oma_e40,4,4,10,4,0,85,21.9162,0
oma_e40,4,4,10,4,0,86,21.4155,1
oma_e40,4,4,10,4,0,87,19.6571,0
oma_e40,4,4,10,4,0,88,23.7321,0
oma_e40,4,4,10,4,0,89,20.1470,0
oma_e40,4,4,10,4,0,90,21.7903,0
oma_e40,4,4,10,4,0,91,18.3364,1
oma_e40,4,4,10,4,0,92,21.0313,1
oma_e40,4,4,10,4,0,93,22.7668,1
oma_e40,4,4,10,4,0,94,22.0702,1
oma_e40,4,4,10,4,0,95,22.3986,0
oma_e40,4,4,10,4,0,96,25.2134,0
oma_e40,4,4,10,4,0,97,24.6152,0
oma_e40,4,4,10,4,0,98,20.8151,0
oma_e40,4,4,10,4,0,99,25.1110,0
oma_e40,4,4,10,4,1,75,21.7094,0
oma_e40,4,4,10,4,1,76,24.5046,0
oma_e40,4,4,10,4,1,77,27.6307,0
oma_e40,4,4,10,4,1,78,23.6224,1
oma_e40,4,4,10,4,1,79,21.9802,1
oma_e40,4,4,10,4,1,80,20.4679,0
oma_e40,4,4,10,4,1,81,22.1727,1
oma_e40,4,4,10,4,1,82,19.7629,1
oma_e40,4,4,10,4,1,83,22.2984,1
oma_e40,4,4,10,4,1,84,19.6535,1
oma_e40,4,4,10,4,1,85,26.2017,0
oma_e40,4,4,10,4,1,86,25.9534,0
oma_e40,4,4,10,4,1,87,23.6012,1
oma_e40,4,4,10,4,1,88,23.1740,1
oma_e40,4,4,10,4,1,89,20.9857,1
oma_e40,4,4,10,4,1,90,20.3155,1
oma_e40,4,4,10,4,1,91,18.3692,1
oma_e40,4,4,10,4,1,92,20.5047,1
oma_e40,4,4,10,4,1,93,22.8780,0
oma_e40,4,4,10,4,1,94,23.3731,0
oma_e40,4,4,10,4,1,95,20.9845,0
oma_e40,4,4,10,4,1,96,22.1110,0
oma_e40,4,4,10,4,1,97,27.5057,0
oma_e40,4,4,10,4,1,98,18.5474,0
oma_e40,4,4,10,4,1,99,23.2607,0
oma_e40,4,4,10,4,2,75,18.6655,1
oma_e40,4,4,10,4,2,76,24.3905,0
oma_e40,4,4,10,4,2,77,23.2675,0
oma_e40,4,4,10,4,2,78,24.7415,0
oma_e40,4,4,10,4,2,79,18.7283,0
oma_e40,4,4,10,4,2,80,23.2892,0
oma_e40,4,4,10,4,2,81,20.1296,1
oma_e40,4,4,10,4,2,82,15.9016,0
oma_e40,4,4,10,4,2,83,21.5263,0
oma_e40,4,4,10,4,2,84,25.7356,0
oma_e40,4,4,10,4,2,85,21.1755,1
oma_e40,4,4,10,4,2,86,23.2923,0
oma_e40,4,4,10,4,2,87,22.5621,0
oma_e40,4,4,10,4,2,88,25.5069,0
oma_e40,4,4,10,4,2,89,20.8398,0
oma_e40,4,4,10,4,2,90,23.0554,1
oma_e40,4,4,10,4,2,91,18.7212,1
oma_e40,4,4,10,4,2,92,20.1140,1
oma_e40,4,4,10,4,2,93,23.4699,1
oma_e40,4,4,10,4,2,94,20.0658,0
oma_e40,4,4,10,4,2,95,25.7654,0
oma_e40,4,4,10,4,2,96,23.0431,0
oma_e40,4,4,10,4,2,97,24.4849,0
oma_e40,4,4,10,4,2,98,21.8882,0
oma_e40,4,4,10,4,2,99,20.8712,1
oma_e40,4,4,10,4,3,75,26.7182,0
oma_e40,4,4,10,4,3,76,25.4651,1
oma_e40,4,4,10,4,3,77,25.1449,0
oma_e40,4,4,10,4,3,78,23.0718,0
oma_e40,4,4,10,4,3,79,22.8660,0
oma_e40,4,4,10,4,3,80,25.3316,0
oma_e40,4,4,10,4,3,81,19.2692,0
oma_e40,4,4,10,4,3,82,17.9433,0
oma_e40,4,4,10,4,3,83,23.5757,1
oma_e40,4,4,10,4,3,84,25.5212,0
oma_e40,4,4,10,4,3,85,22.9809,0
oma_e40,4,4,10,4,3,86,21.2847,1
oma_e40,4,4,10,4,3,87,17.3988,1
oma_e40,4,4,10,4,3,88,24.9457,0
oma_e40,4,4,10,4,3,89,23.0483,0
oma_e40,4,4,10,4,3,90,19.0082,0
oma_e40,4,4,10,4,3,91,19.3877,1
oma_e40,4,4,10,4,3,92,19.9254,1
oma_e40,4,4,10,4,3,93,22.9872,0
oma_e40,4,4,10,4,3,94,24.6276,1
oma_e40,4,4,10,4,3,95,19.6966,1
oma_e40,4,4,10,4,3,96,23.3835,0
oma_e40,4,4,10,4,3,97,22.7285,0
oma_e40,4,4,10,4,3,98,20.6543,1
oma_e40,4,4,10,4,3,99,27.0047,1
oma_e40,4,4,10,4,0,100,19.3785,0
oma_e40,4,4,10,4,0,101,21.1967,1
oma_e40,4,4,10,4,0,102,22.8165,0
oma_e40,4,4,10,4,0,103,20.2832,0
oma_e40,4,4,10,4,0,104,21.4541,1
oma_e40,4,4,10,4,0,105,22.8710,0
oma_e40,4,4,10,4,0,106,19.4980,1
oma_e40,4,4,10,4,0,107,22.4186,1
oma_e40,4,4,10,4,0,108,25.1626,0
oma_e40,4,4,10,4,0,109,22.1602,0
oma_e40,4,4,10,4,0,110,20.7642,0
oma_e40,4,4,10,4,0,111,20.3834,1
oma_e40,4,4,10,4,0,112,18.5486,1
oma_e40,4,4,10,4,0,113,24.9823,0
oma_e40,4,4,10,4,0,114,23.5284,0
oma_e40,4,4,10,4,0,115,21.2336,0
oma_e40,4,4,10,4,0,116,20.7339,0
oma_e40,4,4,10,4,0,117,21.7191,1
oma_e40,4,4,10,4,0,118,19.3356,1
oma_e40,4,4,10,4,0,119,22.2025,0
oma_e40,4,4,10,4,0,120,20.9506,1
oma_e40,4,4,10,4,0,121,22.9907,1
oma_e40,4,4,10,4,0,122,17.6474,0
oma_e40,4,4,10,4,0,123,17.5849,0
oma_e40,4,4,10,4,0,124,20.9571,0
oma_e40,4,4,10,4,1,100,22.8290,0
oma_e40,4,4,10,4,1,101,18.9849,1
oma_e40,4,4,10,4,1,102,20.7049,1
oma_e40,4,4,10,4,1,103,23.8952,0
oma_e40,4,4,10,4,1,104,20.2860,1
oma_e40,4,4,10,4,1,105,28.7452,0
oma_e40,4,4,10,4,1,106,19.8403,1
oma_e40,4,4,10,4,1,107,27.1848,0
oma_e40,4,4,10,4,1,108,25.2644,0
oma_e40,4,4,10,4,1,109,22.2813,0
oma_e40,4,4,10,4,1,110,21.8150,1
oma_e40,4,4,10,4,1,111,20.9759,0
oma_e40,4,4,10,4,1,112,20.3011,0
oma_e40,4,4,10,4,1,113,23.9552,0
oma_e40,4,4,10,4,1,114,21.9374,1
oma_e40,4,4,10,4,1,115,20.8689,1
oma_e40,4,4,10,4,1,116,18.4500,0
oma_e40,4,4,10,4,1,117,22.2454,1
oma_e40,4,4,10,4,1,118,19.7868,1
oma_e40,4,4,10,4,1,119,18.7977,1
oma_e40,4,4,10,4,1,120,21.7380,0
oma_e40,4,4,10,4,1,121,23.1350,1
oma_e40,4,4,10,4,1,122,20.6253,0
oma_e40,4,4,10,4,1,123,21.9257,1
oma_e40,4,4,10,4,1,124,24.8477,0
oma_e40,4,4,10,4,2,100,25.3241,0
oma_e40,4,4,10,4,2,101,20.0877,1
oma_e40,4,4,10,4,2,102,21.2609,1
oma_e40,4,4,10,4,2,103,20.3384,0
oma_e40,4,4,10,4,2,104,23.7947,0
oma_e40,4,4,10,4,2,105,20.3608,0
oma_e40,4,4,10,4,2,106,21.2801,0
oma_e40,4,4,10,4,2,107,19.5800,0
oma_e40,4,4,10,4,2,108,20.3586,0
oma_e40,4,4,10,4,2,109,23.2416,0
oma_e40,4,4,10,4,2,110,24.9588,0
oma_e40,4,4,10,4,2,111,20.1269,1
oma_e40,4,4,10,4,2,112,20.3160,1
oma_e40,4,4,10,4,2,113,23.2698,1
oma_e40,4,4,10,4,2,114,24.6815,1
oma_e40,4,4,10,4,2,115,19.9785,1
oma_e40,4,4,10,4,2,116,19.2845,0
oma_e40,4,4,10,4,2,117,21.7394,1
oma_e40,4,4,10,4,2,118,18.6366,1
oma_e40,4,4,10,4,2,119,21.0337,1
oma_e40,4,4,10,4,2,120,19.9689,0
oma_e40,4,4,10,4,2,121,19.4347,0
oma_e40,4,4,10,4,2,122,20.9994,1
oma_e40,4,4,10,4,2,123,23.6576,0
oma_e40,4,4,10,4,2,124,23.6093,1
oma_e40,4,4,10,4,3,100,23.8588,0
oma_e40,4,4,10,4,3,101,18.9447,1
oma_e40,4,4,10,4,3,102,22.3618,0
oma_e40,4,4,10,4,3,103,21.6858,0
oma_e40,4,4,10,4,3,104,23.8835,1
oma_e40,4,4,10,4,3,105,21.8060,0
oma_e40,4,4,10,4,3,106,21.9938,0
oma_e40,4,4,10,4,3,107,22.1876,0
oma_e40,4,4,10,4,3,108,18.7525,0
oma_e40,4,4,10,4,3,109,19.7637,1
oma_e40,4,4,10,4,3,110,25.4673,0
oma_e40,4,4,10,4,3,111,20.4081,1
oma_e40,4,4,10,4,3,112,19.5918,0
oma_e40,4,4,10,4,3,113,21.3680,1
oma_e40,4,4,10,4,3,114,20.6819,1
oma_e40,4,4,10,4,3,115,19.6606,1
oma_e40,4,4,10,4,3,116,22.9081,1
oma_e40,4,4,10,4,3,117,20.5687,0
oma_e40,4,4,10,4,3,118,19.9832,1
oma_e40,4,4,10,4,3,119,19.9357,1
oma_e40,4,4,10,4,3,120,20.0678,1
oma_e40,4,4,10,4,3,121,19.7168,1
oma_e40,4,4,10,4,3,122,25.2978,1
oma_e40,4,4,10,4,3,123,20.6907,0
oma_e40,4,4,10,4,3,124,21.4503,0
oma_e40,4,4,10,4,0,125,20.5444,0
oma_e40,4,4,10,4,0,126,23.2210,0
oma_e40,4,4,10,4,0,127,23.8575,0
oma_e40,4,4,10,4,0,128,19.4454,1
oma_e40,4,4,10,4,0,129,18.9666,0
oma_e40,4,4,10,4,0,130,26.3459,0
oma_e40,4,4,10,4,0,131,17.8588,1
oma_e40,4,4,10,4,0,132,21.6798,0
oma_e40,4,4,10,4,0,133,22.9288,0
oma_e40,4,4,10,4,0,134,19.9225,1
oma_e40,4,4,10,4,0,135,20.1810,0
oma_e40,4,4,10,4,0,136,20.8674,0
oma_e40,4,4,10,4,0,137,20.5424,0
oma_e40,4,4,10,4,0,138,20.2419,0
oma_e40,4,4,10,4,0,139,24.1866,0
oma_e40,4,4,10,4,0,140,19.0208,0
oma_e40,4,4,10,4,0,141,20.8187,1
oma_e40,4,4,10,4,0,142,25.1641,1
oma_e40,4,4,10,4,0,143,24.8242,0
oma_e40,4,4,10,4,0,144,22.3032,0
oma_e40,4,4,10,4,0,145,22.7057,1
oma_e40,4,4,10,4,0,146,21.0824,0
oma_e40,4,4,10,4,0,147,23.8006,0
oma_e40,4,4,10,4,0,148,22.9761,0
oma_e40,4,4,10,4,0,149,21.5869,1
oma_e40,4,4,10,4,1,125,24.4697,0
oma_e40,4,4,10,4,1,126,21.1681,1
oma_e40,4,4,10,4,1,127,23.5873,0
oma_e40,4,4,10,4,1,128,20.8207,1
oma_e40,4,4,10,4,1,129,20.5961,0
oma_e40,4,4,10,4,1,130,17.9318,0
oma_e40,4,4,10,4,1,131,18.7363,1
oma_e40,4,4,10,4,1,132,19.9207,0
oma_e40,4,4,10,4,1,133,24.5414,1
oma_e40,4,4,10,4,1,134,19.4450,1
oma_e40,4,4,10,4,1,135,20.9459,0
oma_e40,4,4,10,4,1,136,20.4568,0
oma_e40,4,4,10,4,1,137,21.2469,1
oma_e40,4,4,10,4,1,138,20.1713,0
oma_e40,4,4,10,4,1,139,23.6064,0
oma_e40,4,4,10,4,1,140,23.8641,1
oma_e40,4,4,10,4,1,141,20.4138,0
oma_e40,4,4,10,4,1,142,20.6428,0
oma_e40,4,4,10,4,1,143,20.6903,0
oma_e40,4,4,10,4,1,144,23.7821,1
oma_e40,4,4,10,4,1,145,21.3983,0
oma_e40,4,4,10,4,1,146,21.3671,1
oma_e40,4,4,10,4,1,147,27.9623,0
oma_e40,4,4,10,4,1,148,22.8131,0
oma_e40,4,4,10,4,1,149,19.8642,0
oma_e40,4,4,10,4,2,125,22.9611,0
oma_e40,4,4,10,4,2,126,21.2049,1
oma_e40,4,4,10,4,2,127,23.1150,1
oma_e40,4,4,10,4,2,128,19.3354,1
oma_e40,4,4,10,4,2,129,20.8916,0
oma_e40,4,4,10,4,2,130,21.5324,0
oma_e40,4,4,10,4,2,131,23.7045,0
oma_e40,4,4,10,4,2,132,23.8127,1
oma_e40,4,4,10,4,2,133,19.8009,1
oma_e40,4,4,10,4,2,134,18.3609,1
oma_e40,4,4,10,4,2,135,21.3042,1
oma_e40,4,4,10,4,2,136,19.2347,1
oma_e40,4,4,10,4,2,137,21.1277,1
oma_e40,4,4,10,4,2,138,21.8984,1
oma_e40,4,4,10,4,2,139,23.8621,0
oma_e40,4,4,10,4,2,140,23.3982,1
oma_e40,4,4,10,4,2,141,23.6309,0
oma_e40,4,4,10,4,2,142,22.1925,0
oma_e40,4,4,10,4,2,143,24.7144,0
oma_e40,4,4,10,4,2,144,21.8991,1
oma_e40,4,4,10,4,2,145,20.3975,1
oma_e40,4,4,10,4,2,146,18.5199,0
oma_e40,4,4,10,4,2,147,21.4436,0
oma_e40,4,4,10,4,2,148,23.4945,1
oma_e40,4,4,10,4,2,149,17.9173,0
oma_e40,4,4,10,4,3,125,24.8228,0
oma_e40,4,4,10,4,3,126,19.7822,0
oma_e40,4,4,10,4,3,127,22.9282,0
oma_e40,4,4,10,4,3,128,24.1393,1
oma_e40,4,4,10,4,3,129,20.7810,0
oma_e40,4,4,10,4,3,130,24.3170,1
oma_e40,4,4,10,4,3,131,21.4795,1
oma_e40,4,4,10,4,3,132,22.7902,1
oma_e40,4,4,10,4,3,133,19.7012,0
oma_e40,4,4,10,4,3,134,17.2675,0
oma_e40,4,4,10,4,3,135,19.4959,1
oma_e40,4,4,10,4,3,136,18.1966,1
oma_e40,4,4,10,4,3,137,18.3501,0
oma_e40,4,4,10,4,3,138,19.6589,0
oma_e40,4,4,10,4,3,139,23.4609,0
oma_e40,4,4,10,4,3,140,20.4419,1
oma_e40,4,4,10,4,3,141,24.8109,0
oma_e40,4,4,10,4,3,142,22.0369,0
oma_e40,4,4,10,4,3,143,26.9922,0
oma_e40,4,4,10,4,3,144,23.6218,0
oma_e40,4,4,10,4,3,145,20.8708,0
oma_e40,4,4,10,4,3,146,16.9323,1
oma_e40,4,4,10,4,3,147,19.7302,0
oma_e40,4,4,10,4,3,148,22.1786,1
oma_e40,4,4,10,4,3,149,18.7606,0
oma_e40,4,4,10,4,0,150,17.7044,1
oma_e40,4,4,10,4,0,151,23.1378,0
oma_e40,4,4,10,4,0,152,22.7763,0
oma_e40,4,4,10,4,0,153,20.9946,0
oma_e40,4,4,10,4,0,154,17.9574,0
oma_e40,4,4,10,4,0,155,23.2462,1
oma_e40,4,4,10,4,0,156,26.8136,0
oma_e40,4,4,10,4,0,157,22.7029,0
oma_e40,4,4,10,4,0,158,24.9681,0
oma_e40,4,4,10,4,0,159,19.5573,0
oma_e40,4,4,10,4,0,160,20.2933,0
oma_e40,4,4,10,4,0,161,23.9634,1
oma_e40,4,4,10,4,0,162,24.1330,0
oma_e40,4,4,10,4,0,163,23.4545,0
oma_e40,4,4,10,4,0,164,22.0864,0
oma_e40,4,4,10,4,0,165,20.9511,0
oma_e40,4,4,10,4,0,166,25.4715,0
oma_e40,4,4,10,4,0,167,21.1153,1
oma_e40,4,4,10,4,0,168,22.8694,0
oma_e40,4,4,10,4,0,169,24.8010,0
oma_e40,4,4,10,4,0,170,20.9743,0
oma_e40,4,4,10,4,0,171,23.6385,0
oma_e40,4,4,10,4,0,172,21.4176,1
oma_e40,4,4,10,4,0,173,25.3249,0
oma_e40,4,4,10,4,0,174,17.2983,0
oma_e40,4,4,10,4,1,150,18.1949,1
oma_e40,4,4,10,4,1,151,26.2713,0
oma_e40,4,4,10,4,1,152,21.5877,0
oma_e40,4,4,10,4,1,153,24.2548,1
oma_e40,4,4,10,4,1,154,18.9005,1
oma_e40,4,4,10,4,1,155,25.9656,1
oma_e40,4,4,10,4,1,156,24.1679,0
oma_e40,4,4,10,4,1,157,19.1332,1
oma_e40,4,4,10,4,1,158,19.6038,1
oma_e40,4,4,10,4,1,159,22.8962,1
oma_e40,4,4,10,4,1,160,21.1981,0
oma_e40,4,4,10,4,1,161,24.5893,1
oma_e40,4,4,10,4,1,162,23.5108,1
oma_e40,4,4,10,4,1,163,19.4433,0
oma_e40,4,4,10,4,1,164,22.7506,0
oma_e40,4,4,10,4,1,165,23.4047,0
oma_e40,4,4,10,4,1,166,26.1418,0
oma_e40,4,4,10,4,1,167,21.5924,0
oma_e40,4,4,10,4,1,168,23.0911,1
oma_e40,4,4,10,4,1,169,22.8952,0
oma_e40,4,4,10,4,1,170,24.5413,1
oma_e40,4,4,10,4,1,171,21.4418,0
oma_e40,4,4,10,4,1,172,22.7273,1
oma_e40,4,4,10,4,1,173,21.9586,0
oma_e40,4,4,10,4,1,174,23.3243,0
oma_e40,4,4,10,4,2,150,21.5468,0
oma_e40,4,4,10,4,2,151,18.3565,0
oma_e40,4,4,10,4,2,152,26.7635,0
oma_e40,4,4,10,4,2,153,22.8516,0
oma_e40,4,4,10,4,2,154,30.1842,0
oma_e40,4,4,10,4,2,155,23.5930,0
oma_e40,4,4,10,4,2,156,24.0151,1
oma_e40,4,4,10,4,2,157,20.2104,1
oma_e40,4,4,10,4,2,158,26.5156,0
oma_e40,4,4,10,4,2,159,23.1317,0
oma_e40,4,4,10,4,2,160,20.0116,0
oma_e40,4,4,10,4,2,161,21.6782,0
oma_e40,4,4,10,4,2,162,20.1351,0
oma_e40,4,4,10,4,2,163,24.3634,1
oma_e40,4,4,10,4,2,164,26.6951,0
oma_e40,4,4,10,4,2,165,24.5595,0
oma_e40,4,4,10,4,2,166,21.2356,0
oma_e40,4,4,10,4,2,167,23.0683,1
oma_e40,4,4,10,4,2,168,22.8145,0
oma_e40,4,4,10,4,2,169,21.3496,0
oma_e40,4,4,10,4,2,170,23.0733,0
oma_e40,4,4,10,4,2,171,25.1648,0
oma_e40,4,4,10,4,2,172,23.0127,0
oma_e40,4,4,10,4,2,173,20.1451,0
oma_e40,4,4,10,4,2,174,17.5547,1
oma_e40,4,4,10,4,3,150,19.3141,1
oma_e40,4,4,10,4,3,151,22.1310,0
oma_e40,4,4,10,4,3,152,25.4413,0
oma_e40,4,4,10,4,3,153,19.7567,1
oma_e40,4,4,10,4,3,154,27.7988,0
oma_e40,4,4,10,4,3,155,24.2004,0
oma_e40,4,4,10,4,3,156,21.7340,0
oma_e40,4,4,10,4,3,157,30.4962,0
oma_e40,4,4,10,4,3,158,20.0152,0
oma_e40,4,4,10,4,3,159,24.0652,0
oma_e40,4,4,10,4,3,160,24.3290,0
oma_e40,4,4,10,4,3,161,19.5675,0
oma_e40,4,4,10,4,3,162,19.8793,0
oma_e40,4,4,10,4,3,163,22.1375,1
oma_e40,4,4,10,4,3,164,25.0879,0
oma_e40,4,4,10,4,3,165,22.8477,0
oma_e40,4,4,10,4,3,166,23.0382,0
oma_e40,4,4,10,4,3,167,23.5497,0
oma_e40,4,4,10,4,3,168,22.3284,1
oma_e40,4,4,10,4,3,169,23.7896,0
oma_e40,4,4,10,4,3,170,24.6504,1
oma_e40,4,4,10,4,3,171,22.7305,0
oma_e40,4,4,10,4,3,172,21.4243,0
oma_e40,4,4,10,4,3,173,21.5417,1
oma_e40,4,4,10,4,3,174,22.7729,0
oma_e40,4,4,10,4,0,175,27.6419,0
oma_e40,4,4,10,4,0,176,25.9325,1
oma_e40,4,4,10,4,0,177,20.5186,0
oma_e40,4,4,10,4,0,178,24.8844,0
oma_e40,4,4,10,4,0,179,22.6484,0
oma_e40,4,4,10,4,0,180,25.9253,0
oma_e40,4,4,10,4,0,181,22.6514,0
oma_e40,4,4,10,4,0,182,19.3126,0
oma_e40,4,4,10,4,0,183,23.3601,0
oma_e40,4,4,10,4,0,184,23.4897,0
oma_e40,4,4,10,4,0,185,23.2114,0
oma_e40,4,4,10,4,0,186,20.1756,1
oma_e40,4,4,10,4,0,187,25.6413,1
oma_e40,4,4,10,4,0,188,14.6759,0
oma_e40,4,4,10,4,0,189,25.6622,0
oma_e40,4,4,10,4,0,190,23.4184,1
oma_e40,4,4,10,4,0,191,23.9113,0
oma_e40,4,4,10,4,0,192,23.8912,1
oma_e40,4,4,10,4,0,193,23.9629,0
oma_e40,4,4,10,4,0,194,19.8623,0
oma_e40,4,4,10,4,0,195,24.3447,0
oma_e40,4,4,10,4,0,196,21.8635,1
oma_e40,4,4,10,4,0,197,26.6955,0
oma_e40,4,4,10,4,0,198,21.0055,1
oma_e40,4,4,10,4,0,199,26.0360,0
oma_e40,4,4,10,4,1,175,23.1305,1
oma_e40,4,4,10,4,1,176,22.0006,1
oma_e40,4,4,10,4,1,177,19.5211,1
oma_e40,4,4,10,4,1,178,27.8274,0
oma_e40,4,4,10,4,1,179,22.5788,1
oma_e40,4,4,10,4,1,180,23.4550,0
oma_e40,4,4,10,4,1,181,20.6574,0
oma_e40,4,4,10,4,1,182,17.8322,0
oma_e40,4,4,10,4,1,183,20.9468,1
oma_e40,4,4,10,4,1,184,23.1398,1
oma_e40,4,4,10,4,1,185,20.1555,1
oma_e40,4,4,10,4,1,186,18.7233,1
oma_e40,4,4,10,4,1,187,22.8701,1
oma_e40,4,4,10,4,1,188,16.3001,1
oma_e40,4,4,10,4,1,189,22.6960,0
oma_e40,4,4,10,4,1,190,24.3651,0
oma_e40,4,4,10,4,1,191,21.9110,0
oma_e40,4,4,10,4,1,192,21.7700,0
oma_e40,4,4,10,4,1,193,21.5721,0
oma_e40,4,4,10,4,1,194,21.2779,0
oma_e40,4,4,10,4,1,195,22.9262,0
oma_e40,4,4,10,4,1,196,18.5812,0
oma_e40,4,4,10,4,1,197,23.7131,0
oma_e40,4,4,10,4,1,198,19.9663,0
oma_e40,4,4,10,4,1,199,19.3287,0
oma_e40,4,4,10,4,2,175,20.0437,0
oma_e40,4,4,10,4,2,176,24.2821,1
oma_e40,4,4,10,4,2,177,22.4631,0
oma_e40,4,4,10,4,2,178,20.8421,1
oma_e40,4,4,10,4,2,179,23.0150,0
oma_e40,4,4,10,4,2,180,21.7144,0
oma_e40,4,4,10,4,2,181,22.1912,0
oma_e40,4,4,10,4,2,182,17.8414,1
oma_e40,4,4,10,4,2,183,24.1144,0
oma_e40,4,4,10,4,2,184,21.5756,0
oma_e40,4,4,10,4,2,185,26.3796,0
oma_e40,4,4,10,4,2,186,18.4884,0
oma_e40,4,4,10,4,2,187,24.0584,0
oma_e40,4,4,10,4,2,188,17.4704,1
oma_e40,4,4,10,4,2,189,23.9785,0
oma_e40,4,4,10,4,2,190,24.0595,0
oma_e40,4,4,10,4,2,191,23.5862,1
oma_e40,4,4,10,4,2,192,24.1751,0
oma_e40,4,4,10,4,2,193,23.0406,0
oma_e40,4,4,10,4,2,194,20.9383,0
oma_e40,4,4,10,4,2,195,31.9703,0
oma_e40,4,4,10,4,2,196,18.3271,1
oma_e40,4,4,10,4,2,197,25.5158,1
oma_e40,4,4,10,4,2,198,21.7866,0
oma_e40,4,4,10,4,2,199,23.1469,0
oma_e40,4,4,10,4,3,175,26.1236,0
oma_e40,4,4,10,4,3,176,20.7261,0
oma_e40,4,4,10,4,3,177,20.1666,1
oma_e40,4,4,10,4,3,178,25.0197,0
oma_e40,4,4,10,4,3,179,17.5860,1
oma_e40,4,4,10,4,3,180,22.3013,0
oma_e40,4,4,10,4,3,181,24.7595,0
oma_e40,4,4,10,4,3,182,17.2250,1
oma_e40,4,4,10,4,3,183,15.4451,0
oma_e40,4,4,10,4,3,184,24.6563,0
oma_e40,4,4,10,4,3,185,26.3951,0
oma_e40,4,4,10,4,3,186,22.8343,0
oma_e40,4,4,10,4,3,187,22.7031,0
oma_e40,4,4,10,4,3,188,15.0943,1
oma_e40,4,4,10,4,3,189,23.2448,0
oma_e40,4,4,10,4,3,190,21.5290,0
oma_e40,4,4,10,4,3,191,24.2112,0
oma_e40,4,4,10,4,3,192,23.4259,0
oma_e40,4,4,10,4,3,193,20.4439,1
oma_e40,4,4,10,4,3,194,22.8798,0
oma_e40,4,4,10,4,3,195,26.7834,0
oma_e40,4,4,10,4,3,196,20.5374,1
oma_e40,4,4,10,4,3,197,20.9079,0
oma_e40,4,4,10,4,3,198,20.8292,0
oma_e40,4,4,10,4,3,199,24.1624,0
oma_e40,4,4,15,0,0,0,23.2462,0
oma_e40,4,4,15,0,0,1,24.7452,0
oma_e40,4,4,15,0,0,2,17.5875,1
oma_e40,4,4,15,0,0,3,21.6279,1
oma_e40,4,4,15,0,0,4,22.0579,0
oma_e40,4,4,15,0,0,5,22.9662,0
oma_e40,4,4,15,0,0,6,26.4855,0
oma_e40,4,4,15,0,0,7,19.4118,0
oma_e40,4,4,15,0,0,8,22.8829,1
oma_e40,4,4,15,0,0,9,23.0956,0
oma_e40,4,4,15,0,0,10,20.8861,1
oma_e40,4,4,15,0,0,11,18.1076,1
oma_e40,4,4,15,0,0,12,23.3791,0
oma_e40,4,4,15,0,0,13,20.9796,1
oma_e40,4,4,15,0,0,14,22.3589,1
oma_e40,4,4,15,0,0,15,21.5339,1
oma_e40,4,4,15,0,0,16,20.5598,0
oma_e40,4,4,15,0,0,17,23.3847,0
oma_e40,4,4,15,0,0,18,22.5971,0
oma_e40,4,4,15,0,0,19,20.7503,1
oma_e40,4,4,15,0,0,20,22.4225,0
oma_e40,4,4,15,0,0,21,17.5106,1
oma_e40,4,4,15,0,0,22,28.5310,0
oma_e40,4,4,15,0,0,23,25.1852,0
oma_e40,4,4,15,0,0,24,21.1046,0
oma_e40,4,4,15,0,1,0,30.1561,0
oma_e40,4,4,15,0,1,1,21.3070,1
oma_e40,4,4,15,0,1,2,19.8749,0
oma_e40,4,4,15,0,1,3,25.3133,0
oma_e40,4,4,15,0,1,4,22.0062,0
oma_e40,4,4,15,0,1,5,19.8478,0
oma_e40,4,4,15,0,1,6,22.9115,0
oma_e40,4,4,15,0,1,7,22.3682,0
oma_e40,4,4,15,0,1,8,24.6819,0
oma_e40,4,4,15,0,1,9,20.4759,1
oma_e40,4,4,15,0,1,10,18.1706,1
oma_e40,4,4,15,0,1,11,22.1294,1
oma_e40,4,4,15,0,1,12,26.5294,0
oma_e40,4,4,15,0,1,13,23.2307,0
oma_e40,4,4,15,0,1,14,24.2279,1
oma_e40,4,4,15,0,1,15,22.2976,0
oma_e40,4,4,15,0,1,16,18.8039,0
oma_e40,4,4,15,0,1,17,23.8492,1
oma_e40,4,4,15,0,1,18,23.9267,0
oma_e40,4,4,15,0,1,19,22.2851,0
oma_e40,4,4,15,0,1,20,29.1909,0
oma_e40,4,4,15,0,1,21,21.9218,0
oma_e40,4,4,15,0,1,22,22.2888,0
oma_e40,4,4,15,0,1,23,21.1044,0
oma_e40,4,4,15,0,1,24,20.8130,0
oma_e40,4,4,15,0,2,0,22.7405,0
oma_e40,4,4,15,0,2,1,23.4179,0
oma_e40,4,4,15,0,2,2,19.9668,1
oma_e40,4,4,15,0,2,3,21.0874,1
oma_e40,4,4,15,0,2,4,26.1537,0
oma_e40,4,4,15,0,2,5,23.1354,0
oma_e40,4,4,15,0,2,6,23.4954,0
oma_e40,4,4,15,0,2,7,22.1615,0
oma_e40,4,4,15,0,2,8,19.5543,0
oma_e40,4,4,15,0,2,9,22.7750,0
oma_e40,4,4,15,0,2,10,20.1884,0
oma_e40,4,4,15,0,2,11,24.3056,1
oma_e40,4,4,15,0,2,12,23.8583,0
oma_e40,4,4,15,0,2,13,21.7237,0
oma_e40,4,4,15,0,2,14,26.3002,1
oma_e40,4,4,15,0,2,15,24.2927,1
oma_e40,4,4,15,0,2,16,19.8772,0
oma_e40,4,4,15,0,2,17,23.6447,1
oma_e40,4,4,15,0,2,18,20.7153,0
oma_e40,4,4,15,0,2,19,22.6969,0
oma_e40,4,4,15,0,2,20,21.1705,0
oma_e40,4,4,15,0,2,21,20.2298,0
oma_e40,4,4,15,0,2,22,24.3119,0
oma_e40,4,4,15,0,2,23,27.9266,0
oma_e40,4,4,15,0,2,24,27.4447,0
oma_e40,4,4,15,0,3,0,24.1607,1
oma_e40,4,4,15,0,3,1,20.1000,1
oma_e40,4,4,15,0,3,2,18.9452,0
oma_e40,4,4,15,0,3,3,20.1597,1
oma_e40,4,4,15,0,3,4,22.8945,0
oma_e40,4,4,15,0,3,5,19.8156,0
oma_e40,4,4,15,0,3,6,21.1937,0
oma_e40,4,4,15,0,3,7,22.9320,1
oma_e40,4,4,15,0,3,8,25.0194,0
oma_e40,4,4,15,0,3,9,27.5200,0
oma_e40,4,4,15,0,3,10,22.2701,0
oma_e40,4,4,15,0,3,11,21.0097,1
oma_e40,4,4,15,0,3,12,21.3113,0
oma_e40,4,4,15,0,3,13,20.8789,0
oma_e40,4,4,15,0,3,14,20.2910,0
oma_e40,4,4,15,0,3,15,19.1842,1
oma_e40,4,4,15,0,3,16,20.4471,1
oma_e40,4,4,15,0,3,17,23.8350,0
oma_e40,4,4,15,0,3,18,29.5991,0
oma_e40,4,4,15,0,3,19,17.4368,0
oma_e40,4,4,15,0,3,20,26.3045,0
oma_e40,4,4,15,0,3,21,26.1400,1
oma_e40,4,4,15,0,3,22,24.9005,0
oma_e40,4,4,15,0,3,23,26.2888,0
oma_e40,4,4,15,0,3,24,24.8426,0
oma_e40,4,4,15,0,0,25,19.0945,1
oma_e40,4,4,15,0,0,26,24.1073,0
oma_e40,4,4,15,0,0,27,23.1828,0
oma_e40,4,4,15,0,0,28,23.7913,0
oma_e40,4,4,15,0,0,29,20.2659,0
oma_e40,4,4,15,0,0,30,20.2336,1
oma_e40,4,4,15,0,0,31,22.8530,0
oma_e40,4,4,15,0,0,32,20.3248,1
oma_e40,4,4,15,0,0,33,24.3866,0
oma_e40,4,4,15,0,0,34,24.1850,0
oma_e40,4,4,15,0,0,35,21.4787,0
oma_e40,4,4,15,0,0,36,21.3839,0
oma_e40,4,4,15,0,0,37,25.3036,0
oma_e40,4,4,15,0,0,38,23.5688,1
oma_e40,4,4,15,0,0,39,27.5297,0
oma_e40,4,4,15,0,0,40,26.4014,1
oma_e40,4,4,15,0,0,41,22.9476,0
oma_e40,4,4,15,0,0,42,26.4002,0
oma_e40,4,4,15,0,0,43,22.5730,0
oma_e40,4,4,15,0,0,44,26.1300,0
oma_e40,4,4,15,0,0,45,20.6673,1
oma_e40,4,4,15,0,0,46,18.1552,1
oma_e40,4,4,15,0,0,47,22.9861,0
oma_e40,4,4,15,0,0,48,22.5332,1
oma_e40,4,4,15,0,0,49,27.0384,0
oma_e40,4,4,15,0,1,25,24.2663,0
oma_e40,4,4,15,0,1,26,22.3616,0
oma_e40,4,4,15,0,1,27,20.6342,1
oma_e40,4,4,15,0,1,28,22.3876,0
oma_e40,4,4,15,0,1,29,21.5914,1
oma_e40,4,4,15,0,1,30,20.8481,0
oma_e40,4,4,15,0,1,31,21.6645,0
oma_e40,4,4,15,0,1,32,24.0437,0
oma_e40,4,4,15,0,1,33,28.8045,0
oma_e40,4,4,15,0,1,34,23.8987,0
oma_e40,4,4,15,0,1,35,23.3096,0
oma_e40,4,4,15,0,1,36,24.0402,0
oma_e40,4,4,15,0,1,37,21.1384,0
oma_e40,4,4,15,0,1,38,21.6941,0
oma_e40,4,4,15,0,1,39,23.9514,1
oma_e40,4,4,15,0,1,40,25.3648,0
oma_e40,4,4,15,0,1,41,27.3654,0
oma_e40,4,4,15,0,1,42,33.4992,0
oma_e40,4,4,15,0,1,43,22.7534,0
oma_e40,4,4,15,0,1,44,17.8454,0
oma_e40,4,4,15,0,1,45,20.7714,1
oma_e40,4,4,15,0,1,46,18.3895,1
oma_e40,4,4,15,0,1,47,19.2062,0
oma_e40,4,4,15,0,1,48,25.2806,0
oma_e40,4,4,15,0,1,49,23.0018,0
oma_e40,4,4,15,0,2,25,23.7081,0
oma_e40,4,4,15,0,2,26,22.8186,0
oma_e40,4,4,15,0,2,27,26.0780,0
oma_e40,4,4,15,0,2,28,25.3674,0
oma_e40,4,4,15,0,2,29,20.1962,0
oma_e40,4,4,15,0,2,30,15.9048,1
oma_e40,4,4,15,0,2,31,28.3489,0
oma_e40,4,4,15,0,2,32,17.4226,0
oma_e40,4,4,15,0,2,33,22.2710,1
oma_e40,4,4,15,0,2,34,24.8794,0
oma_e40,4,4,15,0,2,35,22.2981,0
oma_e40,4,4,15,0,2,36,21.3563,0
oma_e40,4,4,15,0,2,37,18.7617,0
oma_e40,4,4,15,0,2,38,21.2847,1
oma_e40,4,4,15,0,2,39,24.9636,0
oma_e40,4,4,15,0,2,40,25.3339,0
oma_e40,4,4,15,0,2,41,24.7789,0
oma_e40,4,4,15,0,2,42,22.1098,1
oma_e40,4,4,15,0,2,43,26.7039,0
oma_e40,4,4,15,0,2,44,21.3725,0
oma_e40,4,4,15,0,2,45,25.0106,0
oma_e40,4,4,15,0,2,46,18.5361,1
oma_e40,4,4,15,0,2,47,23.7138,0
oma_e40,4,4,15,0,2,48,26.0122,0
oma_e40,4,4,15,0,2,49,22.5370,0
oma_e40,4,4,15,0,3,25,26.1130,0
oma_e40,4,4,15,0,3,26,23.4180,0
oma_e40,4,4,15,0,3,27,21.3166,0
oma_e40,4,4,15,0,3,28,24.6007,0
oma_e40,4,4,15,0,3,29,22.3094,0
oma_e40,4,4,15,0,3,30,22.4922,1
oma_e40,4,4,15,0,3,31,21.2487,0
oma_e40,4,4,15,0,3,32,23.9447,0
oma_e40,4,4,15,0,3,33,29.3469,0
oma_e40,4,4,15,0,3,34,23.9739,0
oma_e40,4,4,15,0,3,35,23.2613,0
oma_e40,4,4,15,0,3,36,21.2852,1
oma_e40,4,4,15,0,3,37,20.7136,1
oma_e40,4,4,15,0,3,38,26.1277,0
oma_e40,4,4,15,0,3,39,27.4327,0
oma_e40,4,4,15,0,3,40,26.0899,0
oma_e40,4,4,15,0,3,41,23.3383,1
oma_e40,4,4,15,0,3,42,22.7883,0
oma_e40,4,4,15,0,3,43,22.2553,0
oma_e40,4,4,15,0,3,44,21.8682,0
oma_e40,4,4,15,0,3,45,23.4928,0
oma_e40,4,4,15,0,3,46,19.4333,1
oma_e40,4,4,15,0,3,47,21.3354,0
oma_e40,4,4,15,0,3,48,24.0421,0
oma_e40,4,4,15,0,3,49,23.4132,0
oma_e40,4,4,15,0,0,50,25.7110,0
oma_e40,4,4,15,0,0,51,24.8858,0
oma_e40,4,4,15,0,0,52,19.7052,0
oma_e40,4,4,15,0,0,53,24.8360,0
oma_e40,4,4,15,0,0,54,21.2803,0
oma_e40,4,4,15,0,0,55,16.6454,0
oma_e40,4,4,15,0,0,56,20.7993,0
oma_e40,4,4,15,0,0,57,20.8154,0
oma_e40,4,4,15,0,0,58,25.5285,0
oma_e40,4,4,15,0,0,59,24.2880,1
oma_e40,4,4,15,0,0,60,21.4934,0
oma_e40,4,4,15,0,0,61,25.3198,0
oma_e40,4,4,15,0,0,62,20.8748,0
oma_e40,4,4,15,0,0,63,23.6149,0
oma_e40,4,4,15,0,0,64,26.7977,0
oma_e40,4,4,15,0,0,65,19.9055,0
oma_e40,4,4,15,0,0,66,23.3609,0
oma_e40,4,4,15,0,0,67,27.7299,0
oma_e40,4,4,15,0,0,68,23.3449,0
oma_e40,4,4,15,0,0,69,24.0196,0
oma_e40,4,4,15,0,0,70,27.4459,0
oma_e40,4,4,15,0,0,71,23.2984,1
oma_e40,4,4,15,0,0,72,23.7255,0
oma_e40,4,4,15,0,0,73,26.4654,0
oma_e40,4,4,15,0,0,74,22.1125,0
oma_e40,4,4,15,0,1,50,23.5559,1
oma_e40,4,4,15,0,1,51,23.4848,0
oma_e40,4,4,15,0,1,52,24.2614,0
oma_e40,4,4,15,0,1,53,23.9176,0
oma_e40,4,4,15,0,1,54,17.3678,0
oma_e40,4,4,15,0,1,55,23.6457,0
oma_e40,4,4,15,0,1,56,27.0731,0
oma_e40,4,4,15,0,1,57,22.7393,0
oma_e40,4,4,15,0,1,58,27.0110,0
oma_e40,4,4,15,0,1,59,19.4957,0
oma_e40,4,4,15,0,1,60,21.5467,1
oma_e40,4,4,15,0,1,61,24.8847,0
oma_e40,4,4,15,0,1,62,22.8266,0
oma_e40,4,4,15,0,1,63,31.2100,0
oma_e40,4,4,15,0,1,64,26.0528,0
oma_e40,4,4,15,0,1,65,26.3976,1
oma_e40,4,4,15,0,1,66,25.6536,0
oma_e40,4,4,15,0,1,67,23.3092,0
oma_e40,4,4,15,0,1,68,21.6213,0
oma_e40,4,4,15,0,1,69,26.0509,1
oma_e40,4,4,15,0,1,70,22.4290,0
oma_e40,4,4,15,0,1,71,26.9607,0
oma_e40,4,4,15,0,1,72,24.7979,0
oma_e40,4,4,15,0,1,73,21.2533,0
oma_e40,4,4,15,0,1,74,23.7085,0
oma_e40,4,4,15,0,2,50,21.9243,0
oma_e40,4,4,15,0,2,51,25.4936,0
oma_e40,4,4,15,0,2,52,24.6613,0
oma_e40,4,4,15,0,2,53,22.6706,0
oma_e40,4,4,15,0,2,54,18.9682,0
oma_e40,4,4,15,0,2,55,26.4341,0
oma_e40,4,4,15,0,2,56,28.7949,0
oma_e40,4,4,15,0,2,57,26.4772,0
oma_e40,4,4,15,0,2,58,22.6709,0
oma_e40,4,4,15,0,2,59,20.7894,0
oma_e40,4,4,15,0,2,60,18.3370,1
oma_e40,4,4,15,0,2,61,24.2005,0
oma_e40,4,4,15,0,2,62,20.2703,0
oma_e40,4,4,15,0,2,63,23.0656,0
oma_e40,4,4,15,0,2,64,20.2743,0
oma_e40,4,4,15,0,2,65,24.6036,0
oma_e40,4,4,15,0,2,66,23.8064,0
oma_e40,4,4,15,0,2,67,23.8821,0
oma_e40,4,4,15,0,2,68,21.6057,1
oma_e40,4,4,15,0,2,69,28.5941,0
oma_e40,4,4,15,0,2,70,22.0433,0
oma_e40,4,4,15,0,2,71,23.6074,0
oma_e40,4,4,15,0,2,72,23.5192,0
oma_e40,4,4,15,0,2,73,21.1172,0
oma_e40,4,4,15,0,2,74,20.7761,0
oma_e40,4,4,15,0,3,50,22.5492,1
oma_e40,4,4,15,0,3,51,27.4291,0
oma_e40,4,4,15,0,3,52,23.3322,0
oma_e40,4,4,15,0,3,53,21.8260,0
oma_e40,4,4,15,0,3,54,24.8092,0
oma_e40,4,4,15,0,3,55,22.7746,0
oma_e40,4,4,15,0,3,56,31.1227,0
oma_e40,4,4,15,0,3,57,23.9442,0
oma_e40,4,4,15,0,3,58,24.0559,0
oma_e40,4,4,15,0,3,59,23.5686,0
oma_e40,4,4,15,0,3,60,21.2091,1
oma_e40,4,4,15,0,3,61,27.2461,0
oma_e40,4,4,15,0,3,62,20.5630,1
oma_e40,4,4,15,0,3,63,26.0307,0
oma_e40,4,4,15,0,3,64,28.5801,0
oma_e40,4,4,15,0,3,65,26.5485,0
oma_e40,4,4,15,0,3,66,25.4365,0
oma_e40,4,4,15,0,3,67,21.9192,0
oma_e40,4,4,15,0,3,68,24.9779,0
oma_e40,4,4,15,0,3,69,27.8010,0
oma_e40,4,4,15,0,3,70,25.3050,0
oma_e40,4,4,15,0,3,71,22.5799,0
oma_e40,4,4,15,0,3,72,23.7882,0
oma_e40,4,4,15,0,3,73,25.9385,0
oma_e40,4,4,15,0,3,74,23.8196,0
oma_e40,4,4,15,0,0,75,20.4930,0
oma_e40,4,4,15,0,0,76,27.3176,0
oma_e40,4,4,15,0,0,77,18.8501,1
oma_e40,4,4,15,0,0,78,23.2937,0
oma_e40,4,4,15,0,0,79,25.7802,0
oma_e40,4,4,15,0,0,80,22.6492,0
oma_e40,4,4,15,0,0,81,21.3651,0
oma_e40,4,4,15,0,0,82,22.7650,0
oma_e40,4,4,15,0,0,83,18.7733,1
oma_e40,4,4,15,0,0,84,21.9669,0
oma_e40,4,4,15,0,0,85,21.7790,0
oma_e40,4,4,15,0,0,86,21.8612,1
oma_e40,4,4,15,0,0,87,21.5954,0
oma_e40,4,4,15,0,0,88,23.8297,0
oma_e40,4,4,15,0,0,89,23.0824,0
oma_e40,4,4,15,0,0,90,22.6603,0
oma_e40,4,4,15,0,0,91,20.9493,0
oma_e40,4,4,15,0,0,92,22.6911,1
oma_e40,4,4,15,0,0,93,22.7073,1
oma_e40,4,4,15,0,0,94,24.4262,1
oma_e40,4,4,15,0,0,95,22.7874,0
oma_e40,4,4,15,0,0,96,26.1575,0
oma_e40,4,4,15,0,0,97,25.4417,0
oma_e40,4,4,15,0,0,98,25.1241,0
oma_e40,4,4,15,0,0,99,26.8442,0
oma_e40,4,4,15,0,1,75,22.1849,0
oma_e40,4,4,15,0,1,76,25.1247,0
oma_e40,4,4,15,0,1,77,22.5067,1
oma_e40,4,4,15,0,1,78,23.1995,1
oma_e40,4,4,15,0,1,79,21.8677,1
oma_e40,4,4,15,0,1,80,21.3540,0
oma_e40,4,4,15,0,1,81,26.8359,1
oma_e40,4,4,15,0,1,82,30.1148,0
oma_e40,4,4,15,0,1,83,22.9002,1
oma_e40,4,4,15,0,1,84,20.0433,1
oma_e40,4,4,15,0,1,85,25.7735,1
oma_e40,4,4,15,0,1,86,27.4660,0
oma_e40,4,4,15,0,1,87,26.4420,0
oma_e40,4,4,15,0,1,88,23.2095,0
oma_e40,4,4,15,0,1,89,23.7199,0
oma_e40,4,4,15,0,1,90,20.9835,1
oma_e40,4,4,15,0,1,91,20.6150,0
oma_e40,4,4,15,0,1,92,22.2848,0
oma_e40,4,4,15,0,1,93,22.7324,0
oma_e40,4,4,15,0,1,94,26.4805,0
oma_e40,4,4,15,0,1,95,21.2849,0
oma_e40,4,4,15,0,1,96,22.7966,0
oma_e40,4,4,15,0,1,97,29.1325,0
oma_e40,4,4,15,0,1,98,21.7394,0
oma_e40,4,4,15,0,1,99,25.1257,0
oma_e40,4,4,15,0,2,75,19.0971,1
oma_e40,4,4,15,0,2,76,24.9030,0
oma_e40,4,4,15,0,2,77,19.5457,1
oma_e40,4,4,15,0,2,78,24.0565,0
oma_e40,4,4,15,0,2,79,18.6622,0
oma_e40,4,4,15,0,2,80,24.5958,0
oma_e40,4,4,15,0,2,81,23.3080,1
oma_e40,4,4,15,0,2,82,25.1488,0
oma_e40,4,4,15,0,2,83,22.4015,0
oma_e40,4,4,15,0,2,84,26.9295,0
oma_e40,4,4,15,0,2,85,20.9980,0
oma_e40,4,4,15,0,2,86,23.9032,0
oma_e40,4,4,15,0,2,87,25.4673,0
oma_e40,4,4,15,0,2,88,25.5770,0
oma_e40,4,4,15,0,2,89,22.4673,0
oma_e40,4,4,15,0,2,90,24.0992,1
oma_e40,4,4,15,0,2,91,21.0477,1
oma_e40,4,4,15,0,2,92,21.8968,1
oma_e40,4,4,15,0,2,93,23.3174,1
oma_e40,4,4,15,0,2,94,22.0694,0
oma_e40,4,4,15,0,2,95,26.6315,0
oma_e40,4,4,15,0,2,96,23.5205,0
oma_e40,4,4,15,0,2,97,25.4192,0
oma_e40,4,4,15,0,2,98,26.4767,0
oma_e40,4,4,15,0,2,99,21.9764,0
oma_e40,4,4,15,0,3,75,28.1904,0
oma_e40,4,4,15,0,3,76,25.7161,1
oma_e40,4,4,15,0,3,77,19.9069,1
oma_e40,4,4,15,0,3,78,22.6373,1
oma_e40,4,4,15,0,3,79,22.5065,0
oma_e40,4,4,15,0,3,80,26.8676,0
oma_e40,4,4,15,0,3,81,22.5724,0
oma_e40,4,4,15,0,3,82,25.6280,0
oma_e40,4,4,15,0,3,83,24.4545,0
oma_e40,4,4,15,0,3,84,26.1038,1
oma_e40,4,4,15,0,3,85,22.6111,0
oma_e40,4,4,15,0,3,86,21.7482,1
oma_e40,4,4,15,0,3,87,18.7674,0
oma_e40,4,4,15,0,3,88,25.0024,0
oma_e40,4,4,15,0,3,89,25.2573,0
oma_e40,4,4,15,0,3,90,19.4826,0
oma_e40,4,4,15,0,3,91,21.7325,0
oma_e40,4,4,15,0,3,92,22.0429,0
oma_e40,4,4,15,0,3,93,22.9784,0
oma_e40,4,4,15,0,3,94,27.6239,0
oma_e40,4,4,15,0,3,95,19.8315,1
oma_e40,4,4,15,0,3,96,24.1384,0
oma_e40,4,4,15,0,3,97,23.1359,0
oma_e40,4,4,15,0,3,98,24.5637,0
oma_e40,4,4,15,0,3,99,28.0933,0
oma_e40,4,4,15,0,0,100,19.9416,0
oma_e40,4,4,15,0,0,101,25.2268,0
oma_e40,4,4,15,0,0,102,25.0506,0
oma_e40,4,4,15,0,0,103,20.4965,0
oma_e40,4,4,15,0,0,104,22.9826,0
oma_e40,4,4,15,0,0,105,23.4664,0
oma_e40,4,4,15,0,0,106,21.9804,1
oma_e40,4,4,15,0,0,107,21.8660,1
oma_e40,4,4,15,0,0,108,25.2563,0
oma_e40,4,4,15,0,0,109,23.4993,0
oma_e40,4,4,15,0,0,110,19.1216,0
oma_e40,4,4,15,0,0,111,25.4017,0
oma_e40,4,4,15,0,0,112,22.6192,0
oma_e40,4,4,15,0,0,113,25.9739,0
oma_e40,4,4,15,0,0,114,24.1051,0
oma_e40,4,4,15,0,0,115,23.2092,0
oma_e40,4,4,15,0,0,116,23.6402,0
oma_e40,4,4,15,0,0,117,23.5003,0
oma_e40,4,4,15,0,0,118,24.8710,1
oma_e40,4,4,15,0,0,119,25.6982,0
oma_e40,4,4,15,0,0,120,21.5322,0
oma_e40,4,4,15,0,0,121,25.6158,0
oma_e40,4,4,15,0,0,122,18.6104,0
oma_e40,4,4,15,0,0,123,20.0683,0
oma_e40,4,4,15,0,0,124,21.3327,0
oma_e40,4,4,15,0,1,100,23.4197,0
oma_e40,4,4,15,0,1,101,21.1054,1
oma_e40,4,4,15,0,1,102,21.9784,1
oma_e40,4,4,15,0,1,103,24.1948,0
oma_e40,4,4,15,0,1,104,21.7762,1
oma_e40,4,4,15,0,1,105,29.9747,0
oma_e40,4,4,15,0,1,106,22.8126,1
oma_e40,4,4,15,0,1,107,25.9470,0
oma_e40,4,4,15,0,1,108,25.2554,0
oma_e40,4,4,15,0,1,109,23.2464,0
oma_e40,4,4,15,0,1,110,19.8272,1
oma_e40,4,4,15,0,1,111,25.6572,0
oma_e40,4,4,15,0,1,112,24.3548,0
oma_e40,4,4,15,0,1,113,24.7550,0
oma_e40,4,4,15,0,1,114,22.9201,1
oma_e40,4,4,15,0,1,115,22.2850,1
oma_e40,4,4,15,0,1,116,20.1371,0
oma_e40,4,4,15,0,1,117,24.5235,0
oma_e40,4,4,15,0,1,118,27.4838,0
oma_e40,4,4,15,0,1,119,21.2234,0
oma_e40,4,4,15,0,1,120,22.1392,1
oma_e40,4,4,15,0,1,121,26.8411,0
oma_e40,4,4,15,0,1,122,23.2997,0
oma_e40,4,4,15,0,1,123,27.1976,0
oma_e40,4,4,15,0,1,124,25.5827,0
oma_e40,4,4,15,0,2,100,26.5394,0
oma_e40,4,4,15,0,2,101,23.8360,0
oma_e40,4,4,15,0,2,102,23.1573,0
oma_e40,4,4,15,0,2,103,20.4520,0
oma_e40,4,4,15,0,2,104,26.1091,0
oma_e40,4,4,15,0,2,105,20.7632,0
oma_e40,4,4,15,0,2,106,23.8873,0
oma_e40,4,4,15,0,2,107,19.1729,1
oma_e40,4,4,15,0,2,108,20.7637,0
oma_e40,4,4,15,0,2,109,24.4130,0
oma_e40,4,4,15,0,2,110,21.6394,0
oma_e40,4,4,15,0,2,111,26.2333,0
oma_e40,4,4,15,0,2,112,25.9308,0
oma_e40,4,4,15,0,2,113,23.8877,1
oma_e40,4,4,15,0,2,114,25.6358,0
oma_e40,4,4,15,0,2,115,21.2010,1
oma_e40,4,4,15,0,2,116,21.7339,0
oma_e40,4,4,15,0,2,117,23.5247,1
oma_e40,4,4,15,0,2,118,21.8795,0
oma_e40,4,4,15,0,2,119,25.2546,1
oma_e40,4,4,15,0,2,120,20.3211,0
oma_e40,4,4,15,0,2,121,21.0187,0
oma_e40,4,4,15,0,2,122,23.6843,1
oma_e40,4,4,15,0,2,123,28.9638,0
oma_e40,4,4,15,0,2,124,24.0082,0
oma_e40,4,4,15,0,3,100,25.0120,0
oma_e40,4,4,15,0,3,101,22.3479,1
oma_e40,4,4,15,0,3,102,24.3253,0
oma_e40,4,4,15,0,3,103,22.0127,0
oma_e40,4,4,15,0,3,104,25.7404,1
oma_e40,4,4,15,0,3,105,22.1993,0
oma_e40,4,4,15,0,3,106,25.3174,0
oma_e40,4,4,15,0,3,107,21.7425,0
oma_e40,4,4,15,0,3,108,18.9695,0
oma_e40,4,4,15,0,3,109,20.6840,1
oma_e40,4,4,15,0,3,110,21.6801,1
oma_e40,4,4,15,0,3,111,25.0150,0
oma_e40,4,4,15,0,3,112,25.2763,0
oma_e40,4,4,15,0,3,113,21.9313,0
oma_e40,4,4,15,0,3,114,21.4676,1
oma_e40,4,4,15,0,3,115,21.4920,1
oma_e40,4,4,15,0,3,116,26.5483,0
oma_e40,4,4,15,0,3,117,22.2992,0
oma_e40,4,4,15,0,3,118,24.9574,0
oma_e40,4,4,15,0,3,119,22.8029,0
oma_e40,4,4,15,0,3,120,20.5230,1
oma_e40,4,4,15,0,3,121,21.6138,0
oma_e40,4,4,15,0,3,122,27.8148,0
oma_e40,4,4,15,0,3,123,25.3560,0
oma_e40,4,4,15,0,3,124,21.8935,0
oma_e40,4,4,15,0,0,125,19.1758,0
oma_e40,4,4,15,0,0,126,23.8316,0
oma_e40,4,4,15,0,0,127,24.0314,0
oma_e40,4,4,15,0,0,128,22.1385,0
oma_e40,4,4,15,0,0,129,19.7973,0
oma_e40,4,4,15,0,0,130,27.6472,0
oma_e40,4,4,15,0,0,131,20.1507,1
oma_e40,4,4,15,0,0,132,22.6725,1
oma_e40,4,4,15,0,0,133,23.6799,0
oma_e40,4,4,15,0,0,134,25.0823,1
oma_e40,4,4,15,0,0,135,23.8010,1
oma_e40,4,4,15,0,0,136,23.6045,0
oma_e40,4,4,15,0,0,137,23.6662,0
oma_e40,4,4,15,0,0,138,20.8888,0
oma_e40,4,4,15,0,0,139,24.3678,0
oma_e40,4,4,15,0,0,140,19.9292,0
oma_e40,4,4,15,0,0,141,21.4903,1
oma_e40,4,4,15,0,0,142,26.2755,0
oma_e40,4,4,15,0,0,143,24.5006,0
oma_e40,4,4,15,0,0,144,24.7080,0
oma_e40,4,4,15,0,0,145,27.7671,0
oma_e40,4,4,15,0,0,146,20.6558,0
oma_e40,4,4,15,0,0,147,24.2312,0
oma_e40,4,4,15,0,0,148,21.9157,0
oma_e40,4,4,15,0,0,149,23.4476,0
oma_e40,4,4,15,0,1,125,23.4089,0
oma_e40,4,4,15,0,1,126,21.7633,1
oma_e40,4,4,15,0,1,127,23.6595,0
oma_e40,4,4,15,0,1,128,23.4016,1
oma_e40,4,4,15,0,1,129,21.6741,0
oma_e40,4,4,15,0,1,130,18.3510,1
oma_e40,4,4,15,0,1,131,22.3908,0
oma_e40,4,4,15,0,1,132,20.5590,0
oma_e40,4,4,15,0,1,133,25.4942,0
oma_e40,4,4,15,0,1,134,23.6833,0
oma_e40,4,4,15,0,1,135,25.1166,0
oma_e40,4,4,15,0,1,136,23.6963,0
oma_e40,4,4,15,0,1,137,24.6729,1
oma_e40,4,4,15,0,1,138,21.2676,0
oma_e40,4,4,15,0,1,139,23.8591,0
oma_e40,4,4,15,0,1,140,25.0010,0
oma_e40,4,4,15,0,1,141,21.0413,0
oma_e40,4,4,15,0,1,142,21.6867,0
oma_e40,4,4,15,0,1,143,20.4270,0
oma_e40,4,4,15,0,1,144,26.6096,1
oma_e40,4,4,15,0,1,145,26.1742,0
oma_e40,4,4,15,0,1,146,21.6354,0
oma_e40,4,4,15,0,1,147,29.1313,0
oma_e40,4,4,15,0,1,148,22.0728,0
oma_e40,4,4,15,0,1,149,21.0970,0
oma_e40,4,4,15,0,2,125,21.3850,0
oma_e40,4,4,15,0,2,126,21.8508,0
oma_e40,4,4,15,0,2,127,23.3922,1
oma_e40,4,4,15,0,2,128,21.2051,1
oma_e40,4,4,15,0,2,129,21.9623,0
oma_e40,4,4,15,0,2,130,22.4092,0
oma_e40,4,4,15,0,2,131,30.4230,0
oma_e40,4,4,15,0,2,132,24.9331,0
oma_e40,4,4,15,0,2,133,20.2684,1
oma_e40,4,4,15,0,2,134,21.7173,0
oma_e40,4,4,15,0,2,135,25.5415,0
oma_e40,4,4,15,0,2,136,21.9423,0
oma_e40,4,4,15,0,2,137,23.2138,0
oma_e40,4,4,15,0,2,138,23.4288,1
oma_e40,4,4,15,0,2,139,24.1826,0
oma_e40,4,4,15,0,2,140,24.6731,0
oma_e40,4,4,15,0,2,141,24.4948,0
oma_e40,4,4,15,0,2,142,24.1174,0
oma_e40,4,4,15,0,2,143,24.4537,0
oma_e40,4,4,15,0,2,144,23.7853,0
oma_e40,4,4,15,0,2,145,26.0089,0
oma_e40,4,4,15,0,2,146,18.1627,0
oma_e40,4,4,15,0,2,147,21.8565,0
oma_e40,4,4,15,0,2,148,22.7391,1
oma_e40,4,4,15,0,2,149,18.9061,1
oma_e40,4,4,15,0,3,125,22.8584,1
oma_e40,4,4,15,0,3,126,20.2777,0
oma_e40,4,4,15,0,3,127,22.9695,0
oma_e40,4,4,15,0,3,128,26.9328,0
oma_e40,4,4,15,0,3,129,21.9624,1
oma_e40,4,4,15,0,3,130,25.2784,1
oma_e40,4,4,15,0,3,131,26.9555,0
oma_e40,4,4,15,0,3,132,24.0096,0
oma_e40,4,4,15,0,3,133,20.0138,0
oma_e40,4,4,15,0,3,134,21.8436,0
oma_e40,4,4,15,0,3,135,22.7701,0
oma_e40,4,4,15,0,3,136,20.6018,0
oma_e40,4,4,15,0,3,137,19.3180,0
oma_e40,4,4,15,0,3,138,20.8729,0
oma_e40,4,4,15,0,3,139,23.7646,0
oma_e40,4,4,15,0,3,140,21.5299,1
oma_e40,4,4,15,0,3,141,26.1529,0
oma_e40,4,4,15,0,3,142,23.2696,0
oma_e40,4,4,15,0,3,143,26.5351,0
oma_e40,4,4,15,0,3,144,26.4944,0
oma_e40,4,4,15,0,3,145,26.8935,0
oma_e40,4,4,15,0,3,146,16.9866,1
oma_e40,4,4,15,0,3,147,19.9287,0
oma_e40,4,4,15,0,3,148,21.3691,1
oma_e40,4,4,15,0,3,149,19.8209,0
oma_e40,4,4,15,0,0,150,20.3628,0
oma_e40,4,4,15,0,0,151,24.7429,0
oma_e40,4,4,15,0,0,152,23.4538,0
oma_e40,4,4,15,0,0,153,23.5094,0
oma_e40,4,4,15,0,0,154,18.0619,0
oma_e40,4,4,15,0,0,155,25.0796,0
oma_e40,4,4,15,0,0,156,26.8718,0
oma_e40,4,4,15,0,0,157,23.2121,0
oma_e40,4,4,15,0,0,158,24.9576,0
oma_e40,4,4,15,0,0,159,20.2759,0
oma_e40,4,4,15,0,0,160,21.2670,0
oma_e40,4,4,15,0,0,161,24.7682,1
oma_e40,4,4,15,0,0,162,24.9382,0
oma_e40,4,4,15,0,0,163,24.3775,0
oma_e40,4,4,15,0,0,164,22.2992,0
oma_e40,4,4,15,0,0,165,19.7403,0
oma_e40,4,4,15,0,0,166,25.9924,0
oma_e40,4,4,15,0,0,167,22.5144,1
oma_e40,4,4,15,0,0,168,23.4634,0
oma_e40,4,4,15,0,0,169,26.1205,0
oma_e40,4,4,15,0,0,170,22.1617,0
oma_e40,4,4,15,0,0,171,23.7983,0
oma_e40,4,4,15,0,0,172,19.5064,1
oma_e40,4,4,15,0,0,173,24.8012,1
oma_e40,4,4,15,0,0,174,18.8371,0
oma_e40,4,4,15,0,1,150,20.4507,1
oma_e40,4,4,15,0,1,151,27.8230,0
oma_e40,4,4,15,0,1,152,22.0723,0
oma_e40,4,4,15,0,1,153,27.2134,0
oma_e40,4,4,15,0,1,154,19.0430,1
oma_e40,4,4,15,0,1,155,28.4763,1
oma_e40,4,4,15,0,1,156,24.2739,0
oma_e40,4,4,15,0,1,157,19.3818,1
oma_e40,4,4,15,0,1,158,19.8404,1
oma_e40,4,4,15,0,1,159,23.9234,1
oma_e40,4,4,15,0,1,160,22.2017,0
oma_e40,4,4,15,0,1,161,26.1453,0
oma_e40,4,4,15,0,1,162,23.9578,0
oma_e40,4,4,15,0,1,163,19.8387,0
oma_e40,4,4,15,0,1,164,22.9598,0
oma_e40,4,4,15,0,1,165,21.1333,1
oma_e40,4,4,15,0,1,166,26.6518,0
oma_e40,4,4,15,0,1,167,23.2397,0
oma_e40,4,4,15,0,1,168,23.6785,1
oma_e40,4,4,15,0,1,169,23.9482,0
oma_e40,4,4,15,0,1,170,27.3250,0
oma_e40,4,4,15,0,1,171,21.5776,0
oma_e40,4,4,15,0,1,172,20.8823,0
oma_e40,4,4,15,0,1,173,21.6200,0
oma_e40,4,4,15,0,1,174,27.2232,0
oma_e40,4,4,15,0,2,150,23.4791,0
oma_e40,4,4,15,0,2,151,18.9972,0
oma_e40,4,4,15,0,2,152,27.4923,0
oma_e40,4,4,15,0,2,153,24.7930,0
oma_e40,4,4,15,0,2,154,30.8946,0
oma_e40,4,4,15,0,2,155,24.5684,0
oma_e40,4,4,15,0,2,156,24.2334,1
oma_e40,4,4,15,0,2,157,20.5329,0
oma_e40,4,4,15,0,2,158,26.6140,0
oma_e40,4,4,15,0,2,159,24.1706,0
oma_e40,4,4,15,0,2,160,20.6133,0
oma_e40,4,4,15,0,2,161,22.5047,0
oma_e40,4,4,15,0,2,162,20.5386,0
oma_e40,4,4,15,0,2,163,25.3541,1
oma_e40,4,4,15,0,2,164,27.1921,0
oma_e40,4,4,15,0,2,165,22.6625,0
oma_e40,4,4,15,0,2,166,21.4272,0
oma_e40,4,4,15,0,2,167,24.5466,1
oma_e40,4,4,15,0,2,168,23.4527,0
oma_e40,4,4,15,0,2,169,22.1587,0
oma_e40,4,4,15,0,2,170,24.2486,0
oma_e40,4,4,15,0,2,171,25.4053,0
oma_e40,4,4,15,0,2,172,21.0274,0
oma_e40,4,4,15,0,2,173,19.9002,0
oma_e40,4,4,15,0,2,174,19.2278,0
oma_e40,4,4,15,0,3,150,21.4296,0
oma_e40,4,4,15,0,3,151,23.0650,0
oma_e40,4,4,15,0,3,152,26.0982,0
oma_e40,4,4,15,0,3,153,22.3918,0
oma_e40,4,4,15,0,3,154,27.9237,0
oma_e40,4,4,15,0,3,155,25.4982,0
oma_e40,4,4,15,0,3,156,21.8586,0
oma_e40,4,4,15,0,3,157,31.5779,0
oma_e40,4,4,15,0,3,158,20.2731,0
oma_e40,4,4,15,0,3,159,25.5609,0
oma_e40,4,4,15,0,3,160,25.1617,0
oma_e40,4,4,15,0,3,161,20.3505,0
oma_e40,4,4,15,0,3,162,20.2434,0
oma_e40,4,4,15,0,3,163,22.6808,1
oma_e40,4,4,15,0,3,164,25.5139,0
oma_e40,4,4,15,0,3,165,21.0395,0
oma_e40,4,4,15,0,3,166,23.3108,1
oma_e40,4,4,15,0,3,167,24.8623,0
oma_e40,4,4,15,0,3,168,22.7280,1
oma_e40,4,4,15,0,3,169,24.8540,0
oma_e40,4,4,15,0,3,170,27.3018,0
oma_e40,4,4,15,0,3,171,22.8412,0
oma_e40,4,4,15,0,3,172,19.8790,1
oma_e40,4,4,15,0,3,173,21.1051,1
oma_e40,4,4,15,0,3,174,25.8886,0
oma_e40,4,4,15,0,0,175,28.2769,0
oma_e40,4,4,15,0,0,176,26.2118,0
oma_e40,4,4,15,0,0,177,21.0328,0
oma_e40,4,4,15,0,0,178,23.4338,0
oma_e40,4,4,15,0,0,179,23.4636,0
oma_e40,4,4,15,0,0,180,26.6143,0
oma_e40,4,4,15,0,0,181,22.3039,0
oma_e40,4,4,15,0,0,182,23.4022,0
oma_e40,4,4,15,0,0,183,24.1463,0
oma_e40,4,4,15,0,0,184,25.0533,0
oma_e40,4,4,15,0,0,185,21.1648,0
oma_e40,4,4,15,0,0,186,20.8302,1
oma_e40,4,4,15,0,0,187,26.9654,0
oma_e40,4,4,15,0,0,188,20.5292,0
oma_e40,4,4,15,0,0,189,26.2134,0
oma_e40,4,4,15,0,0,190,24.3421,0
oma_e40,4,4,15,0,0,191,24.3964,0
oma_e40,4,4,15,0,0,192,24.6688,1
oma_e40,4,4,15,0,0,193,24.6012,0
oma_e40,4,4,15,0,0,194,20.8180,0
oma_e40,4,4,15,0,0,195,24.3557,0
oma_e40,4,4,15,0,0,196,24.2184,0
oma_e40,4,4,15,0,0,197,30.1576,0
oma_e40,4,4,15,0,0,198,23.7974,0
oma_e40,4,4,15,0,0,199,26.9155,0
oma_e40,4,4,15,0,1,175,23.7853,0
oma_e40,4,4,15,0,1,176,22.2271,0
oma_e40,4,4,15,0,1,177,20.6279,1
oma_e40,4,4,15,0,1,178,25.5192,0
oma_e40,4,4,15,0,1,179,23.3871,0
oma_e40,4,4,15,0,1,180,23.9102,0
oma_e40,4,4,15,0,1,181,20.3960,0
oma_e40,4,4,15,0,1,182,22.7815,0
oma_e40,4,4,15,0,1,183,21.3652,1
oma_e40,4,4,15,0,1,184,24.3318,1
oma_e40,4,4,15,0,1,185,18.2514,1
oma_e40,4,4,15,0,1,186,19.4061,1
oma_e40,4,4,15,0,1,187,23.1571,0
oma_e40,4,4,15,0,1,188,23.3369,0
oma_e40,4,4,15,0,1,189,23.3128,0
oma_e40,4,4,15,0,1,190,25.3106,0
oma_e40,4,4,15,0,1,191,22.1848,0
oma_e40,4,4,15,0,1,192,22.3679,0
oma_e40,4,4,15,0,1,193,22.3630,1
oma_e40,4,4,15,0,1,194,22.2704,1
oma_e40,4,4,15,0,1,195,23.0351,0
oma_e40,4,4,15,0,1,196,19.6408,0
oma_e40,4,4,15,0,1,197,25.3407,0
oma_e40,4,4,15,0,1,198,22.2803,0
oma_e40,4,4,15,0,1,199,19.6583,0
oma_e40,4,4,15,0,2,175,20.2898,0
oma_e40,4,4,15,0,2,176,24.6483,1
oma_e40,4,4,15,0,2,177,23.5381,0
oma_e40,4,4,15,0,2,178,19.6940,1
oma_e40,4,4,15,0,2,179,23.4340,0
oma_e40,4,4,15,0,2,180,21.9828,0
oma_e40,4,4,15,0,2,181,21.8277,0
oma_e40,4,4,15,0,2,182,21.2162,0
oma_e40,4,4,15,0,2,183,24.3684,0
oma_e40,4,4,15,0,2,184,22.5597,0
oma_e40,4,4,15,0,2,185,23.2930,0
oma_e40,4,4,15,0,2,186,19.0778,0
oma_e40,4,4,15,0,2,187,25.7205,0
oma_e40,4,4,15,0,2,188,25.4043,0
oma_e40,4,4,15,0,2,189,24.7459,0
oma_e40,4,4,15,0,2,190,25.1272,0
oma_e40,4,4,15,0,2,191,23.8747,1
oma_e40,4,4,15,0,2,192,25.2192,0
oma_e40,4,4,15,0,2,193,24.4888,0
oma_e40,4,4,15,0,2,194,21.7797,0
oma_e40,4,4,15,0,2,195,32.1961,0
oma_e40,4,4,15,0,2,196,19.5616,0
oma_e40,4,4,15,0,2,197,27.5895,1
oma_e40,4,4,15,0,2,198,23.5951,0
oma_e40,4,4,15,0,2,199,23.9744,0
oma_e40,4,4,15,0,3,175,26.5162,0
oma_e40,4,4,15,0,3,176,20.5931,1
oma_e40,4,4,15,0,3,177,21.6484,0
oma_e40,4,4,15,0,3,178,23.5572,1
oma_e40,4,4,15,0,3,179,18.0531,1
oma_e40,4,4,15,0,3,180,22.5590,0
oma_e40,4,4,15,0,3,181,24.2598,0
oma_e40,4,4,15,0,3,182,19.7849,0
oma_e40,4,4,15,0,3,183,15.6279,0
oma_e40,4,4,15,0,3,184,26.0216,0
oma_e40,4,4,15,0,3,185,23.7544,0
oma_e40,4,4,15,0,3,186,23.3904,0
oma_e40,4,4,15,0,3,187,23.5492,0
oma_e40,4,4,15,0,3,188,24.7775,0
oma_e40,4,4,15,0,3,189,23.7178,0
oma_e40,4,4,15,0,3,190,22.1470,0
oma_e40,4,4,15,0,3,191,24.4391,0
oma_e40,4,4,15,0,3,192,24.3277,0
oma_e40,4,4,15,0,3,193,21.1146,0
oma_e40,4,4,15,0,3,194,24.1535,0
oma_e40,4,4,15,0,3,195,26.5950,0
oma_e40,4,4,15,0,3,196,22.5907,0
oma_e40,4,4,15,0,3,197,22.0260,0
oma_e40,4,4,15,0,3,198,22.9390,0
oma_e40,4,4,15,0,3,199,24.4415,0
oma_e40,4,4,15,1,0,0,22.2920,0
oma_e40,4,4,15,1,0,1,24.2655,0
oma_e40,4,4,15,1,0,2,23.3806,0
oma_e40,4,4,15,1,0,3,23.2366,0
oma_e40,4,4,15,1,0,4,21.5031,0
oma_e40,4,4,15,1,0,5,22.9959,0
oma_e40,4,4,15,1,0,6,26.5998,0
oma_e40,4,4,15,1,0,7,19.9040,0
oma_e40,4,4,15,1,0,8,22.2624,0
oma_e40,4,4,15,1,0,9,23.4991,0
oma_e40,4,4,15,1,0,10,23.4161,0
oma_e40,4,4,15,1,0,11,17.5937,0
oma_e40,4,4,15,1,0,12,23.5064,0
oma_e40,4,4,15,1,0,13,20.8547,0
oma_e40,4,4,15,1,0,14,21.9748,1
oma_e40,4,4,15,1,0,15,22.6658,1
oma_e40,4,4,15,1,0,16,25.5845,0
oma_e40,4,4,15,1,0,17,23.4789,0
oma_e40,4,4,15,1,0,18,22.6653,0
oma_e40,4,4,15,1,0,19,22.9090,1
oma_e40,4,4,15,1,0,20,22.3326,0
oma_e40,4,4,15,1,0,21,18.1193,1
oma_e40,4,4,15,1,0,22,28.0840,0
oma_e40,4,4,15,1,0,23,25.1011,0
oma_e40,4,4,15,1,0,24,20.8469,0
oma_e40,4,4,15,1,1,0,27.9152,0
oma_e40,4,4,15,1,1,1,20.8222,1
oma_e40,4,4,15,1,1,2,25.4112,0
oma_e40,4,4,15,1,1,3,26.6833,0
oma_e40,4,4,15,1,1,4,21.7332,0
oma_e40,4,4,15,1,1,5,19.7898,0
oma_e40,4,4,15,1,1,6,22.9622,0
oma_e40,4,4,15,1,1,7,23.0489,0
oma_e40,4,4,15,1,1,8,23.8600,0
oma_e40,4,4,15,1,1,9,20.7818,0
oma_e40,4,4,15,1,1,10,20.4128,1
oma_e40,4,4,15,1,1,11,20.6998,1
oma_e40,4,4,15,1,1,12,26.7554,0
oma_e40,4,4,15,1,1,13,23.0736,0
oma_e40,4,4,15,1,1,14,23.6709,1
oma_e40,4,4,15,1,1,15,24.2980,0
oma_e40,4,4,15,1,1,16,22.6860,0
oma_e40,4,4,15,1,1,17,23.9751,1
oma_e40,4,4,15,1,1,18,23.9201,0
oma_e40,4,4,15,1,1,19,24.9870,0
oma_e40,4,4,15,1,1,20,29.0342,0
oma_e40,4,4,15,1,1,21,23.5733,0
oma_e40,4,4,15,1,1,22,22.0275,0
oma_e40,4,4,15,1,1,23,21.0338,0
oma_e40,4,4,15,1,1,24,20.5972,0
oma_e40,4,4,15,1,2,0,22.0325,0
oma_e40,4,4,15,1,2,1,22.8727,0
oma_e40,4,4,15,1,2,2,24.8841,1
oma_e40,4,4,15,1,2,3,22.5742,0
oma_e40,4,4,15,1,2,4,25.6734,0
oma_e40,4,4,15,1,2,5,23.2218,0
oma_e40,4,4,15,1,2,6,23.6951,0
oma_e40,4,4,15,1,2,7,22.6067,0
oma_e40,4,4,15,1,2,8,19.0291,1
oma_e40,4,4,15,1,2,9,23.1865,0
oma_e40,4,4,15,1,2,10,22.5280,0
oma_e40,4,4,15,1,2,11,23.2290,1
oma_e40,4,4,15,1,2,12,23.7607,0
oma_e40,4,4,15,1,2,13,21.5175,0
oma_e40,4,4,15,1,2,14,25.4005,1
oma_e40,4,4,15,1,2,15,25.8729,1
oma_e40,4,4,15,1,2,16,24.6163,0
oma_e40,4,4,15,1,2,17,23.6819,1
oma_e40,4,4,15,1,2,18,20.7523,0
oma_e40,4,4,15,1,2,19,26.6390,0
oma_e40,4,4,15,1,2,20,21.1210,0
oma_e40,4,4,15,1,2,21,20.9831,0
oma_e40,4,4,15,1,2,22,23.9420,0
oma_e40,4,4,15,1,2,23,27.6405,0
oma_e40,4,4,15,1,2,24,26.8714,0
oma_e40,4,4,15,1,3,0,23.1734,1
oma_e40,4,4,15,1,3,1,19.8382,1
oma_e40,4,4,15,1,3,2,22.7881,0
oma_e40,4,4,15,1,3,3,21.5126,0
oma_e40,4,4,15,1,3,4,22.6294,0
oma_e40,4,4,15,1,3,5,19.8385,0
oma_e40,4,4,15,1,3,6,21.2074,0
oma_e40,4,4,15,1,3,7,23.8161,1
oma_e40,4,4,15,1,3,8,24.3305,0
oma_e40,4,4,15,1,3,9,28.3167,0
oma_e40,4,4,15,1,3,10,24.6153,0
oma_e40,4,4,15,1,3,11,19.7615,1
oma_e40,4,4,15,1,3,12,21.3589,0
oma_e40,4,4,15,1,3,13,20.6949,0
oma_e40,4,4,15,1,3,14,19.9950,0
oma_e40,4,4,15,1,3,15,20.1148,0
oma_e40,4,4,15,1,3,16,24.7184,0
oma_e40,4,4,15,1,3,17,23.7750,0
oma_e40,4,4,15,1,3,18,29.6221,0
oma_e40,4,4,15,1,3,19,18.5572,0
oma_e40,4,4,15,1,3,20,26.3122,0
oma_e40,4,4,15,1,3,21,29.2600,0
oma_e40,4,4,15,1,3,22,24.7384,0
oma_e40,4,4,15,1,3,23,26.1202,0
oma_e40,4,4,15,1,3,24,24.4612,0
oma_e40,4,4,15,1,0,25,18.4090,1
oma_e40,4,4,15,1,0,26,19.2064,0
oma_e40,4,4,15,1,0,27,23.7015,0
oma_e40,4,4,15,1,0,28,23.6358,0
oma_e40,4,4,15,1,0,29,21.6454,0
oma_e40,4,4,15,1,0,30,21.3590,1
oma_e40,4,4,15,1,0,31,23.3354,0
oma_e40,4,4,15,1,0,32,21.7627,1
oma_e40,4,4,15,1,0,33,25.8968,0
oma_e40,4,4,15,1,0,34,24.1484,0
oma_e40,4,4,15,1,0,35,22.3926,0
oma_e40,4,4,15,1,0,36,20.8117,0
oma_e40,4,4,15,1,0,37,26.0855,0
oma_e40,4,4,15,1,0,38,23.2764,1
oma_e40,4,4,15,1,0,39,27.7560,0
oma_e40,4,4,15,1,0,40,26.1394,0
oma_e40,4,4,15,1,0,41,21.0589,1
oma_e40,4,4,15,1,0,42,26.0011,0
oma_e40,4,4,15,1,0,43,22.5704,0
oma_e40,4,4,15,1,0,44,26.3981,0
oma_e40,4,4,15,1,0,45,20.7088,1
oma_e40,4,4,15,1,0,46,20.7338,1
oma_e40,4,4,15,1,0,47,23.4174,0
oma_e40,4,4,15,1,0,48,21.5697,1
oma_e40,4,4,15,1,0,49,25.5912,0
oma_e40,4,4,15,1,1,25,22.9430,0
oma_e40,4,4,15,1,1,26,18.2702,1
oma_e40,4,4,15,1,1,27,21.0366,1
oma_e40,4,4,15,1,1,28,22.2640,0
oma_e40,4,4,15,1,1,29,23.3228,0
oma_e40,4,4,15,1,1,30,21.7318,0
oma_e40,4,4,15,1,1,31,22.1034,0
oma_e40,4,4,15,1,1,32,26.3122,0
oma_e40,4,4,15,1,1,33,30.5384,0
oma_e40,4,4,15,1,1,34,24.0405,0
oma_e40,4,4,15,1,1,35,25.8888,0
oma_e40,4,4,15,1,1,36,23.1229,0
oma_e40,4,4,15,1,1,37,21.9418,0
oma_e40,4,4,15,1,1,38,21.2747,0
oma_e40,4,4,15,1,1,39,24.2795,0
oma_e40,4,4,15,1,1,40,25.1362,0
oma_e40,4,4,15,1,1,41,24.6091,1
oma_e40,4,4,15,1,1,42,33.4489,1
oma_e40,4,4,15,1,1,43,22.7082,0
oma_e40,4,4,15,1,1,44,17.9204,0
oma_e40,4,4,15,1,1,45,20.8528,0
oma_e40,4,4,15,1,1,46,22.3839,1
oma_e40,4,4,15,1,1,47,19.5487,0
oma_e40,4,4,15,1,1,48,23.8033,0
oma_e40,4,4,15,1,1,49,21.9796,0
oma_e40,4,4,15,1,2,25,22.6603,0
oma_e40,4,4,15,1,2,26,18.0195,1
oma_e40,4,4,15,1,2,27,26.6338,0
oma_e40,4,4,15,1,2,28,25.1703,0
oma_e40,4,4,15,1,2,29,21.8000,0
oma_e40,4,4,15,1,2,30,16.8007,1
oma_e40,4,4,15,1,2,31,29.0358,0
oma_e40,4,4,15,1,2,32,18.3394,0
oma_e40,4,4,15,1,2,33,23.2008,0
oma_e40,4,4,15,1,2,34,24.8640,0
oma_e40,4,4,15,1,2,35,23.9311,0
oma_e40,4,4,15,1,2,36,20.6933,0
oma_e40,4,4,15,1,2,37,19.6715,0
oma_e40,4,4,15,1,2,38,20.8982,1
oma_e40,4,4,15,1,2,39,25.2797,0
oma_e40,4,4,15,1,2,40,25.0314,0
oma_e40,4,4,15,1,2,41,21.9890,0
oma_e40,4,4,15,1,2,42,21.8367,0
oma_e40,4,4,15,1,2,43,26.5824,0
oma_e40,4,4,15,1,2,44,21.5679,0
oma_e40,4,4,15,1,2,45,25.1398,0
oma_e40,4,4,15,1,2,46,21.9851,0
oma_e40,4,4,15,1,2,47,24.0690,0
oma_e40,4,4,15,1,2,48,24.9346,0
oma_e40,4,4,15,1,2,49,21.3602,0
oma_e40,4,4,15,1,3,25,24.5788,0
oma_e40,4,4,15,1,3,26,18.3535,1
oma_e40,4,4,15,1,3,27,21.6450,0
oma_e40,4,4,15,1,3,28,24.4407,0
oma_e40,4,4,15,1,3,29,24.4314,0
oma_e40,4,4,15,1,3,30,23.9423,1
oma_e40,4,4,15,1,3,31,21.7416,0
oma_e40,4,4,15,1,3,32,25.8593,0
oma_e40,4,4,15,1,3,33,30.0855,0
oma_e40,4,4,15,1,3,34,24.0808,0
oma_e40,4,4,15,1,3,35,25.4661,0
oma_e40,4,4,15,1,3,36,20.6411,1
oma_e40,4,4,15,1,3,37,21.4411,0
oma_e40,4,4,15,1,3,38,25.5623,0
oma_e40,4,4,15,1,3,39,27.9407,0
oma_e40,4,4,15,1,3,40,25.9375,0
oma_e40,4,4,15,1,3,41,21.0856,1
oma_e40,4,4,15,1,3,42,22.5508,0
oma_e40,4,4,15,1,3,43,22.2869,0
oma_e40,4,4,15,1,3,44,21.9902,0
oma_e40,4,4,15,1,3,45,23.5620,0
oma_e40,4,4,15,1,3,46,23.9742,1
oma_e40,4,4,15,1,3,47,21.4440,0
oma_e40,4,4,15,1,3,48,22.7992,0
oma_e40,4,4,15,1,3,49,22.2513,0
oma_e40,4,4,15,1,0,50,25.4581,0
oma_e40,4,4,15,1,0,51,23.7976,0
oma_e40,4,4,15,1,0,52,19.6229,0
oma_e40,4,4,15,1,0,53,24.8838,0
oma_e40,4,4,15,1,0,54,19.2146,0
oma_e40,4,4,15,1,0,55,16.8225,0
oma_e40,4,4,15,1,0,56,20.9160,0
oma_e40,4,4,15,1,0,57,20.5474,0
oma_e40,4,4,15,1,0,58,22.8175,0
oma_e40,4,4,15,1,0,59,25.4516,1
oma_e40,4,4,15,1,0,60,21.5028,0
oma_e40,4,4,15,1,0,61,25.5241,0
oma_e40,4,4,15,1,0,62,22.3280,1
oma_e40,4,4,15,1,0,63,23.5152,0
oma_e40,4,4,15,1,0,64,26.4917,0
oma_e40,4,4,15,1,0,65,19.6543,0
oma_e40,4,4,15,1,0,66,22.8404,0
oma_e40,4,4,15,1,0,67,25.3763,0
oma_e40,4,4,15,1,0,68,19.2895,0
oma_e40,4,4,15,1,0,69,24.1861,0
oma_e40,4,4,15,1,0,70,27.9665,0
oma_e40,4,4,15,1,0,71,22.8743,0
oma_e40,4,4,15,1,0,72,24.6529,0
oma_e40,4,4,15,1,0,73,22.7110,0
oma_e40,4,4,15,1,0,74,21.4549,0
oma_e40,4,4,15,1,1,50,23.2469,1
oma_e40,4,4,15,1,1,51,22.9859,0
oma_e40,4,4,15,1,1,52,24.0493,0
oma_e40,4,4,15,1,1,53,23.9432,0
oma_e40,4,4,15,1,1,54,16.0705,0
oma_e40,4,4,15,1,1,55,24.0092,0
oma_e40,4,4,15,1,1,56,27.3033,0
oma_e40,4,4,15,1,1,57,22.5964,0
oma_e40,4,4,15,1,1,58,24.4038,0
oma_e40,4,4,15,1,1,59,20.6616,0
oma_e40,4,4,15,1,1,60,21.4528,1
oma_e40,4,4,15,1,1,61,25.1958,0
oma_e40,4,4,15,1,1,62,24.5798,0
oma_e40,4,4,15,1,1,63,30.8794,1
oma_e40,4,4,15,1,1,64,25.4970,0
oma_e40,4,4,15,1,1,65,25.5459,1
oma_e40,4,4,15,1,1,66,25.0003,0
oma_e40,4,4,15,1,1,67,20.7834,0
oma_e40,4,4,15,1,1,68,18.2340,0
oma_e40,4,4,15,1,1,69,26.3636,1
oma_e40,4,4,15,1,1,70,22.6410,0
oma_e40,4,4,15,1,1,71,26.3534,0
oma_e40,4,4,15,1,1,72,26.2394,0
oma_e40,4,4,15,1,1,73,18.8225,1
oma_e40,4,4,15,1,1,74,22.7895,0
oma_e40,4,4,15,1,2,50,21.7171,0
oma_e40,4,4,15,1,2,51,24.5951,0
oma_e40,4,4,15,1,2,52,24.6571,1
oma_e40,4,4,15,1,2,53,22.7286,0
oma_e40,4,4,15,1,2,54,17.4371,0
oma_e40,4,4,15,1,2,55,27.4584,0
oma_e40,4,4,15,1,2,56,29.1205,0
oma_e40,4,4,15,1,2,57,25.9138,1
oma_e40,4,4,15,1,2,58,20.6927,1
oma_e40,4,4,15,1,2,59,21.4145,0
oma_e40,4,4,15,1,2,60,18.3752,1
oma_e40,4,4,15,1,2,61,24.2762,0
oma_e40,4,4,15,1,2,62,21.2360,0
oma_e40,4,4,15,1,2,63,22.9937,0
oma_e40,4,4,15,1,2,64,20.1717,0
oma_e40,4,4,15,1,2,65,24.0686,0
oma_e40,4,4,15,1,2,66,23.0018,0
oma_e40,4,4,15,1,2,67,20.9079,0
oma_e40,4,4,15,1,2,68,17.7387,1
oma_e40,4,4,15,1,2,69,28.9236,0
oma_e40,4,4,15,1,2,70,22.2267,0
oma_e40,4,4,15,1,2,71,23.2104,0
oma_e40,4,4,15,1,2,72,24.1495,0
oma_e40,4,4,15,1,2,73,18.6232,0
oma_e40,4,4,15,1,2,74,19.8970,1
oma_e40,4,4,15,1,3,50,22.2618,1
oma_e40,4,4,15,1,3,51,26.4437,0
oma_e40,4,4,15,1,3,52,23.2536,0
oma_e40,4,4,15,1,3,53,21.9701,0
oma_e40,4,4,15,1,3,54,21.9257,1
oma_e40,4,4,15,1,3,55,23.1149,0
oma_e40,4,4,15,1,3,56,31.3484,0
oma_e40,4,4,15,1,3,57,23.5435,0
oma_e40,4,4,15,1,3,58,22.4940,0
oma_e40,4,4,15,1,3,59,25.4064,0
oma_e40,4,4,15,1,3,60,21.2630,1
oma_e40,4,4,15,1,3,61,27.5702,0
oma_e40,4,4,15,1,3,62,21.4648,1
oma_e40,4,4,15,1,3,63,25.8114,0
oma_e40,4,4,15,1,3,64,27.6990,0
oma_e40,4,4,15,1,3,65,25.9321,0
oma_e40,4,4,15,1,3,66,24.4481,0
oma_e40,4,4,15,1,3,67,19.8291,0
oma_e40,4,4,15,1,3,68,21.3606,0
oma_e40,4,4,15,1,3,69,28.1669,0
oma_e40,4,4,15,1,3,70,25.4063,0
oma_e40,4,4,15,1,3,71,22.4334,0
oma_e40,4,4,15,1,3,72,24.8257,0
oma_e40,4,4,15,1,3,73,22.2937,0
oma_e40,4,4,15,1,3,74,22.1828,1
oma_e40,4,4,15,1,0,75,20.5940,0
oma_e40,4,4,15,1,0,76,27.2124,0
oma_e40,4,4,15,1,0,77,22.1371,0
oma_e40,4,4,15,1,0,78,24.0854,0
oma_e40,4,4,15,1,0,79,26.7335,0
oma_e40,4,4,15,1,0,80,21.9064,0
oma_e40,4,4,15,1,0,81,20.3658,0
oma_e40,4,4,15,1,0,82,22.4296,0
oma_e40,4,4,15,1,0,83,19.3744,1
oma_e40,4,4,15,1,0,84,22.0422,0
oma_e40,4,4,15,1,0,85,22.0111,0
oma_e40,4,4,15,1,0,86,21.8507,0
oma_e40,4,4,15,1,0,87,20.3333,0
oma_e40,4,4,15,1,0,88,20.9524,0
oma_e40,4,4,15,1,0,89,22.7531,0
oma_e40,4,4,15,1,0,90,22.0846,0
oma_e40,4,4,15,1,0,91,21.8413,0
oma_e40,4,4,15,1,0,92,23.5913,1
oma_e40,4,4,15,1,0,93,22.9861,1
oma_e40,4,4,15,1,0,94,24.3703,1
oma_e40,4,4,15,1,0,95,23.2835,0
oma_e40,4,4,15,1,0,96,25.6263,0
oma_e40,4,4,15,1,0,97,24.6979,0
oma_e40,4,4,15,1,0,98,23.5788,0
oma_e40,4,4,15,1,0,99,26.3766,0
oma_e40,4,4,15,1,1,75,22.4076,0
oma_e40,4,4,15,1,1,76,24.9463,0
oma_e40,4,4,15,1,1,77,28.3273,0
oma_e40,4,4,15,1,1,78,23.9006,1
oma_e40,4,4,15,1,1,79,22.2545,1
oma_e40,4,4,15,1,1,80,20.8354,1
oma_e40,4,4,15,1,1,81,25.5445,1
oma_e40,4,4,15,1,1,82,29.3471,0
oma_e40,4,4,15,1,1,83,23.8171,1
oma_e40,4,4,15,1,1,84,20.0530,1
oma_e40,4,4,15,1,1,85,26.1638,1
oma_e40,4,4,15,1,1,86,27.2293,0
oma_e40,4,4,15,1,1,87,24.3606,0
oma_e40,4,4,15,1,1,88,20.3545,1
oma_e40,4,4,15,1,1,89,23.3980,0
oma_e40,4,4,15,1,1,90,20.3913,0
oma_e40,4,4,15,1,1,91,21.2728,0
oma_e40,4,4,15,1,1,92,23.0502,0
oma_e40,4,4,15,1,1,93,23.0045,0
oma_e40,4,4,15,1,1,94,26.2758,0
oma_e40,4,4,15,1,1,95,21.6349,0
oma_e40,4,4,15,1,1,96,21.8992,0
oma_e40,4,4,15,1,1,97,27.9239,0
oma_e40,4,4,15,1,1,98,20.5289,0
oma_e40,4,4,15,1,1,99,24.8111,0
oma_e40,4,4,15,1,2,75,19.2173,1
oma_e40,4,4,15,1,2,76,24.8255,0
oma_e40,4,4,15,1,2,77,23.7309,0
oma_e40,4,4,15,1,2,78,25.1327,0
oma_e40,4,4,15,1,2,79,18.8634,0
oma_e40,4,4,15,1,2,80,23.8349,0
oma_e40,4,4,15,1,2,81,22.0711,1
oma_e40,4,4,15,1,2,82,24.7257,0
oma_e40,4,4,15,1,2,83,23.1689,0
oma_e40,4,4,15,1,2,84,26.9416,0
oma_e40,4,4,15,1,2,85,21.2055,0
oma_e40,4,4,15,1,2,86,23.7313,0
oma_e40,4,4,15,1,2,87,23.7980,0
oma_e40,4,4,15,1,2,88,23.1391,0
oma_e40,4,4,15,1,2,89,22.3724,0
oma_e40,4,4,15,1,2,90,23.4181,1
oma_e40,4,4,15,1,2,91,21.6979,0
oma_e40,4,4,15,1,2,92,22.9743,1
oma_e40,4,4,15,1,2,93,23.7501,1
oma_e40,4,4,15,1,2,94,22.0225,0
oma_e40,4,4,15,1,2,95,26.8156,0
oma_e40,4,4,15,1,2,96,22.9069,0
oma_e40,4,4,15,1,2,97,24.7413,0
oma_e40,4,4,15,1,2,98,25.0595,0
oma_e40,4,4,15,1,2,99,21.8947,0
oma_e40,4,4,15,1,3,75,28.5786,0
oma_e40,4,4,15,1,3,76,25.7415,1
oma_e40,4,4,15,1,3,77,26.1834,0
oma_e40,4,4,15,1,3,78,23.3690,0
oma_e40,4,4,15,1,3,79,22.9643,0
oma_e40,4,4,15,1,3,80,25.9866,0
oma_e40,4,4,15,1,3,81,21.5163,0
oma_e40,4,4,15,1,3,82,25.3685,0
oma_e40,4,4,15,1,3,83,25.6258,0
oma_e40,4,4,15,1,3,84,26.3086,1
oma_e40,4,4,15,1,3,85,22.6876,0
oma_e40,4,4,15,1,3,86,21.6908,1
oma_e40,4,4,15,1,3,87,17.9983,1
oma_e40,4,4,15,1,3,88,22.0126,0
oma_e40,4,4,15,1,3,89,24.9575,0
oma_e40,4,4,15,1,3,90,19.0975,0
oma_e40,4,4,15,1,3,91,22.6591,0
oma_e40,4,4,15,1,3,92,23.3002,0
oma_e40,4,4,15,1,3,93,23.1967,0
oma_e40,4,4,15,1,3,94,27.4983,0
oma_e40,4,4,15,1,3,95,20.1983,0
oma_e40,4,4,15,1,3,96,23.5381,0
oma_e40,4,4,15,1,3,97,22.8835,0
oma_e40,4,4,15,1,3,98,23.1090,0
oma_e40,4,4,15,1,3,99,27.5555,0
oma_e40,4,4,15,1,0,100,19.5507,0
oma_e40,4,4,15,1,0,101,25.2245,0
oma_e40,4,4,15,1,0,102,24.6948,0
oma_e40,4,4,15,1,0,103,20.2135,0
oma_e40,4,4,15,1,0,104,17.7012,0
oma_e40,4,4,15,1,0,105,23.6805,0
oma_e40,4,4,15,1,0,106,22.3512,1
oma_e40,4,4,15,1,0,107,22.6857,1
oma_e40,4,4,15,1,0,108,25.4541,0
oma_e40,4,4,15,1,0,109,22.8146,0
oma_e40,4,4,15,1,0,110,20.9120,0
oma_e40,4,4,15,1,0,111,24.7692,0
oma_e40,4,4,15,1,0,112,20.2234,1
oma_e40,4,4,15,1,0,113,25.5767,0
oma_e40,4,4,15,1,0,114,23.9138,1
oma_e40,4,4,15,1,0,115,23.1211,0
oma_e40,4,4,15,1,0,116,20.3594,1
oma_e40,4,4,15,1,0,117,21.8813,1
oma_e40,4,4,15,1,0,118,24.8554,1
oma_e40,4,4,15,1,0,119,25.1845,0
oma_e40,4,4,15,1,0,120,16.1060,1
oma_e40,4,4,15,1,0,121,22.2655,1
oma_e40,4,4,15,1,0,122,18.5949,0
oma_e40,4,4,15,1,0,123,20.0611,0
oma_e40,4,4,15,1,0,124,21.2322,0
oma_e40,4,4,15,1,1,100,22.9569,0
oma_e40,4,4,15,1,1,101,21.2227,1
oma_e40,4,4,15,1,1,102,21.7842,1
oma_e40,4,4,15,1,1,103,23.7049,0
oma_e40,4,4,15,1,1,104,16.1856,1
oma_e40,4,4,15,1,1,105,30.0089,0
oma_e40,4,4,15,1,1,106,23.5322,0
oma_e40,4,4,15,1,1,107,27.6285,0
oma_e40,4,4,15,1,1,108,25.3175,0
oma_e40,4,4,15,1,1,109,22.6136,0
oma_e40,4,4,15,1,1,110,21.9653,1
oma_e40,4,4,15,1,1,111,24.8315,0
oma_e40,4,4,15,1,1,112,21.2917,1
oma_e40,4,4,15,1,1,113,24.3860,0
oma_e40,4,4,15,1,1,114,22.6210,1
oma_e40,4,4,15,1,1,115,22.1994,1
oma_e40,4,4,15,1,1,116,18.2361,0
oma_e40,4,4,15,1,1,117,22.4221,1
oma_e40,4,4,15,1,1,118,27.4173,0
oma_e40,4,4,15,1,1,119,21.0929,0
oma_e40,4,4,15,1,1,120,16.7715,0
oma_e40,4,4,15,1,1,121,21.6747,1
oma_e40,4,4,15,1,1,122,23.2643,0
oma_e40,4,4,15,1,1,123,26.9220,0
oma_e40,4,4,15,1,1,124,25.4013,0
oma_e40,4,4,15,1,2,100,25.4764,0
oma_e40,4,4,15,1,2,101,23.8704,0
oma_e40,4,4,15,1,2,102,22.8760,1
oma_e40,4,4,15,1,2,103,20.2564,0
oma_e40,4,4,15,1,2,104,18.2598,1
oma_e40,4,4,15,1,2,105,20.9602,0
oma_e40,4,4,15,1,2,106,24.4352,1
oma_e40,4,4,15,1,2,107,19.9305,0
oma_e40,4,4,15,1,2,108,20.7000,0
oma_e40,4,4,15,1,2,109,23.5897,0
oma_e40,4,4,15,1,2,110,25.4295,0
oma_e40,4,4,15,1,2,111,25.2865,0
oma_e40,4,4,15,1,2,112,21.4548,1
oma_e40,4,4,15,1,2,113,23.6783,1
oma_e40,4,4,15,1,2,114,25.1840,0
oma_e40,4,4,15,1,2,115,21.1475,1
oma_e40,4,4,15,1,2,116,18.6921,1
oma_e40,4,4,15,1,2,117,21.9853,1
oma_e40,4,4,15,1,2,118,21.8826,0
oma_e40,4,4,15,1,2,119,24.7728,1
oma_e40,4,4,15,1,2,120,15.1774,1
oma_e40,4,4,15,1,2,121,18.7635,1
oma_e40,4,4,15,1,2,122,23.7321,1
oma_e40,4,4,15,1,2,123,28.4216,0
oma_e40,4,4,15,1,2,124,24.0002,1
oma_e40,4,4,15,1,3,100,24.0545,0
oma_e40,4,4,15,1,3,101,22.3612,1
oma_e40,4,4,15,1,3,102,24.1179,0
oma_e40,4,4,15,1,3,103,21.5981,1
oma_e40,4,4,15,1,3,104,18.9645,1
oma_e40,4,4,15,1,3,105,22.4574,0
oma_e40,4,4,15,1,3,106,26.8451,0
oma_e40,4,4,15,1,3,107,22.5970,0
oma_e40,4,4,15,1,3,108,18.9617,0
oma_e40,4,4,15,1,3,109,20.0740,1
oma_e40,4,4,15,1,3,110,26.0351,0
oma_e40,4,4,15,1,3,111,24.5218,0
oma_e40,4,4,15,1,3,112,21.0845,0
oma_e40,4,4,15,1,3,113,21.7044,1
oma_e40,4,4,15,1,3,114,21.2440,1
oma_e40,4,4,15,1,3,115,21.3583,1
oma_e40,4,4,15,1,3,116,22.1160,1
oma_e40,4,4,15,1,3,117,21.0836,0
oma_e40,4,4,15,1,3,118,24.9663,0
oma_e40,4,4,15,1,3,119,22.4450,0
oma_e40,4,4,15,1,3,120,15.1065,1
oma_e40,4,4,15,1,3,121,18.6670,1
oma_e40,4,4,15,1,3,122,27.8671,1
oma_e40,4,4,15,1,3,123,25.2788,0
oma_e40,4,4,15,1,3,124,21.8639,0
oma_e40,4,4,15,1,0,125,20.1321,0
oma_e40,4,4,15,1,0,126,23.4689,0
oma_e40,4,4,15,1,0,127,23.9431,0
oma_e40,4,4,15,1,0,128,15.4626,0
oma_e40,4,4,15,1,0,129,19.7482,0
oma_e40,4,4,15,1,0,130,25.6283,0
oma_e40,4,4,15,1,0,131,20.2947,1
oma_e40,4,4,15,1,0,132,23.1446,0
oma_e40,4,4,15,1,0,133,23.0686,1
oma_e40,4,4,15,1,0,134,25.3713,1
oma_e40,4,4,15,1,0,135,23.9332,0
oma_e40,4,4,15,1,0,136,26.2629,0
oma_e40,4,4,15,1,0,137,19.4092,1
oma_e40,4,4,15,1,0,138,18.6023,0
oma_e40,4,4,15,1,0,139,24.1135,0
oma_e40,4,4,15,1,0,140,17.6600,1
oma_e40,4,4,15,1,0,141,21.4411,0
oma_e40,4,4,15,1,0,142,26.5601,0
oma_e40,4,4,15,1,0,143,24.9757,0
oma_e40,4,4,15,1,0,144,12.5689,1
oma_e40,4,4,15,1,0,145,26.6779,0
oma_e40,4,4,15,1,0,146,27.8454,0
oma_e40,4,4,15,1,0,147,24.2489,0
oma_e40,4,4,15,1,0,148,23.7728,0
oma_e40,4,4,15,1,0,149,22.6275,1
oma_e40,4,4,15,1,1,125,24.5781,0
oma_e40,4,4,15,1,1,126,21.5358,1
oma_e40,4,4,15,1,1,127,23.5628,0
oma_e40,4,4,15,1,1,128,15.9023,1
oma_e40,4,4,15,1,1,129,21.6204,0
oma_e40,4,4,15,1,1,130,17.6471,1
oma_e40,4,4,15,1,1,131,22.7620,0
oma_e40,4,4,15,1,1,132,20.7757,0
oma_e40,4,4,15,1,1,133,24.4936,1
oma_e40,4,4,15,1,1,134,23.9255,0
oma_e40,4,4,15,1,1,135,25.3631,0
oma_e40,4,4,15,1,1,136,25.2668,0
oma_e40,4,4,15,1,1,137,20.0991,1
oma_e40,4,4,15,1,1,138,17.9584,1
oma_e40,4,4,15,1,1,139,23.5288,0
oma_e40,4,4,15,1,1,140,20.7759,1
oma_e40,4,4,15,1,1,141,20.9658,0
oma_e40,4,4,15,1,1,142,21.8707,0
oma_e40,4,4,15,1,1,143,20.8397,0
oma_e40,4,4,15,1,1,144,15.2389,1
oma_e40,4,4,15,1,1,145,25.2109,0
oma_e40,4,4,15,1,1,146,26.9388,0
oma_e40,4,4,15,1,1,147,29.2009,0
oma_e40,4,4,15,1,1,148,23.5116,0
oma_e40,4,4,15,1,1,149,20.6647,0
oma_e40,4,4,15,1,2,125,22.2896,0
oma_e40,4,4,15,1,2,126,21.5943,1
oma_e40,4,4,15,1,2,127,23.0992,1
oma_e40,4,4,15,1,2,128,16.3680,1
oma_e40,4,4,15,1,2,129,21.9438,0
oma_e40,4,4,15,1,2,130,21.2464,1
oma_e40,4,4,15,1,2,131,31.2545,0
oma_e40,4,4,15,1,2,132,25.3827,0
oma_e40,4,4,15,1,2,133,19.8376,1
oma_e40,4,4,15,1,2,134,21.8485,0
oma_e40,4,4,15,1,2,135,25.6396,0
oma_e40,4,4,15,1,2,136,23.2413,0
oma_e40,4,4,15,1,2,137,19.3703,1
oma_e40,4,4,15,1,2,138,19.5122,1
oma_e40,4,4,15,1,2,139,23.8766,0
oma_e40,4,4,15,1,2,140,21.5254,1
oma_e40,4,4,15,1,2,141,24.3419,0
oma_e40,4,4,15,1,2,142,24.3986,0
oma_e40,4,4,15,1,2,143,25.1728,1
oma_e40,4,4,15,1,2,144,12.2672,1
oma_e40,4,4,15,1,2,145,24.8052,0
oma_e40,4,4,15,1,2,146,22.2079,0
oma_e40,4,4,15,1,2,147,21.9603,0
oma_e40,4,4,15,1,2,148,24.3794,0
oma_e40,4,4,15,1,2,149,18.4827,1
oma_e40,4,4,15,1,3,125,24.3556,0
oma_e40,4,4,15,1,3,126,19.9987,0
oma_e40,4,4,15,1,3,127,23.0136,0
oma_e40,4,4,15,1,3,128,15.5302,1
oma_e40,4,4,15,1,3,129,21.9251,0
oma_e40,4,4,15,1,3,130,23.7106,0
oma_e40,4,4,15,1,3,131,27.4362,0
oma_e40,4,4,15,1,3,132,24.3046,0
oma_e40,4,4,15,1,3,133,19.6452,0
oma_e40,4,4,15,1,3,134,22.1084,0
oma_e40,4,4,15,1,3,135,22.9159,0
oma_e40,4,4,15,1,3,136,21.6941,0
oma_e40,4,4,15,1,3,137,17.7250,0
oma_e40,4,4,15,1,3,138,17.5697,1
oma_e40,4,4,15,1,3,139,23.3733,0
oma_e40,4,4,15,1,3,140,18.2450,1
oma_e40,4,4,15,1,3,141,26.1029,0
oma_e40,4,4,15,1,3,142,23.5625,0
oma_e40,4,4,15,1,3,143,27.6010,0
oma_e40,4,4,15,1,3,144,14.3576,1
oma_e40,4,4,15,1,3,145,25.6054,0
oma_e40,4,4,15,1,3,146,19.6811,1
oma_e40,4,4,15,1,3,147,19.9645,0
oma_e40,4,4,15,1,3,148,22.9789,1
oma_e40,4,4,15,1,3,149,19.3756,1
oma_e40,4,4,15,1,0,150,20.9272,0
oma_e40,4,4,15,1,0,151,24.9596,0
oma_e40,4,4,15,1,0,152,23.3935,0
oma_e40,4,4,15,1,0,153,22.4267,0
oma_e40,4,4,15,1,0,154,18.0933,0
oma_e40,4,4,15,1,0,155,24.9365,1
oma_e40,4,4,15,1,0,156,26.5120,0
oma_e40,4,4,15,1,0,157,22.2137,0
oma_e40,4,4,15,1,0,158,25.0915,0
oma_e40,4,4,15,1,0,159,16.5660,1
oma_e40,4,4,15,1,0,160,21.2575,0
oma_e40,4,4,15,1,0,161,25.7646,0
oma_e40,4,4,15,1,0,162,23.5992,0
oma_e40,4,4,15,1,0,163,23.7357,0
oma_e40,4,4,15,1,0,164,22.1960,0
oma_e40,4,4,15,1,0,165,20.7171,0
oma_e40,4,4,15,1,0,166,24.9641,0
oma_e40,4,4,15,1,0,167,21.8307,1
oma_e40,4,4,15,1,0,168,23.8156,0
oma_e40,4,4,15,1,0,169,26.0336,0
oma_e40,4,4,15,1,0,170,22.2812,0
oma_e40,4,4,15,1,0,171,22.6630,1
oma_e40,4,4,15,1,0,172,21.3833,1
oma_e40,4,4,15,1,0,173,25.2848,0
oma_e40,4,4,15,1,0,174,18.7508,0
oma_e40,4,4,15,1,1,150,20.8754,1
oma_e40,4,4,15,1,1,151,28.1592,0
oma_e40,4,4,15,1,1,152,22.0490,0
oma_e40,4,4,15,1,1,153,26.6743,0
oma_e40,4,4,15,1,1,154,19.2071,1
oma_e40,4,4,15,1,1,155,28.3525,1
oma_e40,4,4,15,1,1,156,24.0318,0
oma_e40,4,4,15,1,1,157,18.8971,1
oma_e40,4,4,15,1,1,158,19.5594,1
oma_e40,4,4,15,1,1,159,19.5081,1
oma_e40,4,4,15,1,1,160,22.1392,0
oma_e40,4,4,15,1,1,161,27.8183,0
oma_e40,4,4,15,1,1,162,23.1869,0
oma_e40,4,4,15,1,1,163,19.5749,0
oma_e40,4,4,15,1,1,164,22.8953,0
oma_e40,4,4,15,1,1,165,22.9970,0
oma_e40,4,4,15,1,1,166,25.6533,0
oma_e40,4,4,15,1,1,167,22.3119,0
oma_e40,4,4,15,1,1,168,23.8938,0
oma_e40,4,4,15,1,1,169,23.8789,0
oma_e40,4,4,15,1,1,170,27.1500,0
oma_e40,4,4,15,1,1,171,20.6478,0
oma_e40,4,4,15,1,1,172,22.8624,1
oma_e40,4,4,15,1,1,173,21.9901,0
oma_e40,4,4,15,1,1,174,27.0045,0
oma_e40,4,4,15,1,2,150,24.0141,0
oma_e40,4,4,15,1,2,151,19.0817,0
oma_e40,4,4,15,1,2,152,27.2239,0
oma_e40,4,4,15,1,2,153,23.9644,0
oma_e40,4,4,15,1,2,154,31.2709,1
oma_e40,4,4,15,1,2,155,24.6063,0
oma_e40,4,4,15,1,2,156,24.0167,1
oma_e40,4,4,15,1,2,157,19.8890,1
oma_e40,4,4,15,1,2,158,26.7360,0
oma_e40,4,4,15,1,2,159,19.0844,1
oma_e40,4,4,15,1,2,160,20.6166,0
oma_e40,4,4,15,1,2,161,23.3692,0
oma_e40,4,4,15,1,2,162,19.8638,0
oma_e40,4,4,15,1,2,163,24.6973,1
oma_e40,4,4,15,1,2,164,26.9246,0
oma_e40,4,4,15,1,2,165,24.4992,0
oma_e40,4,4,15,1,2,166,20.9474,0
oma_e40,4,4,15,1,2,167,23.5336,0
oma_e40,4,4,15,1,2,168,23.9215,0
oma_e40,4,4,15,1,2,169,22.0737,0
oma_e40,4,4,15,1,2,170,24.3056,0
oma_e40,4,4,15,1,2,171,24.0424,0
oma_e40,4,4,15,1,2,172,23.0180,0
oma_e40,4,4,15,1,2,173,20.2457,0
oma_e40,4,4,15,1,2,174,19.1719,1
oma_e40,4,4,15,1,3,150,21.9482,0
oma_e40,4,4,15,1,3,151,23.2736,0
oma_e40,4,4,15,1,3,152,26.1464,0
oma_e40,4,4,15,1,3,153,21.3860,1
oma_e40,4,4,15,1,3,154,28.4692,0
oma_e40,4,4,15,1,3,155,25.3575,0
oma_e40,4,4,15,1,3,156,21.7202,0
oma_e40,4,4,15,1,3,157,30.2518,0
oma_e40,4,4,15,1,3,158,20.2017,0
oma_e40,4,4,15,1,3,159,19.5543,1
oma_e40,4,4,15,1,3,160,25.1709,0
oma_e40,4,4,15,1,3,161,20.9459,0
oma_e40,4,4,15,1,3,162,19.4342,0
oma_e40,4,4,15,1,3,163,22.3848,0
oma_e40,4,4,15,1,3,164,25.2227,0
oma_e40,4,4,15,1,3,165,22.7499,0
oma_e40,4,4,15,1,3,166,22.7769,1
oma_e40,4,4,15,1,3,167,24.0222,0
oma_e40,4,4,15,1,3,168,23.0481,1
oma_e40,4,4,15,1,3,169,24.7250,0
oma_e40,4,4,15,1,3,170,27.2608,0
oma_e40,4,4,15,1,3,171,21.7202,0
oma_e40,4,4,15,1,3,172,21.4510,0
oma_e40,4,4,15,1,3,173,21.5514,1
oma_e40,4,4,15,1,3,174,25.7719,0
oma_e40,4,4,15,1,0,175,28.6915,0
oma_e40,4,4,15,1,0,176,27.7680,0
oma_e40,4,4,15,1,0,177,23.8448,0
oma_e40,4,4,15,1,0,178,25.8777,0
oma_e40,4,4,15,1,0,179,25.0328,0
oma_e40,4,4,15,1,0,180,27.3804,0
oma_e40,4,4,15,1,0,181,21.8019,0
oma_e40,4,4,15,1,0,182,23.3793,0
oma_e40,4,4,15,1,0,183,24.0871,0
oma_e40,4,4,15,1,0,184,24.2520,0
oma_e40,4,4,15,1,0,185,22.5892,0
oma_e40,4,4,15,1,0,186,20.6225,1
oma_e40,4,4,15,1,0,187,26.8258,0
oma_e40,4,4,15,1,0,188,19.6629,0
oma_e40,4,4,15,1,0,189,24.4580,0
oma_e40,4,4,15,1,0,190,24.3884,0
oma_e40,4,4,15,1,0,191,23.9059,0
oma_e40,4,4,15,1,0,192,24.9225,1
oma_e40,4,4,15,1,0,193,25.5324,0
oma_e40,4,4,15,1,0,194,20.9952,0
oma_e40,4,4,15,1,0,195,24.4743,0
oma_e40,4,4,15,1,0,196,27.9478,0
oma_e40,4,4,15,1,0,197,29.2572,0
oma_e40,4,4,15,1,0,198,24.5038,0
oma_e40,4,4,15,1,0,199,26.9715,0
oma_e40,4,4,15,1,1,175,23.9032,0
oma_e40,4,4,15,1,1,176,24.0607,0
oma_e40,4,4,15,1,1,177,23.0396,0
oma_e40,4,4,15,1,1,178,29.4293,0
oma_e40,4,4,15,1,1,179,24.1930,0
oma_e40,4,4,15,1,1,180,24.3864,0
oma_e40,4,4,15,1,1,181,19.8152,0
oma_e40,4,4,15,1,1,182,22.7678,0
oma_e40,4,4,15,1,1,183,21.3505,1
oma_e40,4,4,15,1,1,184,23.3113,1
oma_e40,4,4,15,1,1,185,19.7245,1
oma_e40,4,4,15,1,1,186,19.2434,1
oma_e40,4,4,15,1,1,187,23.4887,0
oma_e40,4,4,15,1,1,188,22.2784,0
oma_e40,4,4,15,1,1,189,21.5220,0
oma_e40,4,4,15,1,1,190,25.3567,0
oma_e40,4,4,15,1,1,191,21.7408,0
oma_e40,4,4,15,1,1,192,22.8333,0
oma_e40,4,4,15,1,1,193,23.4216,0
oma_e40,4,4,15,1,1,194,22.4824,0
oma_e40,4,4,15,1,1,195,23.0463,0
oma_e40,4,4,15,1,1,196,20.8602,0
oma_e40,4,4,15,1,1,197,24.9158,0
oma_e40,4,4,15,1,1,198,22.9375,0
oma_e40,4,4,15,1,1,199,19.7520,0
oma_e40,4,4,15,1,2,175,20.4285,1
oma_e40,4,4,15,1,2,176,27.8374,1
oma_e40,4,4,15,1,2,177,26.3571,0
oma_e40,4,4,15,1,2,178,21.4116,1
oma_e40,4,4,15,1,2,179,24.8003,0
oma_e40,4,4,15,1,2,180,22.3278,0
oma_e40,4,4,15,1,2,181,21.1082,0
oma_e40,4,4,15,1,2,182,21.2466,0
oma_e40,4,4,15,1,2,183,24.3214,0
oma_e40,4,4,15,1,2,184,22.0237,0
oma_e40,4,4,15,1,2,185,25.2396,0
oma_e40,4,4,15,1,2,186,19.0121,0
oma_e40,4,4,15,1,2,187,25.9814,0
oma_e40,4,4,15,1,2,188,23.8461,0
oma_e40,4,4,15,1,2,189,22.9099,0
oma_e40,4,4,15,1,2,190,25.1363,0
oma_e40,4,4,15,1,2,191,23.3328,1
oma_e40,4,4,15,1,2,192,25.5273,0
oma_e40,4,4,15,1,2,193,25.3465,0
oma_e40,4,4,15,1,2,194,22.0925,0
oma_e40,4,4,15,1,2,195,32.5262,0
oma_e40,4,4,15,1,2,196,21.0106,0
oma_e40,4,4,15,1,2,197,27.1782,1
oma_e40,4,4,15,1,2,198,24.0242,0
oma_e40,4,4,15,1,2,199,24.1228,0
oma_e40,4,4,15,1,3,175,26.8071,0
oma_e40,4,4,15,1,3,176,22.2395,0
oma_e40,4,4,15,1,3,177,24.0511,0
oma_e40,4,4,15,1,3,178,26.0008,0
oma_e40,4,4,15,1,3,179,18.6916,1
oma_e40,4,4,15,1,3,180,23.1075,0
oma_e40,4,4,15,1,3,181,23.0896,0
oma_e40,4,4,15,1,3,182,19.8385,0
oma_e40,4,4,15,1,3,183,15.6295,0
oma_e40,4,4,15,1,3,184,25.4544,0
oma_e40,4,4,15,1,3,185,25.6011,0
oma_e40,4,4,15,1,3,186,23.0635,0
oma_e40,4,4,15,1,3,187,23.5570,0
oma_e40,4,4,15,1,3,188,23.2522,0
oma_e40,4,4,15,1,3,189,22.5238,0
oma_e40,4,4,15,1,3,190,22.1189,0
oma_e40,4,4,15,1,3,191,23.9990,0
oma_e40,4,4,15,1,3,192,24.7760,0
oma_e40,4,4,15,1,3,193,21.7380,0
oma_e40,4,4,15,1,3,194,24.3982,0
oma_e40,4,4,15,1,3,195,26.6277,0
oma_e40,4,4,15,1,3,196,25.2683,0
oma_e40,4,4,15,1,3,197,21.7416,0
oma_e40,4,4,15,1,3,198,23.6523,0
oma_e40,4,4,15,1,3,199,24.5072,0
oma_e40,4,4,15,2,0,0,23.0106,0
oma_e40,4,4,15,2,0,1,25.0719,0
oma_e40,4,4,15,2,0,2,23.1272,0
oma_e40,4,4,15,2,0,3,21.7454,1
oma_e40,4,4,15,2,0,4,21.2226,0
oma_e40,4,4,15,2,0,5,23.2468,0
oma_e40,4,4,15,2,0,6,26.4585,0
oma_e40,4,4,15,2,0,7,18.5035,0
oma_e40,4,4,15,2,0,8,23.0740,1
oma_e40,4,4,15,2,0,9,23.3620,0
oma_e40,4,4,15,2,0,10,22.9360,0
oma_e40,4,4,15,2,0,11,19.2897,0
oma_e40,4,4,15,2,0,12,22.7467,0
oma_e40,4,4,15,2,0,13,20.7128,0
oma_e40,4,4,15,2,0,14,19.9564,1
oma_e40,4,4,15,2,0,15,22.6736,1
oma_e40,4,4,15,2,0,16,25.8479,0
oma_e40,4,4,15,2,0,17,22.9743,0
oma_e40,4,4,15,2,0,18,22.7424,0
oma_e40,4,4,15,2,0,19,22.8411,0
oma_e40,4,4,15,2,0,20,22.2074,0
oma_e40,4,4,15,2,0,21,18.0461,1
oma_e40,4,4,15,2,0,22,28.9334,0
oma_e40,4,4,15,2,0,23,25.1445,0
oma_e40,4,4,15,2,0,24,20.6248,0
oma_e40,4,4,15,2,1,0,29.7030,0
oma_e40,4,4,15,2,1,1,21.4506,1
oma_e40,4,4,15,2,1,2,25.1999,0
oma_e40,4,4,15,2,1,3,25.3471,0
oma_e40,4,4,15,2,1,4,21.4338,0
oma_e40,4,4,15,2,1,5,20.0461,0
oma_e40,4,4,15,2,1,6,22.8217,0
oma_e40,4,4,15,2,1,7,21.2736,0
oma_e40,4,4,15,2,1,8,24.8892,0
oma_e40,4,4,15,2,1,9,20.7292,0
oma_e40,4,4,15,2,1,10,20.0135,1
oma_e40,4,4,15,2,1,11,24.1638,1
oma_e40,4,4,15,2,1,12,25.1264,0
oma_e40,4,4,15,2,1,13,22.7877,0
oma_e40,4,4,15,2,1,14,21.1936,1
oma_e40,4,4,15,2,1,15,24.2914,0
oma_e40,4,4,15,2,1,16,22.8818,0
oma_e40,4,4,15,2,1,17,23.3798,1
oma_e40,4,4,15,2,1,18,24.1867,0
oma_e40,4,4,15,2,1,19,24.8161,0
oma_e40,4,4,15,2,1,20,28.8582,0
oma_e40,4,4,15,2,1,21,23.2454,0
oma_e40,4,4,15,2,1,22,22.3968,0
oma_e40,4,4,15,2,1,23,21.0412,0
oma_e40,4,4,15,2,1,24,20.3358,0
oma_e40,4,4,15,2,2,0,22.6553,0
oma_e40,4,4,15,2,2,1,23.7701,0
oma_e40,4,4,15,2,2,2,24.6932,1
oma_e40,4,4,15,2,2,3,21.2763,0
oma_e40,4,4,15,2,2,4,25.4238,0
oma_e40,4,4,15,2,2,5,23.5219,0
oma_e40,4,4,15,2,2,6,23.4638,0
oma_e40,4,4,15,2,2,7,21.1854,0
oma_e40,4,4,15,2,2,8,19.6548,0
oma_e40,4,4,15,2,2,9,23.1566,0
oma_e40,4,4,15,2,2,10,22.0276,0
oma_e40,4,4,15,2,2,11,26.1681,1
oma_e40,4,4,15,2,2,12,22.8347,0
oma_e40,4,4,15,2,2,13,21.3543,0
oma_e40,4,4,15,2,2,14,22.3250,1
oma_e40,4,4,15,2,2,15,25.9923,1
oma_e40,4,4,15,2,2,16,24.9762,0
oma_e40,4,4,15,2,2,17,22.9915,1
oma_e40,4,4,15,2,2,18,21.0751,0
oma_e40,4,4,15,2,2,19,26.3362,0
oma_e40,4,4,15,2,2,20,21.0206,0
oma_e40,4,4,15,2,2,21,20.8882,0
oma_e40,4,4,15,2,2,22,24.4208,0
oma_e40,4,4,15,2,2,23,27.8329,0
oma_e40,4,4,15,2,2,24,26.1308,0
oma_e40,4,4,15,2,3,0,23.9761,1
oma_e40,4,4,15,2,3,1,20.2243,1
oma_e40,4,4,15,2,3,2,22.5605,0
oma_e40,4,4,15,2,3,3,20.4478,0
oma_e40,4,4,15,2,3,4,22.2614,0
oma_e40,4,4,15,2,3,5,20.0511,0
oma_e40,4,4,15,2,3,6,21.1140,0
oma_e40,4,4,15,2,3,7,21.6150,1
oma_e40,4,4,15,2,3,8,25.3303,0
oma_e40,4,4,15,2,3,9,28.1050,0
oma_e40,4,4,15,2,3,10,24.1375,0
oma_e40,4,4,15,2,3,11,22.3411,0
oma_e40,4,4,15,2,3,12,20.5906,1
oma_e40,4,4,15,2,3,13,20.5656,0
oma_e40,4,4,15,2,3,14,18.6269,0
oma_e40,4,4,15,2,3,15,20.1010,0
oma_e40,4,4,15,2,3,16,25.0059,0
oma_e40,4,4,15,2,3,17,22.9581,0
oma_e40,4,4,15,2,3,18,30.0594,0
oma_e40,4,4,15,2,3,19,18.4637,0
oma_e40,4,4,15,2,3,20,26.1829,0
oma_e40,4,4,15,2,3,21,28.8271,1
oma_e40,4,4,15,2,3,22,25.2304,0
oma_e40,4,4,15,2,3,23,26.2069,0
oma_e40,4,4,15,2,3,24,23.9268,1
oma_e40,4,4,15,2,0,25,18.5941,1
oma_e40,4,4,15,2,0,26,22.9433,0
oma_e40,4,4,15,2,0,27,23.4541,0
oma_e40,4,4,15,2,0,28,23.3733,0
oma_e40,4,4,15,2,0,29,21.9969,0
oma_e40,4,4,15,2,0,30,22.9228,0
oma_e40,4,4,15,2,0,31,23.1614,0
oma_e40,4,4,15,2,0,32,21.9357,1
oma_e40,4,4,15,2,0,33,25.1131,0
oma_e40,4,4,15,2,0,34,24.1008,0
oma_e40,4,4,15,2,0,35,22.4899,0
oma_e40,4,4,15,2,0,36,21.7426,0
oma_e40,4,4,15,2,0,37,24.7404,0
oma_e40,4,4,15,2,0,38,23.5643,1
oma_e40,4,4,15,2,0,39,26.7126,0
oma_e40,4,4,15,2,0,40,25.3354,0
oma_e40,4,4,15,2,0,41,22.2715,1
oma_e40,4,4,15,2,0,42,21.8304,1
oma_e40,4,4,15,2,0,43,22.0670,0
oma_e40,4,4,15,2,0,44,26.9429,0
oma_e40,4,4,15,2,0,45,20.0597,1
oma_e40,4,4,15,2,0,46,20.0156,1
oma_e40,4,4,15,2,0,47,16.7787,1
oma_e40,4,4,15,2,0,48,22.7411,0
oma_e40,4,4,15,2,0,49,25.3855,0
oma_e40,4,4,15,2,1,25,23.0688,0
oma_e40,4,4,15,2,1,26,21.0117,1
oma_e40,4,4,15,2,1,27,20.8757,0
oma_e40,4,4,15,2,1,28,21.8744,0
oma_e40,4,4,15,2,1,29,23.7540,0
oma_e40,4,4,15,2,1,30,22.9120,0
oma_e40,4,4,15,2,1,31,21.9981,0
oma_e40,4,4,15,2,1,32,26.5951,0
oma_e40,4,4,15,2,1,33,29.6135,0
oma_e40,4,4,15,2,1,34,23.9193,0
oma_e40,4,4,15,2,1,35,26.0974,0
oma_e40,4,4,15,2,1,36,24.4512,0
oma_e40,4,4,15,2,1,37,20.7158,0
oma_e40,4,4,15,2,1,38,21.7135,0
oma_e40,4,4,15,2,1,39,23.2378,1
oma_e40,4,4,15,2,1,40,24.3888,0
oma_e40,4,4,15,2,1,41,26.1976,0
oma_e40,4,4,15,2,1,42,25.8765,1
oma_e40,4,4,15,2,1,43,22.1303,0
oma_e40,4,4,15,2,1,44,18.0834,0
oma_e40,4,4,15,2,1,45,20.1485,0
oma_e40,4,4,15,2,1,46,21.4400,1
oma_e40,4,4,15,2,1,47,14.8648,1
oma_e40,4,4,15,2,1,48,25.5178,0
oma_e40,4,4,15,2,1,49,21.9859,0
oma_e40,4,4,15,2,2,25,22.6579,0
oma_e40,4,4,15,2,2,26,21.6619,0
oma_e40,4,4,15,2,2,27,26.3904,0
oma_e40,4,4,15,2,2,28,24.3269,0
oma_e40,4,4,15,2,2,29,22.2985,0
oma_e40,4,4,15,2,2,30,17.5525,0
oma_e40,4,4,15,2,2,31,28.8546,0
oma_e40,4,4,15,2,2,32,18.4293,0
oma_e40,4,4,15,2,2,33,22.7608,1
oma_e40,4,4,15,2,2,34,24.8686,0
oma_e40,4,4,15,2,2,35,24.0784,0
oma_e40,4,4,15,2,2,36,21.7357,0
oma_e40,4,4,15,2,2,37,18.5158,0
oma_e40,4,4,15,2,2,38,21.2592,1
oma_e40,4,4,15,2,2,39,23.8273,0
oma_e40,4,4,15,2,2,40,24.3527,1
oma_e40,4,4,15,2,2,41,23.8672,0
oma_e40,4,4,15,2,2,42,19.1293,1
oma_e40,4,4,15,2,2,43,25.9437,0
oma_e40,4,4,15,2,2,44,21.8247,0
oma_e40,4,4,15,2,2,45,23.9198,0
oma_e40,4,4,15,2,2,46,21.0710,0
oma_e40,4,4,15,2,2,47,19.7818,1
oma_e40,4,4,15,2,2,48,26.1849,0
oma_e40,4,4,15,2,2,49,21.4598,0
oma_e40,4,4,15,2,3,25,24.8214,0
oma_e40,4,4,15,2,3,26,21.9624,0
oma_e40,4,4,15,2,3,27,21.5565,0
oma_e40,4,4,15,2,3,28,24.0336,0
oma_e40,4,4,15,2,3,29,25.0897,0
oma_e40,4,4,15,2,3,30,25.9262,0
oma_e40,4,4,15,2,3,31,21.5979,0
oma_e40,4,4,15,2,3,32,25.9258,0
oma_e40,4,4,15,2,3,33,29.6853,0
oma_e40,4,4,15,2,3,34,23.9516,0
oma_e40,4,4,15,2,3,35,25.5877,0
oma_e40,4,4,15,2,3,36,21.7057,1
oma_e40,4,4,15,2,3,37,20.3183,1
oma_e40,4,4,15,2,3,38,26.2476,0
oma_e40,4,4,15,2,3,39,26.3281,0
oma_e40,4,4,15,2,3,40,25.1386,1
oma_e40,4,4,15,2,3,41,22.4867,1
oma_e40,4,4,15,2,3,42,20.1402,0
oma_e40,4,4,15,2,3,43,21.9246,1
oma_e40,4,4,15,2,3,44,22.3046,0
oma_e40,4,4,15,2,3,45,23.0946,0
oma_e40,4,4,15,2,3,46,22.6595,1
oma_e40,4,4,15,2,3,47,16.7523,1
oma_e40,4,4,15,2,3,48,24.3229,0
oma_e40,4,4,15,2,3,49,22.4224,0
oma_e40,4,4,15,2,0,50,25.5145,0
oma_e40,4,4,15,2,0,51,25.1203,0
oma_e40,4,4,15,2,0,52,20.3197,0
oma_e40,4,4,15,2,0,53,23.6826,0
oma_e40,4,4,15,2,0,54,21.5786,0
oma_e40,4,4,15,2,0,55,17.2850,0
oma_e40,4,4,15,2,0,56,20.5877,0
oma_e40,4,4,15,2,0,57,20.7793,0
oma_e40,4,4,15,2,0,58,24.7601,0
oma_e40,4,4,15,2,0,59,25.6713,1
oma_e40,4,4,15,2,0,60,25.3549,0
oma_e40,4,4,15,2,0,61,25.5614,0
oma_e40,4,4,15,2,0,62,22.7519,0
oma_e40,4,4,15,2,0,63,23.5971,0
oma_e40,4,4,15,2,0,64,25.6226,0
oma_e40,4,4,15,2,0,65,20.1188,0
oma_e40,4,4,15,2,0,66,19.6148,1
oma_e40,4,4,15,2,0,67,22.7779,0
oma_e40,4,4,15,2,0,68,22.0364,0
oma_e40,4,4,15,2,0,69,23.8940,0
oma_e40,4,4,15,2,0,70,25.7504,0
oma_e40,4,4,15,2,0,71,23.9671,0
oma_e40,4,4,15,2,0,72,23.4564,0
oma_e40,4,4,15,2,0,73,25.9756,0
oma_e40,4,4,15,2,0,74,22.0704,0
oma_e40,4,4,15,2,1,50,23.4601,1
oma_e40,4,4,15,2,1,51,23.5777,0
oma_e40,4,4,15,2,1,52,24.8422,0
oma_e40,4,4,15,2,1,53,23.1938,0
oma_e40,4,4,15,2,1,54,17.5551,0
oma_e40,4,4,15,2,1,55,25.7773,0
oma_e40,4,4,15,2,1,56,26.3844,0
oma_e40,4,4,15,2,1,57,22.6444,0
oma_e40,4,4,15,2,1,58,26.0448,0
oma_e40,4,4,15,2,1,59,20.7773,0
oma_e40,4,4,15,2,1,60,26.8789,0
oma_e40,4,4,15,2,1,61,25.0765,0
oma_e40,4,4,15,2,1,62,25.1800,0
oma_e40,4,4,15,2,1,63,31.0317,1
oma_e40,4,4,15,2,1,64,24.0631,0
oma_e40,4,4,15,2,1,65,27.3711,0
oma_e40,4,4,15,2,1,66,20.1570,0
oma_e40,4,4,15,2,1,67,18.3635,1
oma_e40,4,4,15,2,1,68,20.8688,1
oma_e40,4,4,15,2,1,69,25.9019,1
oma_e40,4,4,15,2,1,70,21.6544,1
oma_e40,4,4,15,2,1,71,28.5009,0
oma_e40,4,4,15,2,1,72,24.4209,0
oma_e40,4,4,15,2,1,73,20.9765,0
oma_e40,4,4,15,2,1,74,23.6423,0
oma_e40,4,4,15,2,2,50,21.8075,0
oma_e40,4,4,15,2,2,51,25.7362,0
oma_e40,4,4,15,2,2,52,25.5030,0
oma_e40,4,4,15,2,2,53,21.9092,0
oma_e40,4,4,15,2,2,54,19.2144,0
oma_e40,4,4,15,2,2,55,30.0289,0
oma_e40,4,4,15,2,2,56,28.0409,0
oma_e40,4,4,15,2,2,57,26.4400,0
oma_e40,4,4,15,2,2,58,22.1788,0
oma_e40,4,4,15,2,2,59,21.4919,0
oma_e40,4,4,15,2,2,60,21.1874,1
oma_e40,4,4,15,2,2,61,24.2980,0
oma_e40,4,4,15,2,2,62,21.6715,0
oma_e40,4,4,15,2,2,63,22.9683,0
oma_e40,4,4,15,2,2,64,19.5364,0
oma_e40,4,4,15,2,2,65,24.9611,0
oma_e40,4,4,15,2,2,66,19.1298,0
oma_e40,4,4,15,2,2,67,19.6370,0
oma_e40,4,4,15,2,2,68,20.8549,1
oma_e40,4,4,15,2,2,69,28.3964,0
oma_e40,4,4,15,2,2,70,21.3800,0
oma_e40,4,4,15,2,2,71,24.4129,0
oma_e40,4,4,15,2,2,72,23.4361,0
oma_e40,4,4,15,2,2,73,20.8953,0
oma_e40,4,4,15,2,2,74,20.7175,0
oma_e40,4,4,15,2,3,50,22.4248,0
oma_e40,4,4,15,2,3,51,27.8729,0
oma_e40,4,4,15,2,3,52,24.0466,1
oma_e40,4,4,15,2,3,53,20.8814,0
oma_e40,4,4,15,2,3,54,25.0202,0
oma_e40,4,4,15,2,3,55,24.2541,0
oma_e40,4,4,15,2,3,56,30.5406,0
oma_e40,4,4,15,2,3,57,23.7508,0
oma_e40,4,4,15,2,3,58,23.6685,0
oma_e40,4,4,15,2,3,59,25.7008,0
oma_e40,4,4,15,2,3,60,24.5141,0
oma_e40,4,4,15,2,3,61,27.4078,0
oma_e40,4,4,15,2,3,62,21.8562,0
oma_e40,4,4,15,2,3,63,25.9739,0
oma_e40,4,4,15,2,3,64,25.7404,0
oma_e40,4,4,15,2,3,65,27.1470,0
oma_e40,4,4,15,2,3,66,19.6374,1
oma_e40,4,4,15,2,3,67,18.0893,1
oma_e40,4,4,15,2,3,68,24.2042,0
oma_e40,4,4,15,2,3,69,27.7607,0
oma_e40,4,4,15,2,3,70,24.5979,0
oma_e40,4,4,15,2,3,71,23.3619,0
oma_e40,4,4,15,2,3,72,23.6332,1
oma_e40,4,4,15,2,3,73,25.4842,0
oma_e40,4,4,15,2,3,74,23.7424,0
oma_e40,4,4,15,2,0,75,19.8438,0
oma_e40,4,4,15,2,0,76,26.5453,0
oma_e40,4,4,15,2,0,77,21.0829,0
oma_e40,4,4,15,2,0,78,22.6345,0
oma_e40,4,4,15,2,0,79,26.9126,0
oma_e40,4,4,15,2,0,80,21.0837,0
oma_e40,4,4,15,2,0,81,20.3410,0
oma_e40,4,4,15,2,0,82,20.4180,0
oma_e40,4,4,15,2,0,83,17.7921,1
oma_e40,4,4,15,2,0,84,21.5243,0
oma_e40,4,4,15,2,0,85,22.5910,0
oma_e40,4,4,15,2,0,86,21.8241,1
oma_e40,4,4,15,2,0,87,20.4030,0
oma_e40,4,4,15,2,0,88,23.9382,0
oma_e40,4,4,15,2,0,89,23.0374,0
oma_e40,4,4,15,2,0,90,22.2315,0
oma_e40,4,4,15,2,0,91,20.5342,1
oma_e40,4,4,15,2,0,92,23.7634,0
oma_e40,4,4,15,2,0,93,22.6359,1
oma_e40,4,4,15,2,0,94,23.3232,1
oma_e40,4,4,15,2,0,95,23.1031,0
oma_e40,4,4,15,2,0,96,26.8018,0
oma_e40,4,4,15,2,0,97,24.5287,0
oma_e40,4,4,15,2,0,98,24.3374,0
oma_e40,4,4,15,2,0,99,21.7681,0
oma_e40,4,4,15,2,1,75,21.3083,0
oma_e40,4,4,15,2,1,76,24.5110,0
oma_e40,4,4,15,2,1,77,25.2696,0
oma_e40,4,4,15,2,1,78,22.5622,0
oma_e40,4,4,15,2,1,79,22.3265,1
oma_e40,4,4,15,2,1,80,20.3045,1
oma_e40,4,4,15,2,1,81,25.1297,1
oma_e40,4,4,15,2,1,82,24.8650,0
oma_e40,4,4,15,2,1,83,21.3002,1
oma_e40,4,4,15,2,1,84,19.9028,0
oma_e40,4,4,15,2,1,85,27.0437,1
oma_e40,4,4,15,2,1,86,27.0977,0
oma_e40,4,4,15,2,1,87,24.2700,1
oma_e40,4,4,15,2,1,88,23.2539,1
oma_e40,4,4,15,2,1,89,23.7234,0
oma_e40,4,4,15,2,1,90,20.6017,1
oma_e40,4,4,15,2,1,91,20.1683,0
oma_e40,4,4,15,2,1,92,22.9029,0
oma_e40,4,4,15,2,1,93,22.7777,0
oma_e40,4,4,15,2,1,94,25.0044,0
oma_e40,4,4,15,2,1,95,21.5167,0
oma_e40,4,4,15,2,1,96,23.3143,0
oma_e40,4,4,15,2,1,97,27.4780,0
oma_e40,4,4,15,2,1,98,21.0320,0
oma_e40,4,4,15,2,1,99,19.2194,1
oma_e40,4,4,15,2,2,75,18.2813,1
oma_e40,4,4,15,2,2,76,24.4937,0
oma_e40,4,4,15,2,2,77,21.7830,0
oma_e40,4,4,15,2,2,78,23.5098,0
oma_e40,4,4,15,2,2,79,18.9110,0
oma_e40,4,4,15,2,2,80,22.9001,0
oma_e40,4,4,15,2,2,81,22.3414,1
oma_e40,4,4,15,2,2,82,21.4633,0
oma_e40,4,4,15,2,2,83,20.7647,0
oma_e40,4,4,15,2,2,84,26.5151,0
oma_e40,4,4,15,2,2,85,21.6481,0
oma_e40,4,4,15,2,2,86,23.9058,0
oma_e40,4,4,15,2,2,87,23.4075,0
oma_e40,4,4,15,2,2,88,25.4052,0
oma_e40,4,4,15,2,2,89,22.4267,0
oma_e40,4,4,15,2,2,90,23.5535,1
oma_e40,4,4,15,2,2,91,20.3810,0
oma_e40,4,4,15,2,2,92,22.9580,1
oma_e40,4,4,15,2,2,93,23.4341,1
oma_e40,4,4,15,2,2,94,21.4504,0
oma_e40,4,4,15,2,2,95,26.6049,0
oma_e40,4,4,15,2,2,96,23.8818,0
oma_e40,4,4,15,2,2,97,24.4342,0
oma_e40,4,4,15,2,2,98,25.5019,0
oma_e40,4,4,15,2,2,99,17.3551,1
oma_e40,4,4,15,2,3,75,25.7595,0
oma_e40,4,4,15,2,3,76,25.6003,1
oma_e40,4,4,15,2,3,77,23.0445,1
oma_e40,4,4,15,2,3,78,21.8547,1
oma_e40,4,4,15,2,3,79,23.0436,0
oma_e40,4,4,15,2,3,80,24.9935,0
oma_e40,4,4,15,2,3,81,21.5698,0
oma_e40,4,4,15,2,3,82,22.3150,0
oma_e40,4,4,15,2,3,83,22.3938,1
oma_e40,4,4,15,2,3,84,25.9611,1
oma_e40,4,4,15,2,3,85,23.6547,0
oma_e40,4,4,15,2,3,86,21.6106,1
oma_e40,4,4,15,2,3,87,17.8547,1
oma_e40,4,4,15,2,3,88,25.0807,0
oma_e40,4,4,15,2,3,89,25.1569,0
oma_e40,4,4,15,2,3,90,19.2024,0
oma_e40,4,4,15,2,3,91,21.1137,0
oma_e40,4,4,15,2,3,92,23.2226,0
oma_e40,4,4,15,2,3,93,22.9660,0
oma_e40,4,4,15,2,3,94,26.0543,0
oma_e40,4,4,15,2,3,95,20.0244,0
oma_e40,4,4,15,2,3,96,25.1588,0
oma_e40,4,4,15,2,3,97,22.6462,0
oma_e40,4,4,15,2,3,98,23.8058,0
oma_e40,4,4,15,2,3,99,22.9668,1
oma_e40,4,4,15,2,0,100,19.9507,0
oma_e40,4,4,15,2,0,101,25.0595,0
oma_e40,4,4,15,2,0,102,25.0792,0
oma_e40,4,4,15,2,0,103,20.1370,0
oma_e40,4,4,15,2,0,104,22.8892,0
oma_e40,4,4,15,2,0,105,23.1773,0
oma_e40,4,4,15,2,0,106,22.6077,1
oma_e40,4,4,15,2,0,107,22.8318,1
oma_e40,4,4,15,2,0,108,25.6625,0
oma_e40,4,4,15,2,0,109,23.6607,0
oma_e40,4,4,15,2,0,110,18.5997,1
oma_e40,4,4,15,2,0,111,24.8354,0
oma_e40,4,4,15,2,0,112,21.7349,0
oma_e40,4,4,15,2,0,113,25.6135,0
oma_e40,4,4,15,2,0,114,20.2364,1
oma_e40,4,4,15,2,0,115,23.3310,0
oma_e40,4,4,15,2,0,116,22.4487,0
oma_e40,4,4,15,2,0,117,20.3597,1
oma_e40,4,4,15,2,0,118,24.9214,1
oma_e40,4,4,15,2,0,119,26.1782,0
oma_e40,4,4,15,2,0,120,19.7253,1
oma_e40,4,4,15,2,0,121,25.3080,1
oma_e40,4,4,15,2,0,122,18.5474,0
oma_e40,4,4,15,2,0,123,20.1500,0
oma_e40,4,4,15,2,0,124,21.5734,0
oma_e40,4,4,15,2,1,100,23.3559,0
oma_e40,4,4,15,2,1,101,21.1271,1
oma_e40,4,4,15,2,1,102,21.9420,1
oma_e40,4,4,15,2,1,103,23.9006,0
oma_e40,4,4,15,2,1,104,21.6344,1
oma_e40,4,4,15,2,1,105,29.4560,0
oma_e40,4,4,15,2,1,106,23.8140,0
oma_e40,4,4,15,2,1,107,28.2856,0
oma_e40,4,4,15,2,1,108,26.4470,0
oma_e40,4,4,15,2,1,109,23.3879,0
oma_e40,4,4,15,2,1,110,19.7216,1
oma_e40,4,4,15,2,1,111,25.0937,0
oma_e40,4,4,15,2,1,112,22.9146,0
oma_e40,4,4,15,2,1,113,24.4340,0
oma_e40,4,4,15,2,1,114,19.0140,1
oma_e40,4,4,15,2,1,115,22.3919,1
oma_e40,4,4,15,2,1,116,19.4320,0
oma_e40,4,4,15,2,1,117,20.8526,1
oma_e40,4,4,15,2,1,118,27.7642,0
oma_e40,4,4,15,2,1,119,21.5272,0
oma_e40,4,4,15,2,1,120,20.4733,0
oma_e40,4,4,15,2,1,121,26.4423,0
oma_e40,4,4,15,2,1,122,23.0562,0
oma_e40,4,4,15,2,1,123,27.3878,0
oma_e40,4,4,15,2,1,124,25.9406,0
oma_e40,4,4,15,2,2,100,26.5071,0
oma_e40,4,4,15,2,2,101,23.7359,0
oma_e40,4,4,15,2,2,102,23.0218,1
oma_e40,4,4,15,2,2,103,20.2249,0
oma_e40,4,4,15,2,2,104,26.1456,0
oma_e40,4,4,15,2,2,105,20.6727,1
oma_e40,4,4,15,2,2,106,24.7552,1
oma_e40,4,4,15,2,2,107,20.0587,0
oma_e40,4,4,15,2,2,108,21.2385,0
oma_e40,4,4,15,2,2,109,24.6061,0
oma_e40,4,4,15,2,2,110,20.8539,1
oma_e40,4,4,15,2,2,111,25.2955,0
oma_e40,4,4,15,2,2,112,24.0040,1
oma_e40,4,4,15,2,2,113,23.6921,1
oma_e40,4,4,15,2,2,114,20.6155,1
oma_e40,4,4,15,2,2,115,21.2864,1
oma_e40,4,4,15,2,2,116,20.6958,0
oma_e40,4,4,15,2,2,117,20.3272,1
oma_e40,4,4,15,2,2,118,21.9265,0
oma_e40,4,4,15,2,2,119,25.9206,1
oma_e40,4,4,15,2,2,120,18.8103,0
oma_e40,4,4,15,2,2,121,20.8031,1
oma_e40,4,4,15,2,2,122,23.5082,1
oma_e40,4,4,15,2,2,123,28.7466,0
oma_e40,4,4,15,2,2,124,24.2809,1
oma_e40,4,4,15,2,3,100,24.9202,0
oma_e40,4,4,15,2,3,101,22.2913,1
oma_e40,4,4,15,2,3,102,24.2886,0
oma_e40,4,4,15,2,3,103,21.5405,0
oma_e40,4,4,15,2,3,104,25.7327,1
oma_e40,4,4,15,2,3,105,21.9233,0
oma_e40,4,4,15,2,3,106,27.5735,0
oma_e40,4,4,15,2,3,107,22.7220,0
oma_e40,4,4,15,2,3,108,19.2367,0
oma_e40,4,4,15,2,3,109,20.7038,1
oma_e40,4,4,15,2,3,110,20.5923,1
oma_e40,4,4,15,2,3,111,24.4913,0
oma_e40,4,4,15,2,3,112,23.4291,0
oma_e40,4,4,15,2,3,113,21.7506,1
oma_e40,4,4,15,2,3,114,18.1296,1
oma_e40,4,4,15,2,3,115,21.6334,1
oma_e40,4,4,15,2,3,116,24.6953,1
oma_e40,4,4,15,2,3,117,19.2253,1
oma_e40,4,4,15,2,3,118,25.0119,0
oma_e40,4,4,15,2,3,119,23.3090,0
oma_e40,4,4,15,2,3,120,18.8335,1
oma_e40,4,4,15,2,3,121,21.3909,0
oma_e40,4,4,15,2,3,122,27.6696,1
oma_e40,4,4,15,2,3,123,25.7255,0
oma_e40,4,4,15,2,3,124,22.1312,0
oma_e40,4,4,15,2,0,125,21.2431,0
oma_e40,4,4,15,2,0,126,23.4650,0
oma_e40,4,4,15,2,0,127,24.0534,0
oma_e40,4,4,15,2,0,128,22.3290,0
oma_e40,4,4,15,2,0,129,19.7780,0
oma_e40,4,4,15,2,0,130,26.7860,0
oma_e40,4,4,15,2,0,131,20.0714,1
oma_e40,4,4,15,2,0,132,22.7629,0
oma_e40,4,4,15,2,0,133,20.6533,1
oma_e40,4,4,15,2,0,134,24.2852,1
oma_e40,4,4,15,2,0,135,23.5148,1
oma_e40,4,4,15,2,0,136,26.5959,0
oma_e40,4,4,15,2,0,137,23.9813,1
oma_e40,4,4,15,2,0,138,21.2187,0
oma_e40,4,4,15,2,0,139,24.4539,0
oma_e40,4,4,15,2,0,140,19.4210,0
oma_e40,4,4,15,2,0,141,21.4117,1
oma_e40,4,4,15,2,0,142,26.7933,0
oma_e40,4,4,15,2,0,143,23.4078,0
oma_e40,4,4,15,2,0,144,24.6172,0
oma_e40,4,4,15,2,0,145,27.3872,0
oma_e40,4,4,15,2,0,146,26.9174,0
oma_e40,4,4,15,2,0,147,23.9605,0
oma_e40,4,4,15,2,0,148,23.8808,0
oma_e40,4,4,15,2,0,149,21.6713,1
oma_e40,4,4,15,2,1,125,25.4297,0
oma_e40,4,4,15,2,1,126,21.3665,1
oma_e40,4,4,15,2,1,127,23.7384,0
oma_e40,4,4,15,2,1,128,23.6741,0
oma_e40,4,4,15,2,1,129,21.6389,0
oma_e40,4,4,15,2,1,130,18.0753,0
oma_e40,4,4,15,2,1,131,22.3969,0
oma_e40,4,4,15,2,1,132,20.5474,0
oma_e40,4,4,15,2,1,133,21.2749,1
oma_e40,4,4,15,2,1,134,22.9743,1
oma_e40,4,4,15,2,1,135,24.8362,0
oma_e40,4,4,15,2,1,136,25.5401,0
oma_e40,4,4,15,2,1,137,24.8280,1
oma_e40,4,4,15,2,1,138,21.7093,0
oma_e40,4,4,15,2,1,139,24.0541,0
oma_e40,4,4,15,2,1,140,24.1149,1
oma_e40,4,4,15,2,1,141,20.8699,0
oma_e40,4,4,15,2,1,142,21.9349,0
oma_e40,4,4,15,2,1,143,19.6518,1
oma_e40,4,4,15,2,1,144,26.4085,0
oma_e40,4,4,15,2,1,145,25.9724,0
oma_e40,4,4,15,2,1,146,26.3198,0
oma_e40,4,4,15,2,1,147,28.3193,0
oma_e40,4,4,15,2,1,148,23.5604,0
oma_e40,4,4,15,2,1,149,19.8477,0
oma_e40,4,4,15,2,2,125,24.1307,0
oma_e40,4,4,15,2,2,126,21.4399,0
oma_e40,4,4,15,2,2,127,23.2483,1
oma_e40,4,4,15,2,2,128,21.4079,1
oma_e40,4,4,15,2,2,129,22.0140,0
oma_e40,4,4,15,2,2,130,21.9024,1
oma_e40,4,4,15,2,2,131,30.2073,0
oma_e40,4,4,15,2,2,132,24.9976,0
oma_e40,4,4,15,2,2,133,17.5472,1
oma_e40,4,4,15,2,2,134,21.2998,0
oma_e40,4,4,15,2,2,135,25.2192,0
oma_e40,4,4,15,2,2,136,23.4319,0
oma_e40,4,4,15,2,2,137,23.3422,0
oma_e40,4,4,15,2,2,138,23.9708,0
oma_e40,4,4,15,2,2,139,24.3332,0
oma_e40,4,4,15,2,2,140,23.9644,0
oma_e40,4,4,15,2,2,141,24.3327,0
oma_e40,4,4,15,2,2,142,24.4153,0
oma_e40,4,4,15,2,2,143,23.0086,1
oma_e40,4,4,15,2,2,144,23.6081,0
oma_e40,4,4,15,2,2,145,25.7330,0
oma_e40,4,4,15,2,2,146,21.7884,0
oma_e40,4,4,15,2,2,147,21.7023,0
oma_e40,4,4,15,2,2,148,24.5432,0
oma_e40,4,4,15,2,2,149,17.9661,1
oma_e40,4,4,15,2,3,125,26.4690,0
oma_e40,4,4,15,2,3,126,20.0011,0
oma_e40,4,4,15,2,3,127,23.1015,0
oma_e40,4,4,15,2,3,128,26.8858,0
oma_e40,4,4,15,2,3,129,21.9872,0
oma_e40,4,4,15,2,3,130,24.5090,1
oma_e40,4,4,15,2,3,131,26.9879,0
oma_e40,4,4,15,2,3,132,23.9715,0
oma_e40,4,4,15,2,3,133,17.5889,1
oma_e40,4,4,15,2,3,134,21.3224,0
oma_e40,4,4,15,2,3,135,22.6706,0
oma_e40,4,4,15,2,3,136,21.9288,0
oma_e40,4,4,15,2,3,137,19.4169,0
oma_e40,4,4,15,2,3,138,21.1415,0
oma_e40,4,4,15,2,3,139,23.9408,0
oma_e40,4,4,15,2,3,140,20.8202,1
oma_e40,4,4,15,2,3,141,25.9023,0
oma_e40,4,4,15,2,3,142,23.6838,0
oma_e40,4,4,15,2,3,143,24.7138,0
oma_e40,4,4,15,2,3,144,26.2674,0
oma_e40,4,4,15,2,3,145,26.3881,0
oma_e40,4,4,15,2,3,146,19.2974,1
oma_e40,4,4,15,2,3,147,19.7861,0
oma_e40,4,4,15,2,3,148,23.1059,1
oma_e40,4,4,15,2,3,149,18.5905,0
oma_e40,4,4,15,2,0,150,20.8021,0
oma_e40,4,4,15,2,0,151,24.4751,0
oma_e40,4,4,15,2,0,152,21.9093,0
oma_e40,4,4,15,2,0,153,23.6485,0
oma_e40,4,4,15,2,0,154,18.2387,0
oma_e40,4,4,15,2,0,155,22.4728,0
oma_e40,4,4,15,2,0,156,24.9640,0
oma_e40,4,4,15,2,0,157,23.2102,0
oma_e40,4,4,15,2,0,158,25.4082,0
oma_e40,4,4,15,2,0,159,19.8252,0
oma_e40,4,4,15,2,0,160,21.1444,0
oma_e40,4,4,15,2,0,161,24.5027,1
oma_e40,4,4,15,2,0,162,24.6617,0
oma_e40,4,4,15,2,0,163,23.4418,0
oma_e40,4,4,15,2,0,164,18.9930,0
oma_e40,4,4,15,2,0,165,21.1550,0
oma_e40,4,4,15,2,0,166,24.9025,0
oma_e40,4,4,15,2,0,167,20.0034,1
oma_e40,4,4,15,2,0,168,17.7689,1
oma_e40,4,4,15,2,0,169,25.7637,0
oma_e40,4,4,15,2,0,170,22.0945,0
oma_e40,4,4,15,2,0,171,22.6498,1
oma_e40,4,4,15,2,0,172,21.2479,1
oma_e40,4,4,15,2,0,173,25.5279,1
oma_e40,4,4,15,2,0,174,18.8673,0
oma_e40,4,4,15,2,1,150,20.7741,0
oma_e40,4,4,15,2,1,151,27.8495,0
oma_e40,4,4,15,2,1,152,21.1234,0
oma_e40,4,4,15,2,1,153,27.1963,0
oma_e40,4,4,15,2,1,154,19.2760,1
oma_e40,4,4,15,2,1,155,24.6157,1
oma_e40,4,4,15,2,1,156,22.8041,0
oma_e40,4,4,15,2,1,157,19.3575,1
oma_e40,4,4,15,2,1,158,19.9235,0
oma_e40,4,4,15,2,1,159,23.0596,1
oma_e40,4,4,15,2,1,160,22.0595,0
oma_e40,4,4,15,2,1,161,25.5051,0
oma_e40,4,4,15,2,1,162,23.8249,0
oma_e40,4,4,15,2,1,163,19.4930,0
oma_e40,4,4,15,2,1,164,19.4524,1
oma_e40,4,4,15,2,1,165,23.8272,0
oma_e40,4,4,15,2,1,166,25.3349,0
oma_e40,4,4,15,2,1,167,20.4417,0
oma_e40,4,4,15,2,1,168,19.0704,1
oma_e40,4,4,15,2,1,169,23.6439,0
oma_e40,4,4,15,2,1,170,25.4919,1
oma_e40,4,4,15,2,1,171,20.6116,0
oma_e40,4,4,15,2,1,172,22.5950,1
oma_e40,4,4,15,2,1,173,22.1004,0
oma_e40,4,4,15,2,1,174,27.5455,0
oma_e40,4,4,15,2,2,150,23.9465,0
oma_e40,4,4,15,2,2,151,18.9354,0
oma_e40,4,4,15,2,2,152,26.1019,0
oma_e40,4,4,15,2,2,153,24.8660,0
oma_e40,4,4,15,2,2,154,31.3473,1
oma_e40,4,4,15,2,2,155,23.0753,0
oma_e40,4,4,15,2,2,156,23.1622,1
oma_e40,4,4,15,2,2,157,20.5472,1
oma_e40,4,4,15,2,2,158,27.7697,0
oma_e40,4,4,15,2,2,159,23.2995,0
oma_e40,4,4,15,2,2,160,20.5573,0
oma_e40,4,4,15,2,2,161,22.1508,0
oma_e40,4,4,15,2,2,162,20.5150,0
oma_e40,4,4,15,2,2,163,24.4477,1
oma_e40,4,4,15,2,2,164,21.1274,0
oma_e40,4,4,15,2,2,165,25.0378,0
oma_e40,4,4,15,2,2,166,20.7077,0
oma_e40,4,4,15,2,2,167,21.9925,1
oma_e40,4,4,15,2,2,168,18.4279,1
oma_e40,4,4,15,2,2,169,21.8893,0
oma_e40,4,4,15,2,2,170,23.7765,0
oma_e40,4,4,15,2,2,171,23.9638,0
oma_e40,4,4,15,2,2,172,22.9763,0
oma_e40,4,4,15,2,2,173,20.3481,0
oma_e40,4,4,15,2,2,174,19.3058,0
oma_e40,4,4,15,2,3,150,21.8234,0
oma_e40,4,4,15,2,3,151,23.0571,0
oma_e40,4,4,15,2,3,152,24.7709,0
oma_e40,4,4,15,2,3,153,22.5676,1
oma_e40,4,4,15,2,3,154,28.5645,0
oma_e40,4,4,15,2,3,155,22.8454,0
oma_e40,4,4,15,2,3,156,21.1752,0
oma_e40,4,4,15,2,3,157,31.8848,0
oma_e40,4,4,15,2,3,158,20.4726,0
oma_e40,4,4,15,2,3,159,24.2756,0
oma_e40,4,4,15,2,3,160,25.0864,0
oma_e40,4,4,15,2,3,161,19.8280,0
oma_e40,4,4,15,2,3,162,20.1710,0
oma_e40,4,4,15,2,3,163,22.1051,0
oma_e40,4,4,15,2,3,164,21.1623,1
oma_e40,4,4,15,2,3,165,23.2581,0
oma_e40,4,4,15,2,3,166,22.6553,1
oma_e40,4,4,15,2,3,167,22.5533,0
oma_e40,4,4,15,2,3,168,17.5751,1
oma_e40,4,4,15,2,3,169,24.5959,0
oma_e40,4,4,15,2,3,170,25.8243,0
oma_e40,4,4,15,2,3,171,21.7614,0
oma_e40,4,4,15,2,3,172,21.2557,0
oma_e40,4,4,15,2,3,173,21.6492,1
oma_e40,4,4,15,2,3,174,26.0951,0
oma_e40,4,4,15,2,0,175,27.3953,0
oma_e40,4,4,15,2,0,176,28.1069,1
oma_e40,4,4,15,2,0,177,25.3600,0
oma_e40,4,4,15,2,0,178,25.5500,0
oma_e40,4,4,15,2,0,179,24.3809,0
oma_e40,4,4,15,2,0,180,27.8024,0
oma_e40,4,4,15,2,0,181,22.5265,0
oma_e40,4,4,15,2,0,182,23.1990,0
oma_e40,4,4,15,2,0,183,19.9642,0
oma_e40,4,4,15,2,0,184,22.4293,0
oma_e40,4,4,15,2,0,185,22.7654,0
oma_e40,4,4,15,2,0,186,20.6328,1
oma_e40,4,4,15,2,0,187,27.6239,0
oma_e40,4,4,15,2,0,188,20.5855,0
oma_e40,4,4,15,2,0,189,25.6827,0
oma_e40,4,4,15,2,0,190,23.4927,0
oma_e40,4,4,15,2,0,191,22.0991,1
oma_e40,4,4,15,2,0,192,24.2210,1
oma_e40,4,4,15,2,0,193,27.7252,0
oma_e40,4,4,15,2,0,194,21.3299,0
oma_e40,4,4,15,2,0,195,24.6843,0
oma_e40,4,4,15,2,0,196,27.2373,0
oma_e40,4,4,15,2,0,197,29.7058,0
oma_e40,4,4,15,2,0,198,25.0343,0
oma_e40,4,4,15,2,0,199,26.7083,0
oma_e40,4,4,15,2,1,175,23.1424,1
oma_e40,4,4,15,2,1,176,24.1974,0
oma_e40,4,4,15,2,1,177,24.4825,0
oma_e40,4,4,15,2,1,178,29.1151,0
oma_e40,4,4,15,2,1,179,23.7940,1
oma_e40,4,4,15,2,1,180,24.4875,0
oma_e40,4,4,15,2,1,181,20.5934,0
oma_e40,4,4,15,2,1,182,22.2763,0
oma_e40,4,4,15,2,1,183,18.8799,1
oma_e40,4,4,15,2,1,184,21.3876,1
oma_e40,4,4,15,2,1,185,19.8743,1
oma_e40,4,4,15,2,1,186,19.1830,1
oma_e40,4,4,15,2,1,187,23.6955,0
oma_e40,4,4,15,2,1,188,23.4695,0
oma_e40,4,4,15,2,1,189,22.3689,0
oma_e40,4,4,15,2,1,190,24.1210,0
oma_e40,4,4,15,2,1,191,20.2415,0
oma_e40,4,4,15,2,1,192,22.0477,0
oma_e40,4,4,15,2,1,193,25.2067,0
oma_e40,4,4,15,2,1,194,22.7956,0
oma_e40,4,4,15,2,1,195,23.2692,0
oma_e40,4,4,15,2,1,196,20.7069,0
oma_e40,4,4,15,2,1,197,25.0474,0
oma_e40,4,4,15,2,1,198,23.2811,0
oma_e40,4,4,15,2,1,199,19.5818,0
oma_e40,4,4,15,2,2,175,19.8704,1
oma_e40,4,4,15,2,2,176,28.1816,1
oma_e40,4,4,15,2,2,177,27.4262,0
oma_e40,4,4,15,2,2,178,21.3020,0
oma_e40,4,4,15,2,2,179,24.3687,0
oma_e40,4,4,15,2,2,180,22.3914,0
oma_e40,4,4,15,2,2,181,22.1066,0
oma_e40,4,4,15,2,2,182,20.9673,0
oma_e40,4,4,15,2,2,183,21.2769,0
oma_e40,4,4,15,2,2,184,20.4528,1
oma_e40,4,4,15,2,2,185,25.5911,0
oma_e40,4,4,15,2,2,186,18.8508,0
oma_e40,4,4,15,2,2,187,26.1880,0
oma_e40,4,4,15,2,2,188,25.6918,0
oma_e40,4,4,15,2,2,189,24.1117,0
oma_e40,4,4,15,2,2,190,24.1828,0
oma_e40,4,4,15,2,2,191,21.6971,1
oma_e40,4,4,15,2,2,192,24.4738,0
oma_e40,4,4,15,2,2,193,27.1663,0
oma_e40,4,4,15,2,2,194,22.3306,0
oma_e40,4,4,15,2,2,195,32.8112,0
oma_e40,4,4,15,2,2,196,20.8083,0
oma_e40,4,4,15,2,2,197,27.5176,1
oma_e40,4,4,15,2,2,198,24.3502,0
oma_e40,4,4,15,2,2,199,23.7197,0
oma_e40,4,4,15,2,3,175,25.1313,0
oma_e40,4,4,15,2,3,176,22.3351,0
oma_e40,4,4,15,2,3,177,25.7258,0
oma_e40,4,4,15,2,3,178,25.6878,0
oma_e40,4,4,15,2,3,179,18.4478,1
oma_e40,4,4,15,2,3,180,23.2173,0
oma_e40,4,4,15,2,3,181,24.7845,0
oma_e40,4,4,15,2,3,182,19.6685,0
oma_e40,4,4,15,2,3,183,14.4745,1
oma_e40,4,4,15,2,3,184,23.6729,0
oma_e40,4,4,15,2,3,185,25.6237,0
oma_e40,4,4,15,2,3,186,22.9448,0
oma_e40,4,4,15,2,3,187,23.8822,0
oma_e40,4,4,15,2,3,188,25.0164,0
oma_e40,4,4,15,2,3,189,23.1352,0
oma_e40,4,4,15,2,3,190,21.3841,0
oma_e40,4,4,15,2,3,191,21.7963,1
oma_e40,4,4,15,2,3,192,23.6682,0
oma_e40,4,4,15,2,3,193,22.7134,0
oma_e40,4,4,15,2,3,194,24.9467,0
oma_e40,4,4,15,2,3,195,26.8783,0
oma_e40,4,4,15,2,3,196,24.6666,0
oma_e40,4,4,15,2,3,197,21.9320,0
oma_e40,4,4,15,2,3,198,24.0506,0
oma_e40,4,4,15,2,3,199,24.3352,0
oma_e40,4,4,15,3,0,0,22.0557,0
oma_e40,4,4,15,3,0,1,24.2726,0
oma_e40,4,4,15,3,0,2,23.7141,0
oma_e40,4,4,15,3,0,3,23.1595,0
oma_e40,4,4,15,3,0,4,21.8039,0
oma_e40,4,4,15,3,0,5,23.0071,0
oma_e40,4,4,15,3,0,6,22.2907,1
oma_e40,4,4,15,3,0,7,19.2603,0
oma_e40,4,4,15,3,0,8,22.2773,1
oma_e40,4,4,15,3,0,9,22.5174,0
oma_e40,4,4,15,3,0,10,22.9138,0
oma_e40,4,4,15,3,0,11,19.2667,0
oma_e40,4,4,15,3,0,12,19.3066,1
oma_e40,4,4,15,3,0,13,20.9302,0
oma_e40,4,4,15,3,0,14,22.2798,1
oma_e40,4,4,15,3,0,15,21.9764,1
oma_e40,4,4,15,3,0,16,25.7230,0
oma_e40,4,4,15,3,0,17,23.4557,0
oma_e40,4,4,15,3,0,18,22.7919,0
oma_e40,4,4,15,3,0,19,18.3474,1
oma_e40,4,4,15,3,0,20,22.1888,0
oma_e40,4,4,15,3,0,21,18.1339,0
oma_e40,4,4,15,3,0,22,28.2380,0
oma_e40,4,4,15,3,0,23,19.6465,1
oma_e40,4,4,15,3,0,24,21.1198,0
oma_e40,4,4,15,3,1,0,27.3856,0
oma_e40,4,4,15,3,1,1,20.8366,1
oma_e40,4,4,15,3,1,2,26.0368,0
oma_e40,4,4,15,3,1,3,26.5945,0
oma_e40,4,4,15,3,1,4,21.9489,0
oma_e40,4,4,15,3,1,5,19.7882,0
oma_e40,4,4,15,3,1,6,19.8143,0
oma_e40,4,4,15,3,1,7,22.1493,0
oma_e40,4,4,15,3,1,8,23.6992,0
oma_e40,4,4,15,3,1,9,19.9154,0
oma_e40,4,4,15,3,1,10,20.0219,1
oma_e40,4,4,15,3,1,11,24.1541,0
oma_e40,4,4,15,3,1,12,20.6533,0
oma_e40,4,4,15,3,1,13,23.1535,0
oma_e40,4,4,15,3,1,14,24.1051,1
oma_e40,4,4,15,3,1,15,22.8817,0
oma_e40,4,4,15,3,1,16,22.7394,0
oma_e40,4,4,15,3,1,17,23.9377,1
oma_e40,4,4,15,3,1,18,24.2175,0
oma_e40,4,4,15,3,1,19,19.7174,1
oma_e40,4,4,15,3,1,20,28.8499,0
oma_e40,4,4,15,3,1,21,23.5393,0
oma_e40,4,4,15,3,1,22,22.2435,0
oma_e40,4,4,15,3,1,23,17.1208,0
oma_e40,4,4,15,3,1,24,20.8604,0
oma_e40,4,4,15,3,2,0,21.7047,1
oma_e40,4,4,15,3,2,1,22.6341,0
oma_e40,4,4,15,3,2,2,25.3474,0
oma_e40,4,4,15,3,2,3,22.5133,0
oma_e40,4,4,15,3,2,4,26.0996,0
oma_e40,4,4,15,3,2,5,22.9888,0
oma_e40,4,4,15,3,2,6,19.8156,0
oma_e40,4,4,15,3,2,7,21.9204,0
oma_e40,4,4,15,3,2,8,18.9792,1
oma_e40,4,4,15,3,2,9,22.6581,0
oma_e40,4,4,15,3,2,10,22.1733,0
oma_e40,4,4,15,3,2,11,26.0030,1
oma_e40,4,4,15,3,2,12,19.7761,0
oma_e40,4,4,15,3,2,13,21.6735,0
oma_e40,4,4,15,3,2,14,26.0480,1
oma_e40,4,4,15,3,2,15,24.8526,1
oma_e40,4,4,15,3,2,16,24.7499,0
oma_e40,4,4,15,3,2,17,23.7628,1
oma_e40,4,4,15,3,2,18,21.1174,0
oma_e40,4,4,15,3,2,19,19.2842,1
oma_e40,4,4,15,3,2,20,20.9216,0
oma_e40,4,4,15,3,2,21,20.9722,0
oma_e40,4,4,15,3,2,22,24.1277,0
oma_e40,4,4,15,3,2,23,21.4461,0
oma_e40,4,4,15,3,2,24,27.4547,0
oma_e40,4,4,15,3,3,0,23.0210,1
oma_e40,4,4,15,3,3,1,19.8055,1
oma_e40,4,4,15,3,3,2,23.1530,0
oma_e40,4,4,15,3,3,3,21.4097,0
oma_e40,4,4,15,3,3,4,22.9204,0
oma_e40,4,4,15,3,3,5,19.8298,1
oma_e40,4,4,15,3,3,6,18.5176,0
oma_e40,4,4,15,3,3,7,22.7961,1
oma_e40,4,4,15,3,3,8,24.4308,0
oma_e40,4,4,15,3,3,9,27.0974,0
oma_e40,4,4,15,3,3,10,24.0127,0
oma_e40,4,4,15,3,3,11,22.3115,1
oma_e40,4,4,15,3,3,12,18.1887,0
oma_e40,4,4,15,3,3,13,20.8485,0
oma_e40,4,4,15,3,3,14,20.2140,0
oma_e40,4,4,15,3,3,15,19.3910,1
oma_e40,4,4,15,3,3,16,24.8240,0
oma_e40,4,4,15,3,3,17,23.8133,0
oma_e40,4,4,15,3,3,18,29.9962,0
oma_e40,4,4,15,3,3,19,15.7428,0
oma_e40,4,4,15,3,3,20,26.2048,0
oma_e40,4,4,15,3,3,21,29.0435,0
oma_e40,4,4,15,3,3,22,24.8489,0
oma_e40,4,4,15,3,3,23,20.3527,0
oma_e40,4,4,15,3,3,24,24.8991,0
oma_e40,4,4,15,3,0,25,19.0644,1
oma_e40,4,4,15,3,0,26,24.1044,0
oma_e40,4,4,15,3,0,27,23.5112,0
oma_e40,4,4,15,3,0,28,23.5944,0
oma_e40,4,4,15,3,0,29,21.1477,0
oma_e40,4,4,15,3,0,30,22.1094,1
oma_e40,4,4,15,3,0,31,22.8609,0
oma_e40,4,4,15,3,0,32,20.7567,1
oma_e40,4,4,15,3,0,33,25.6255,0
oma_e40,4,4,15,3,0,34,22.3153,0
oma_e40,4,4,15,3,0,35,22.0401,0
oma_e40,4,4,15,3,0,36,22.4789,0
oma_e40,4,4,15,3,0,37,25.4851,0
oma_e40,4,4,15,3,0,38,21.3448,1
oma_e40,4,4,15,3,0,39,25.9996,0
oma_e40,4,4,15,3,0,40,26.8289,0
oma_e40,4,4,15,3,0,41,22.7435,0
oma_e40,4,4,15,3,0,42,24.6728,0
oma_e40,4,4,15,3,0,43,22.0719,0
oma_e40,4,4,15,3,0,44,24.7064,0
oma_e40,4,4,15,3,0,45,20.4698,1
oma_e40,4,4,15,3,0,46,20.6494,1
oma_e40,4,4,15,3,0,47,22.3245,0
oma_e40,4,4,15,3,0,48,20.3163,1
oma_e40,4,4,15,3,0,49,26.7502,0
oma_e40,4,4,15,3,1,25,24.2002,0
oma_e40,4,4,15,3,1,26,22.3549,0
oma_e40,4,4,15,3,1,27,20.9732,0
oma_e40,4,4,15,3,1,28,22.2314,0
oma_e40,4,4,15,3,1,29,22.4530,0
oma_e40,4,4,15,3,1,30,22.5022,0
oma_e40,4,4,15,3,1,31,21.7192,0
oma_e40,4,4,15,3,1,32,24.5106,0
oma_e40,4,4,15,3,1,33,30.2759,0
oma_e40,4,4,15,3,1,34,22.1160,0
oma_e40,4,4,15,3,1,35,24.7211,0
oma_e40,4,4,15,3,1,36,26.3324,0
oma_e40,4,4,15,3,1,37,21.1509,0
oma_e40,4,4,15,3,1,38,19.5022,0
oma_e40,4,4,15,3,1,39,22.9942,1
oma_e40,4,4,15,3,1,40,25.7600,0
oma_e40,4,4,15,3,1,41,26.9847,0
oma_e40,4,4,15,3,1,42,31.3935,1
oma_e40,4,4,15,3,1,43,22.1926,0
oma_e40,4,4,15,3,1,44,17.3238,0
oma_e40,4,4,15,3,1,45,20.5126,1
oma_e40,4,4,15,3,1,46,22.2331,1
oma_e40,4,4,15,3,1,47,18.9135,0
oma_e40,4,4,15,3,1,48,21.8095,0
oma_e40,4,4,15,3,1,49,22.8860,0
oma_e40,4,4,15,3,2,25,23.7063,0
oma_e40,4,4,15,3,2,26,22.8893,0
oma_e40,4,4,15,3,2,27,26.5959,0
oma_e40,4,4,15,3,2,28,25.0149,0
oma_e40,4,4,15,3,2,29,21.3331,0
oma_e40,4,4,15,3,2,30,17.1870,0
oma_e40,4,4,15,3,2,31,28.3876,0
oma_e40,4,4,15,3,2,32,17.7611,0
oma_e40,4,4,15,3,2,33,23.1625,0
oma_e40,4,4,15,3,2,34,23.7539,0
oma_e40,4,4,15,3,2,35,23.3221,0
oma_e40,4,4,15,3,2,36,22.7509,0
oma_e40,4,4,15,3,2,37,18.9195,0
oma_e40,4,4,15,3,2,38,19.3087,1
oma_e40,4,4,15,3,2,39,23.2183,0
oma_e40,4,4,15,3,2,40,25.7234,0
oma_e40,4,4,15,3,2,41,24.4769,0
oma_e40,4,4,15,3,2,42,21.2021,0
oma_e40,4,4,15,3,2,43,25.7296,0
oma_e40,4,4,15,3,2,44,20.5456,0
oma_e40,4,4,15,3,2,45,24.6222,0
oma_e40,4,4,15,3,2,46,21.7310,0
oma_e40,4,4,15,3,2,47,23.3681,0
oma_e40,4,4,15,3,2,48,23.6225,0
oma_e40,4,4,15,3,2,49,22.3636,0
oma_e40,4,4,15,3,3,25,26.0283,0
oma_e40,4,4,15,3,3,26,23.5544,0
oma_e40,4,4,15,3,3,27,21.6242,0
oma_e40,4,4,15,3,3,28,24.3208,0
oma_e40,4,4,15,3,3,29,23.6065,1
oma_e40,4,4,15,3,3,30,24.8984,1
oma_e40,4,4,15,3,3,31,21.2100,0
oma_e40,4,4,15,3,3,32,24.3284,0
oma_e40,4,4,15,3,3,33,29.9814,0
oma_e40,4,4,15,3,3,34,22.4033,1
oma_e40,4,4,15,3,3,35,24.6253,0
oma_e40,4,4,15,3,3,36,22.6235,0
oma_e40,4,4,15,3,3,37,20.6840,0
oma_e40,4,4,15,3,3,38,23.1857,1
oma_e40,4,4,15,3,3,39,25.8964,0
oma_e40,4,4,15,3,3,40,26.4244,0
oma_e40,4,4,15,3,3,41,23.1163,1
oma_e40,4,4,15,3,3,42,22.1616,0
oma_e40,4,4,15,3,3,43,22.0211,0
oma_e40,4,4,15,3,3,44,20.9510,1
oma_e40,4,4,15,3,3,45,23.3389,0
oma_e40,4,4,15,3,3,46,23.7605,1
oma_e40,4,4,15,3,3,47,20.9991,0
oma_e40,4,4,15,3,3,48,21.5784,1
oma_e40,4,4,15,3,3,49,23.2838,0
oma_e40,4,4,15,3,0,50,25.3343,0
oma_e40,4,4,15,3,0,51,24.8571,0
oma_e40,4,4,15,3,0,52,18.9395,1
oma_e40,4,4,15,3,0,53,24.8585,0
oma_e40,4,4,15,3,0,54,20.9218,0
oma_e40,4,4,15,3,0,55,17.2192,0
oma_e40,4,4,15,3,0,56,20.4695,0
oma_e40,4,4,15,3,0,57,20.4752,0
oma_e40,4,4,15,3,0,58,25.5576,0
oma_e40,4,4,15,3,0,59,26.1709,1
oma_e40,4,4,15,3,0,60,25.4688,0
oma_e40,4,4,15,3,0,61,24.7690,0
oma_e40,4,4,15,3,0,62,22.8171,1
oma_e40,4,4,15,3,0,63,23.3051,0
oma_e40,4,4,15,3,0,64,25.8615,0
oma_e40,4,4,15,3,0,65,19.8617,0
oma_e40,4,4,15,3,0,66,22.6960,0
oma_e40,4,4,15,3,0,67,27.9754,0
oma_e40,4,4,15,3,0,68,23.7207,0
oma_e40,4,4,15,3,0,69,17.1182,1
oma_e40,4,4,15,3,0,70,28.2371,0
oma_e40,4,4,15,3,0,71,23.7354,0
oma_e40,4,4,15,3,0,72,24.0054,0
oma_e40,4,4,15,3,0,73,26.0743,0
oma_e40,4,4,15,3,0,74,20.3361,1
oma_e40,4,4,15,3,1,50,23.2044,1
oma_e40,4,4,15,3,1,51,23.4279,0
oma_e40,4,4,15,3,1,52,22.9943,0
oma_e40,4,4,15,3,1,53,23.8637,0
oma_e40,4,4,15,3,1,54,17.2743,0
oma_e40,4,4,15,3,1,55,25.5709,0
oma_e40,4,4,15,3,1,56,26.4203,0
oma_e40,4,4,15,3,1,57,22.3779,0
oma_e40,4,4,15,3,1,58,27.0096,0
oma_e40,4,4,15,3,1,59,21.3400,0
oma_e40,4,4,15,3,1,60,27.2368,0
oma_e40,4,4,15,3,1,61,24.1669,0
oma_e40,4,4,15,3,1,62,25.2709,0
oma_e40,4,4,15,3,1,63,30.0867,1
oma_e40,4,4,15,3,1,64,24.7708,0
oma_e40,4,4,15,3,1,65,25.8334,0
oma_e40,4,4,15,3,1,66,24.6471,0
oma_e40,4,4,15,3,1,67,23.1968,0
oma_e40,4,4,15,3,1,68,21.9440,0
oma_e40,4,4,15,3,1,69,18.1584,1
oma_e40,4,4,15,3,1,70,22.7360,0
oma_e40,4,4,15,3,1,71,27.8826,0
oma_e40,4,4,15,3,1,72,25.4879,0
oma_e40,4,4,15,3,1,73,21.0273,0
oma_e40,4,4,15,3,1,74,20.9907,1
oma_e40,4,4,15,3,2,50,21.6612,0
oma_e40,4,4,15,3,2,51,25.3728,0
oma_e40,4,4,15,3,2,52,23.6090,1
oma_e40,4,4,15,3,2,53,22.6844,0
oma_e40,4,4,15,3,2,54,18.8431,0
oma_e40,4,4,15,3,2,55,29.5248,0
oma_e40,4,4,15,3,2,56,28.0412,0
oma_e40,4,4,15,3,2,57,25.6944,0
oma_e40,4,4,15,3,2,58,22.6974,0
oma_e40,4,4,15,3,2,59,21.8093,0
oma_e40,4,4,15,3,2,60,21.2818,0
oma_e40,4,4,15,3,2,61,23.7743,0
oma_e40,4,4,15,3,2,62,21.7019,0
oma_e40,4,4,15,3,2,63,22.6635,0
oma_e40,4,4,15,3,2,64,19.8066,0
oma_e40,4,4,15,3,2,65,24.2970,0
oma_e40,4,4,15,3,2,66,22.8073,0
oma_e40,4,4,15,3,2,67,23.6115,0
oma_e40,4,4,15,3,2,68,22.1299,0
oma_e40,4,4,15,3,2,69,19.2142,1
oma_e40,4,4,15,3,2,70,22.2768,0
oma_e40,4,4,15,3,2,71,24.0628,0
oma_e40,4,4,15,3,2,72,23.7807,0
oma_e40,4,4,15,3,2,73,20.8408,0
oma_e40,4,4,15,3,2,74,18.1873,1
oma_e40,4,4,15,3,3,50,22.1800,0
oma_e40,4,4,15,3,3,51,27.5356,0
oma_e40,4,4,15,3,3,52,22.2611,0
oma_e40,4,4,15,3,3,53,21.8227,0
oma_e40,4,4,15,3,3,54,24.2578,1
oma_e40,4,4,15,3,3,55,24.1497,0
oma_e40,4,4,15,3,3,56,30.3078,0
oma_e40,4,4,15,3,3,57,23.3230,0
oma_e40,4,4,15,3,3,58,24.0740,0
oma_e40,4,4,15,3,3,59,26.8259,0
oma_e40,4,4,15,3,3,60,24.5812,0
oma_e40,4,4,15,3,3,61,26.1527,0
oma_e40,4,4,15,3,3,62,21.8288,0
oma_e40,4,4,15,3,3,63,25.5121,0
oma_e40,4,4,15,3,3,64,26.7064,0
oma_e40,4,4,15,3,3,65,26.3984,1
oma_e40,4,4,15,3,3,66,24.2318,0
oma_e40,4,4,15,3,3,67,21.8827,0
oma_e40,4,4,15,3,3,68,25.3297,0
oma_e40,4,4,15,3,3,69,18.6598,1
oma_e40,4,4,15,3,3,70,25.4164,0
oma_e40,4,4,15,3,3,71,23.2052,0
oma_e40,4,4,15,3,3,72,24.2002,0
oma_e40,4,4,15,3,3,73,25.4809,0
oma_e40,4,4,15,3,3,74,20.5034,1
oma_e40,4,4,15,3,0,75,20.5189,0
oma_e40,4,4,15,3,0,76,26.8812,0
oma_e40,4,4,15,3,0,77,21.4665,0
oma_e40,4,4,15,3,0,78,16.5042,1
oma_e40,4,4,15,3,0,79,25.5724,0
oma_e40,4,4,15,3,0,80,22.7412,0
oma_e40,4,4,15,3,0,81,20.3890,0
oma_e40,4,4,15,3,0,82,20.0877,0
oma_e40,4,4,15,3,0,83,18.6308,1
oma_e40,4,4,15,3,0,84,20.7952,0
oma_e40,4,4,15,3,0,85,21.6809,0
oma_e40,4,4,15,3,0,86,21.4256,1
oma_e40,4,4,15,3,0,87,20.9043,0
oma_e40,4,4,15,3,0,88,23.6178,0
oma_e40,4,4,15,3,0,89,22.8834,0
oma_e40,4,4,15,3,0,90,22.0587,0
oma_e40,4,4,15,3,0,91,21.4227,0
oma_e40,4,4,15,3,0,92,22.5497,1
oma_e40,4,4,15,3,0,93,23.0498,1
oma_e40,4,4,15,3,0,94,22.6046,1
oma_e40,4,4,15,3,0,95,23.3623,0
oma_e40,4,4,15,3,0,96,24.5020,0
oma_e40,4,4,15,3,0,97,23.2006,1
oma_e40,4,4,15,3,0,98,22.9388,0
oma_e40,4,4,15,3,0,99,26.9983,0
oma_e40,4,4,15,3,1,75,22.2241,0
oma_e40,4,4,15,3,1,76,24.9401,0
oma_e40,4,4,15,3,1,77,26.8047,0
oma_e40,4,4,15,3,1,78,15.9215,1
oma_e40,4,4,15,3,1,79,21.7249,1
oma_e40,4,4,15,3,1,80,21.4277,0
oma_e40,4,4,15,3,1,81,25.7548,1
oma_e40,4,4,15,3,1,82,24.6721,0
oma_e40,4,4,15,3,1,83,22.6096,1
oma_e40,4,4,15,3,1,84,19.4143,1
oma_e40,4,4,15,3,1,85,25.7214,1
oma_e40,4,4,15,3,1,86,25.9335,0
oma_e40,4,4,15,3,1,87,25.3171,1
oma_e40,4,4,15,3,1,88,22.9356,1
oma_e40,4,4,15,3,1,89,23.5559,0
oma_e40,4,4,15,3,1,90,20.4635,1
oma_e40,4,4,15,3,1,91,21.0818,0
oma_e40,4,4,15,3,1,92,22.2218,0
oma_e40,4,4,15,3,1,93,23.1424,0
oma_e40,4,4,15,3,1,94,24.4631,0
oma_e40,4,4,15,3,1,95,21.6896,0
oma_e40,4,4,15,3,1,96,21.9399,0
oma_e40,4,4,15,3,1,97,25.3884,0
oma_e40,4,4,15,3,1,98,20.1399,0
oma_e40,4,4,15,3,1,99,25.3764,0
oma_e40,4,4,15,3,2,75,19.0431,1
oma_e40,4,4,15,3,2,76,24.6881,0
oma_e40,4,4,15,3,2,77,22.7029,0
oma_e40,4,4,15,3,2,78,17.2883,1
oma_e40,4,4,15,3,2,79,18.6228,0
oma_e40,4,4,15,3,2,80,24.7924,0
oma_e40,4,4,15,3,2,81,22.6032,1
oma_e40,4,4,15,3,2,82,20.7911,0
oma_e40,4,4,15,3,2,83,22.1577,0
oma_e40,4,4,15,3,2,84,24.6987,0
oma_e40,4,4,15,3,2,85,20.8859,1
oma_e40,4,4,15,3,2,86,23.4110,0
oma_e40,4,4,15,3,2,87,24.3905,0
oma_e40,4,4,15,3,2,88,25.1441,0
oma_e40,4,4,15,3,2,89,22.3597,0
oma_e40,4,4,15,3,2,90,23.3875,0
oma_e40,4,4,15,3,2,91,21.2045,1
oma_e40,4,4,15,3,2,92,21.5104,1
oma_e40,4,4,15,3,2,93,23.9804,1
oma_e40,4,4,15,3,2,94,20.8005,0
oma_e40,4,4,15,3,2,95,26.9913,0
oma_e40,4,4,15,3,2,96,22.5572,1
oma_e40,4,4,15,3,2,97,23.2462,0
oma_e40,4,4,15,3,2,98,24.4261,0
oma_e40,4,4,15,3,2,99,22.3103,0
oma_e40,4,4,15,3,3,75,28.1177,0
oma_e40,4,4,15,3,3,76,25.6395,1
oma_e40,4,4,15,3,3,77,24.3318,0
oma_e40,4,4,15,3,3,78,16.5711,1
oma_e40,4,4,15,3,3,79,22.5238,0
oma_e40,4,4,15,3,3,80,27.1199,0
oma_e40,4,4,15,3,3,81,21.6951,0
oma_e40,4,4,15,3,3,82,21.6339,0
oma_e40,4,4,15,3,3,83,24.2572,1
oma_e40,4,4,15,3,3,84,24.7658,1
oma_e40,4,4,15,3,3,85,22.5130,0
oma_e40,4,4,15,3,3,86,21.3749,1
oma_e40,4,4,15,3,3,87,18.2691,0
oma_e40,4,4,15,3,3,88,24.6538,0
oma_e40,4,4,15,3,3,89,25.0299,0
oma_e40,4,4,15,3,3,90,19.1425,0
oma_e40,4,4,15,3,3,91,22.2230,0
oma_e40,4,4,15,3,3,92,21.6660,1
oma_e40,4,4,15,3,3,93,23.3276,0
oma_e40,4,4,15,3,3,94,25.1286,0
oma_e40,4,4,15,3,3,95,20.1922,0
oma_e40,4,4,15,3,3,96,22.0958,0
oma_e40,4,4,15,3,3,97,21.8698,0
oma_e40,4,4,15,3,3,98,22.5040,0
oma_e40,4,4,15,3,3,99,28.5378,0
oma_e40,4,4,15,3,0,100,19.8549,0
oma_e40,4,4,15,3,0,101,25.6396,0
oma_e40,4,4,15,3,0,102,23.9764,0
oma_e40,4,4,15,3,0,103,20.5384,0
oma_e40,4,4,15,3,0,104,22.3799,0
oma_e40,4,4,15,3,0,105,23.7397,0
oma_e40,4,4,15,3,0,106,21.7195,1
oma_e40,4,4,15,3,0,107,23.0322,1
oma_e40,4,4,15,3,0,108,21.4980,0
oma_e40,4,4,15,3,0,109,23.9610,0
oma_e40,4,4,15,3,0,110,20.7878,0
oma_e40,4,4,15,3,0,111,24.5598,0
oma_e40,4,4,15,3,0,112,22.8879,0
oma_e40,4,4,15,3,0,113,25.5804,0
oma_e40,4,4,15,3,0,114,24.2089,0
oma_e40,4,4,15,3,0,115,22.7312,0
oma_e40,4,4,15,3,0,116,22.4857,0
oma_e40,4,4,15,3,0,117,23.2517,0
oma_e40,4,4,15,3,0,118,24.8877,1
oma_e40,4,4,15,3,0,119,24.8128,0
oma_e40,4,4,15,3,0,120,17.9978,1
oma_e40,4,4,15,3,0,121,25.3710,0
oma_e40,4,4,15,3,0,122,18.6045,0
oma_e40,4,4,15,3,0,123,19.9603,0
oma_e40,4,4,15,3,0,124,21.5906,0
oma_e40,4,4,15,3,1,100,23.3872,0
oma_e40,4,4,15,3,1,101,21.3455,0
oma_e40,4,4,15,3,1,102,21.3376,1
oma_e40,4,4,15,3,1,103,24.3491,0
oma_e40,4,4,15,3,1,104,21.2927,1
oma_e40,4,4,15,3,1,105,30.2259,0
oma_e40,4,4,15,3,1,106,22.5558,1
oma_e40,4,4,15,3,1,107,28.3971,0
oma_e40,4,4,15,3,1,108,19.8945,1
oma_e40,4,4,15,3,1,109,23.5985,0
oma_e40,4,4,15,3,1,110,21.7416,1
oma_e40,4,4,15,3,1,111,24.7884,0
oma_e40,4,4,15,3,1,112,24.6680,0
oma_e40,4,4,15,3,1,113,24.4213,0
oma_e40,4,4,15,3,1,114,22.9748,1
oma_e40,4,4,15,3,1,115,21.8270,1
oma_e40,4,4,15,3,1,116,19.4264,0
oma_e40,4,4,15,3,1,117,24.0658,1
oma_e40,4,4,15,3,1,118,27.5753,0
oma_e40,4,4,15,3,1,119,20.8393,0
oma_e40,4,4,15,3,1,120,18.8655,0
oma_e40,4,4,15,3,1,121,26.4137,0
oma_e40,4,4,15,3,1,122,23.3022,0
oma_e40,4,4,15,3,1,123,27.0450,0
oma_e40,4,4,15,3,1,124,26.0620,0
oma_e40,4,4,15,3,2,100,26.3048,0
oma_e40,4,4,15,3,2,101,24.2668,0
oma_e40,4,4,15,3,2,102,22.1011,1
oma_e40,4,4,15,3,2,103,20.4611,0
oma_e40,4,4,15,3,2,104,25.1986,0
oma_e40,4,4,15,3,2,105,20.9543,0
oma_e40,4,4,15,3,2,106,23.8029,1
oma_e40,4,4,15,3,2,107,20.1572,1
oma_e40,4,4,15,3,2,108,17.8433,1
oma_e40,4,4,15,3,2,109,24.8337,0
oma_e40,4,4,15,3,2,110,25.0335,0
oma_e40,4,4,15,3,2,111,25.0160,0
oma_e40,4,4,15,3,2,112,26.1466,0
oma_e40,4,4,15,3,2,113,23.6042,1
oma_e40,4,4,15,3,2,114,25.7297,0
oma_e40,4,4,15,3,2,115,20.8792,1
oma_e40,4,4,15,3,2,116,20.7398,0
oma_e40,4,4,15,3,2,117,23.2909,1
oma_e40,4,4,15,3,2,118,21.9181,0
oma_e40,4,4,15,3,2,119,24.1027,1
oma_e40,4,4,15,3,2,120,17.4463,1
oma_e40,4,4,15,3,2,121,20.8235,0
oma_e40,4,4,15,3,2,122,23.7204,1
oma_e40,4,4,15,3,2,123,28.6342,0
oma_e40,4,4,15,3,2,124,24.2552,0
oma_e40,4,4,15,3,3,100,24.7977,0
oma_e40,4,4,15,3,3,101,22.8004,0
oma_e40,4,4,15,3,3,102,23.2757,0
oma_e40,4,4,15,3,3,103,22.0211,0
oma_e40,4,4,15,3,3,104,24.8859,0
oma_e40,4,4,15,3,3,105,22.4368,0
oma_e40,4,4,15,3,3,106,25.6823,0
oma_e40,4,4,15,3,3,107,22.8589,0
oma_e40,4,4,15,3,3,108,16.6322,1
oma_e40,4,4,15,3,3,109,20.8760,1
oma_e40,4,4,15,3,3,110,25.5004,0
oma_e40,4,4,15,3,3,111,24.2486,0
oma_e40,4,4,15,3,3,112,25.4445,0
oma_e40,4,4,15,3,3,113,21.7399,0
oma_e40,4,4,15,3,3,114,21.4810,1
oma_e40,4,4,15,3,3,115,21.0882,1
oma_e40,4,4,15,3,3,116,24.9792,1
oma_e40,4,4,15,3,3,117,22.0923,0
oma_e40,4,4,15,3,3,118,25.0252,0
oma_e40,4,4,15,3,3,119,22.0387,0
oma_e40,4,4,15,3,3,120,17.3688,1
oma_e40,4,4,15,3,3,121,21.4269,0
oma_e40,4,4,15,3,3,122,27.8238,0
oma_e40,4,4,15,3,3,123,25.0290,0
oma_e40,4,4,15,3,3,124,22.1473,0
oma_e40,4,4,15,3,0,125,20.8275,0
oma_e40,4,4,15,3,0,126,23.3842,0
oma_e40,4,4,15,3,0,127,24.1312,0
oma_e40,4,4,15,3,0,128,22.5128,0
oma_e40,4,4,15,3,0,129,18.8765,0
oma_e40,4,4,15,3,0,130,26.9109,0
oma_e40,4,4,15,3,0,131,20.0174,1
oma_e40,4,4,15,3,0,132,23.1438,1
oma_e40,4,4,15,3,0,133,23.5625,0
oma_e40,4,4,15,3,0,134,23.3069,1
oma_e40,4,4,15,3,0,135,23.9537,1
oma_e40,4,4,15,3,0,136,25.4156,0
oma_e40,4,4,15,3,0,137,21.4534,1
oma_e40,4,4,15,3,0,138,20.1793,0
oma_e40,4,4,15,3,0,139,22.1165,1
oma_e40,4,4,15,3,0,140,19.3273,0
oma_e40,4,4,15,3,0,141,20.8004,1
oma_e40,4,4,15,3,0,142,26.7066,0
oma_e40,4,4,15,3,0,143,24.8811,0
oma_e40,4,4,15,3,0,144,24.3351,0
oma_e40,4,4,15,3,0,145,26.1494,0
oma_e40,4,4,15,3,0,146,27.8892,0
oma_e40,4,4,15,3,0,147,23.9783,0
oma_e40,4,4,15,3,0,148,22.8181,0
oma_e40,4,4,15,3,0,149,23.4111,1
oma_e40,4,4,15,3,1,125,25.3274,0
oma_e40,4,4,15,3,1,126,21.3804,1
oma_e40,4,4,15,3,1,127,23.7365,0
oma_e40,4,4,15,3,1,128,23.6757,1
oma_e40,4,4,15,3,1,129,20.5469,1
oma_e40,4,4,15,3,1,130,18.0668,1
oma_e40,4,4,15,3,1,131,22.2584,0
oma_e40,4,4,15,3,1,132,20.7403,0
oma_e40,4,4,15,3,1,133,25.2841,0
oma_e40,4,4,15,3,1,134,22.3902,0
oma_e40,4,4,15,3,1,135,25.3335,0
oma_e40,4,4,15,3,1,136,24.7608,0
oma_e40,4,4,15,3,1,137,22.6537,1
oma_e40,4,4,15,3,1,138,20.2794,0
oma_e40,4,4,15,3,1,139,21.9272,0
oma_e40,4,4,15,3,1,140,24.0015,1
oma_e40,4,4,15,3,1,141,20.3530,0
oma_e40,4,4,15,3,1,142,21.9189,0
oma_e40,4,4,15,3,1,143,20.7332,0
oma_e40,4,4,15,3,1,144,25.9603,1
oma_e40,4,4,15,3,1,145,25.1348,0
oma_e40,4,4,15,3,1,146,27.0828,0
oma_e40,4,4,15,3,1,147,28.1588,0
oma_e40,4,4,15,3,1,148,22.7640,0
oma_e40,4,4,15,3,1,149,21.0347,0
oma_e40,4,4,15,3,2,125,23.6509,0
oma_e40,4,4,15,3,2,126,21.4315,1
oma_e40,4,4,15,3,2,127,23.2720,1
oma_e40,4,4,15,3,2,128,21.5227,1
oma_e40,4,4,15,3,2,129,20.9908,0
oma_e40,4,4,15,3,2,130,21.9013,0
oma_e40,4,4,15,3,2,131,29.9844,0
oma_e40,4,4,15,3,2,132,25.3520,0
oma_e40,4,4,15,3,2,133,20.1953,1
oma_e40,4,4,15,3,2,134,20.8960,0
oma_e40,4,4,15,3,2,135,25.6742,0
oma_e40,4,4,15,3,2,136,22.8147,0
oma_e40,4,4,15,3,2,137,22.0120,0
oma_e40,4,4,15,3,2,138,22.3107,1
oma_e40,4,4,15,3,2,139,21.9375,0
oma_e40,4,4,15,3,2,140,23.8098,0
oma_e40,4,4,15,3,2,141,23.3918,0
oma_e40,4,4,15,3,2,142,24.4200,0
oma_e40,4,4,15,3,2,143,24.9596,0
oma_e40,4,4,15,3,2,144,23.3665,0
oma_e40,4,4,15,3,2,145,24.4475,0
oma_e40,4,4,15,3,2,146,22.1913,0
oma_e40,4,4,15,3,2,147,21.6536,0
oma_e40,4,4,15,3,2,148,23.5998,1
oma_e40,4,4,15,3,2,149,18.8916,1
oma_e40,4,4,15,3,3,125,25.7744,0
oma_e40,4,4,15,3,3,126,19.8976,0
oma_e40,4,4,15,3,3,127,23.1093,0
oma_e40,4,4,15,3,3,128,27.0805,0
oma_e40,4,4,15,3,3,129,20.8697,1
oma_e40,4,4,15,3,3,130,24.5697,1
oma_e40,4,4,15,3,3,131,26.7266,0
oma_e40,4,4,15,3,3,132,24.3241,0
oma_e40,4,4,15,3,3,133,19.9520,0
oma_e40,4,4,15,3,3,134,20.4332,0
oma_e40,4,4,15,3,3,135,23.0064,0
oma_e40,4,4,15,3,3,136,21.4493,0
oma_e40,4,4,15,3,3,137,18.6063,0
oma_e40,4,4,15,3,3,138,20.0803,0
oma_e40,4,4,15,3,3,139,21.0407,0
oma_e40,4,4,15,3,3,140,20.7793,1
oma_e40,4,4,15,3,3,141,24.8225,0
oma_e40,4,4,15,3,3,142,23.6751,0
oma_e40,4,4,15,3,3,143,27.2760,0
oma_e40,4,4,15,3,3,144,25.8964,0
oma_e40,4,4,15,3,3,145,25.2025,0
oma_e40,4,4,15,3,3,146,19.6782,0
oma_e40,4,4,15,3,3,147,19.7928,0
oma_e40,4,4,15,3,3,148,22.3026,0
oma_e40,4,4,15,3,3,149,19.7978,0
oma_e40,4,4,15,3,0,150,19.4366,0
oma_e40,4,4,15,3,0,151,24.5980,0
oma_e40,4,4,15,3,0,152,23.9902,0
oma_e40,4,4,15,3,0,153,21.5063,0
oma_e40,4,4,15,3,0,154,18.1201,0
oma_e40,4,4,15,3,0,155,25.1178,0
oma_e40,4,4,15,3,0,156,25.2440,0
oma_e40,4,4,15,3,0,157,21.9109,1
oma_e40,4,4,15,3,0,158,25.3340,0
oma_e40,4,4,15,3,0,159,19.5867,0
oma_e40,4,4,15,3,0,160,21.3244,0
oma_e40,4,4,15,3,0,161,25.0719,1
oma_e40,4,4,15,3,0,162,25.0374,0
oma_e40,4,4,15,3,0,163,24.1935,0
oma_e40,4,4,15,3,0,164,22.0464,0
oma_e40,4,4,15,3,0,165,20.7907,0
oma_e40,4,4,15,3,0,166,26.0867,0
oma_e40,4,4,15,3,0,167,22.4549,1
oma_e40,4,4,15,3,0,168,24.3036,0
oma_e40,4,4,15,3,0,169,25.5396,0
oma_e40,4,4,15,3,0,170,22.5708,0
oma_e40,4,4,15,3,0,171,23.0589,1
oma_e40,4,4,15,3,0,172,21.5396,1
oma_e40,4,4,15,3,0,173,24.4620,1
oma_e40,4,4,15,3,0,174,18.8015,0
oma_e40,4,4,15,3,1,150,19.4799,1
oma_e40,4,4,15,3,1,151,27.8173,0
oma_e40,4,4,15,3,1,152,22.4032,0
oma_e40,4,4,15,3,1,153,24.9522,0
oma_e40,4,4,15,3,1,154,19.0520,1
oma_e40,4,4,15,3,1,155,28.7964,1
oma_e40,4,4,15,3,1,156,22.9928,0
oma_e40,4,4,15,3,1,157,18.6224,1
oma_e40,4,4,15,3,1,158,19.8777,1
oma_e40,4,4,15,3,1,159,22.7281,1
oma_e40,4,4,15,3,1,160,22.2862,0
oma_e40,4,4,15,3,1,161,26.5871,0
oma_e40,4,4,15,3,1,162,24.1038,0
oma_e40,4,4,15,3,1,163,19.7492,0
oma_e40,4,4,15,3,1,164,22.7788,0
oma_e40,4,4,15,3,1,165,23.0958,0
oma_e40,4,4,15,3,1,166,26.8577,0
oma_e40,4,4,15,3,1,167,23.1389,0
oma_e40,4,4,15,3,1,168,24.5507,0
oma_e40,4,4,15,3,1,169,23.7325,0
oma_e40,4,4,15,3,1,170,27.9958,0
oma_e40,4,4,15,3,1,171,21.1179,0
oma_e40,4,4,15,3,1,172,22.9632,1
oma_e40,4,4,15,3,1,173,21.3477,0
oma_e40,4,4,15,3,1,174,27.1442,0
oma_e40,4,4,15,3,2,150,22.6671,0
oma_e40,4,4,15,3,2,151,18.9759,0
oma_e40,4,4,15,3,2,152,27.7599,0
oma_e40,4,4,15,3,2,153,22.8419,0
oma_e40,4,4,15,3,2,154,30.6452,1
oma_e40,4,4,15,3,2,155,24.7141,0
oma_e40,4,4,15,3,2,156,23.2824,1
oma_e40,4,4,15,3,2,157,19.6218,1
oma_e40,4,4,15,3,2,158,27.6383,0
oma_e40,4,4,15,3,2,159,23.2206,0
oma_e40,4,4,15,3,2,160,20.6276,0
oma_e40,4,4,15,3,2,161,22.8469,0
oma_e40,4,4,15,3,2,162,20.6784,0
oma_e40,4,4,15,3,2,163,25.1054,1
oma_e40,4,4,15,3,2,164,26.3587,0
oma_e40,4,4,15,3,2,165,24.3620,0
oma_e40,4,4,15,3,2,166,21.5821,0
oma_e40,4,4,15,3,2,167,24.4923,0
oma_e40,4,4,15,3,2,168,24.4736,0
oma_e40,4,4,15,3,2,169,21.8197,0
oma_e40,4,4,15,3,2,170,24.4120,0
oma_e40,4,4,15,3,2,171,24.6727,0
oma_e40,4,4,15,3,2,172,23.1757,0
oma_e40,4,4,15,3,2,173,19.5238,0
oma_e40,4,4,15,3,2,174,19.1465,0
oma_e40,4,4,15,3,3,150,20.4702,1
oma_e40,4,4,15,3,3,151,23.0808,0
oma_e40,4,4,15,3,3,152,26.3600,0
oma_e40,4,4,15,3,3,153,20.2762,1
oma_e40,4,4,15,3,3,154,28.1828,0
oma_e40,4,4,15,3,3,155,25.4840,1
oma_e40,4,4,15,3,3,156,21.2404,0
oma_e40,4,4,15,3,3,157,29.6095,0
oma_e40,4,4,15,3,3,158,20.4806,0
oma_e40,4,4,15,3,3,159,23.9786,0
oma_e40,4,4,15,3,3,160,25.2659,0
oma_e40,4,4,15,3,3,161,20.5181,0
oma_e40,4,4,15,3,3,162,20.4305,0
oma_e40,4,4,15,3,3,163,22.5730,1
oma_e40,4,4,15,3,3,164,25.0221,0
oma_e40,4,4,15,3,3,165,22.7349,0
oma_e40,4,4,15,3,3,166,23.4430,1
oma_e40,4,4,15,3,3,167,24.8165,0
oma_e40,4,4,15,3,3,168,23.5313,1
oma_e40,4,4,15,3,3,169,24.4327,0
oma_e40,4,4,15,3,3,170,27.6736,0
oma_e40,4,4,15,3,3,171,22.1978,0
oma_e40,4,4,15,3,3,172,21.5764,0
oma_e40,4,4,15,3,3,173,20.9815,1
oma_e40,4,4,15,3,3,174,25.7998,0
oma_e40,4,4,15,3,0,175,28.7523,0
oma_e40,4,4,15,3,0,176,24.7906,1
oma_e40,4,4,15,3,0,177,25.1868,0
oma_e40,4,4,15,3,0,178,25.5620,0
oma_e40,4,4,15,3,0,179,24.6684,0
oma_e40,4,4,15,3,0,180,24.5636,0
oma_e40,4,4,15,3,0,181,22.1666,0
oma_e40,4,4,15,3,0,182,23.5012,0
oma_e40,4,4,15,3,0,183,22.8896,0
oma_e40,4,4,15,3,0,184,24.6935,0
oma_e40,4,4,15,3,0,185,22.7622,0
oma_e40,4,4,15,3,0,186,21.1008,1
oma_e40,4,4,15,3,0,187,27.0534,0
oma_e40,4,4,15,3,0,188,19.7112,0
oma_e40,4,4,15,3,0,189,25.8991,0
oma_e40,4,4,15,3,0,190,23.5126,0
oma_e40,4,4,15,3,0,191,24.1492,0
oma_e40,4,4,15,3,0,192,25.1023,1
oma_e40,4,4,15,3,0,193,26.8192,0
oma_e40,4,4,15,3,0,194,21.5238,0
oma_e40,4,4,15,3,0,195,24.3244,0
oma_e40,4,4,15,3,0,196,27.9716,0
oma_e40,4,4,15,3,0,197,29.7308,0
oma_e40,4,4,15,3,0,198,25.0385,0
oma_e40,4,4,15,3,0,199,27.1812,0
oma_e40,4,4,15,3,1,175,23.9182,0
oma_e40,4,4,15,3,1,176,20.8449,0
oma_e40,4,4,15,3,1,177,24.4301,0
oma_e40,4,4,15,3,1,178,29.0552,0
oma_e40,4,4,15,3,1,179,24.0399,0
oma_e40,4,4,15,3,1,180,22.6919,0
oma_e40,4,4,15,3,1,181,20.2238,0
oma_e40,4,4,15,3,1,182,22.9549,0
oma_e40,4,4,15,3,1,183,20.6979,1
oma_e40,4,4,15,3,1,184,23.7642,1
oma_e40,4,4,15,3,1,185,19.8406,1
oma_e40,4,4,15,3,1,186,19.6501,1
oma_e40,4,4,15,3,1,187,23.2624,0
oma_e40,4,4,15,3,1,188,22.3127,0
oma_e40,4,4,15,3,1,189,22.4519,0
oma_e40,4,4,15,3,1,190,24.4671,0
oma_e40,4,4,15,3,1,191,22.0390,0
oma_e40,4,4,15,3,1,192,23.0121,0
oma_e40,4,4,15,3,1,193,24.3898,0
oma_e40,4,4,15,3,1,194,22.9354,0
oma_e40,4,4,15,3,1,195,22.9722,0
oma_e40,4,4,15,3,1,196,20.8426,0
oma_e40,4,4,15,3,1,197,25.2766,0
oma_e40,4,4,15,3,1,198,23.2631,0
oma_e40,4,4,15,3,1,199,19.7811,0
oma_e40,4,4,15,3,2,175,20.4217,0
oma_e40,4,4,15,3,2,176,23.1068,1
oma_e40,4,4,15,3,2,177,27.2739,0
oma_e40,4,4,15,3,2,178,21.3252,1
oma_e40,4,4,15,3,2,179,24.5693,0
oma_e40,4,4,15,3,2,180,21.1564,0
oma_e40,4,4,15,3,2,181,21.7531,1
oma_e40,4,4,15,3,2,182,21.3874,0
oma_e40,4,4,15,3,2,183,23.4299,0
oma_e40,4,4,15,3,2,184,22.2819,0
oma_e40,4,4,15,3,2,185,25.6458,0
oma_e40,4,4,15,3,2,186,19.3928,0
oma_e40,4,4,15,3,2,187,25.9248,0
oma_e40,4,4,15,3,2,188,24.1472,0
oma_e40,4,4,15,3,2,189,24.2512,0
oma_e40,4,4,15,3,2,190,24.3181,0
oma_e40,4,4,15,3,2,191,23.7198,1
oma_e40,4,4,15,3,2,192,25.9490,0
oma_e40,4,4,15,3,2,193,26.1121,0
oma_e40,4,4,15,3,2,194,22.5184,0
oma_e40,4,4,15,3,2,195,31.8119,0
oma_e40,4,4,15,3,2,196,20.9547,0
oma_e40,4,4,15,3,2,197,27.5675,1
oma_e40,4,4,15,3,2,198,24.3507,0
oma_e40,4,4,15,3,2,199,24.2144,0
oma_e40,4,4,15,3,3,175,26.8959,0
oma_e40,4,4,15,3,3,176,19.8787,0
oma_e40,4,4,15,3,3,177,25.6024,0
oma_e40,4,4,15,3,3,178,25.6993,0
oma_e40,4,4,15,3,3,179,18.5678,1
oma_e40,4,4,15,3,3,180,21.3089,0
oma_e40,4,4,15,3,3,181,24.1330,0
oma_e40,4,4,15,3,3,182,19.9166,0
oma_e40,4,4,15,3,3,183,15.3342,0
oma_e40,4,4,15,3,3,184,25.7698,0
oma_e40,4,4,15,3,3,185,25.8497,0
oma_e40,4,4,15,3,3,186,23.6305,0
oma_e40,4,4,15,3,3,187,23.6452,0
oma_e40,4,4,15,3,3,188,23.6216,0
oma_e40,4,4,15,3,3,189,23.3477,0
oma_e40,4,4,15,3,3,190,21.4658,0
oma_e40,4,4,15,3,3,191,24.3252,0
oma_e40,4,4,15,3,3,192,25.0154,0
oma_e40,4,4,15,3,3,193,22.3153,0
oma_e40,4,4,15,3,3,194,25.4036,0
oma_e40,4,4,15,3,3,195,26.7331,0
oma_e40,4,4,15,3,3,196,25.1209,0
oma_e40,4,4,15,3,3,197,21.9786,0
oma_e40,4,4,15,3,3,198,24.0397,0
oma_e40,4,4,15,3,3,199,24.6041,0
oma_e40,4,4,15,4,0,0,21.3872,0
oma_e40,4,4,15,4,0,1,25.0865,0
oma_e40,4,4,15,4,0,2,23.5565,0
oma_e40,4,4,15,4,0,3,22.4202,1
oma_e40,4,4,15,4,0,4,22.3260,0
oma_e40,4,4,15,4,0,5,21.1211,0
oma_e40,4,4,15,4,0,6,24.7179,0
oma_e40,4,4,15,4,0,7,19.8606,0
oma_e40,4,4,15,4,0,8,22.7747,0
oma_e40,4,4,15,4,0,9,18.0602,1
oma_e40,4,4,15,4,0,10,23.6918,0
oma_e40,4,4,15,4,0,11,17.5486,0
oma_e40,4,4,15,4,0,12,23.7880,0
oma_e40,4,4,15,4,0,13,20.5180,0
oma_e40,4,4,15,4,0,14,16.4037,1
oma_e40,4,4,15,4,0,15,23.0029,1
oma_e40,4,4,15,4,0,16,25.8594,0
oma_e40,4,4,15,4,0,17,23.4923,0
oma_e40,4,4,15,4,0,18,22.8874,0
oma_e40,4,4,15,4,0,19,22.7645,1
oma_e40,4,4,15,4,0,20,22.3541,0
oma_e40,4,4,15,4,0,21,18.1218,1
oma_e40,4,4,15,4,0,22,28.8876,0
oma_e40,4,4,15,4,0,23,25.1564,0
oma_e40,4,4,15,4,0,24,20.9330,0
oma_e40,4,4,15,4,1,0,26.5471,1
oma_e40,4,4,15,4,1,1,21.4155,1
oma_e40,4,4,15,4,1,2,25.7152,0
oma_e40,4,4,15,4,1,3,25.9342,0
oma_e40,4,4,15,4,1,4,22.1980,0
oma_e40,4,4,15,4,1,5,18.4562,0
oma_e40,4,4,15,4,1,6,21.6017,0
oma_e40,4,4,15,4,1,7,22.9788,0
oma_e40,4,4,15,4,1,8,24.5949,0
oma_e40,4,4,15,4,1,9,16.6799,1
oma_e40,4,4,15,4,1,10,20.6461,1
oma_e40,4,4,15,4,1,11,20.5345,1
oma_e40,4,4,15,4,1,12,27.3891,0
oma_e40,4,4,15,4,1,13,22.6799,1
oma_e40,4,4,15,4,1,14,17.7962,1
oma_e40,4,4,15,4,1,15,24.8798,0
oma_e40,4,4,15,4,1,16,22.8146,0
oma_e40,4,4,15,4,1,17,24.0392,1
oma_e40,4,4,15,4,1,18,24.3366,0
oma_e40,4,4,15,4,1,19,24.6609,0
oma_e40,4,4,15,4,1,20,29.3007,0
oma_e40,4,4,15,4,1,21,23.5496,0
oma_e40,4,4,15,4,1,22,22.4897,0
oma_e40,4,4,15,4,1,23,21.0675,0
oma_e40,4,4,15,4,1,24,20.6208,0
oma_e40,4,4,15,4,2,0,21.1409,0
oma_e40,4,4,15,4,2,1,23.6885,0
oma_e40,4,4,15,4,2,2,25.1067,0
oma_e40,4,4,15,4,2,3,21.9684,0
oma_e40,4,4,15,4,2,4,26.3680,0
oma_e40,4,4,15,4,2,5,20.7395,0
oma_e40,4,4,15,4,2,6,21.9540,0
oma_e40,4,4,15,4,2,7,22.6579,0
oma_e40,4,4,15,4,2,8,19.4793,1
oma_e40,4,4,15,4,2,9,18.6234,1
oma_e40,4,4,15,4,2,10,22.6782,0
oma_e40,4,4,15,4,2,11,22.5063,1
oma_e40,4,4,15,4,2,12,24.2105,0
oma_e40,4,4,15,4,2,13,21.3370,0
oma_e40,4,4,15,4,2,14,18.5718,1
oma_e40,4,4,15,4,2,15,26.4412,1
oma_e40,4,4,15,4,2,16,24.9398,0
oma_e40,4,4,15,4,2,17,23.8097,0
oma_e40,4,4,15,4,2,18,21.0788,0
oma_e40,4,4,15,4,2,19,26.1698,0
oma_e40,4,4,15,4,2,20,21.2007,0
oma_e40,4,4,15,4,2,21,21.0085,0
oma_e40,4,4,15,4,2,22,24.5598,0
oma_e40,4,4,15,4,2,23,27.9253,0
oma_e40,4,4,15,4,2,24,26.9942,0
oma_e40,4,4,15,4,3,0,22.4725,1
oma_e40,4,4,15,4,3,1,20.2005,1
oma_e40,4,4,15,4,3,2,22.8766,0
oma_e40,4,4,15,4,3,3,20.9300,0
oma_e40,4,4,15,4,3,4,23.2060,0
oma_e40,4,4,15,4,3,5,18.3761,1
oma_e40,4,4,15,4,3,6,20.0360,0
oma_e40,4,4,15,4,3,7,23.6886,1
oma_e40,4,4,15,4,3,8,24.9584,0
oma_e40,4,4,15,4,3,9,21.0792,0
oma_e40,4,4,15,4,3,10,25.0114,0
oma_e40,4,4,15,4,3,11,19.9609,1
oma_e40,4,4,15,4,3,12,21.6765,0
oma_e40,4,4,15,4,3,13,20.4749,0
oma_e40,4,4,15,4,3,14,15.0808,0
oma_e40,4,4,15,4,3,15,20.3780,0
oma_e40,4,4,15,4,3,16,24.9250,0
oma_e40,4,4,15,4,3,17,23.8491,0
oma_e40,4,4,15,4,3,18,30.2261,0
oma_e40,4,4,15,4,3,19,18.4356,0
oma_e40,4,4,15,4,3,20,26.5215,0
oma_e40,4,4,15,4,3,21,29.4294,0
oma_e40,4,4,15,4,3,22,25.2755,0
oma_e40,4,4,15,4,3,23,26.3050,0
oma_e40,4,4,15,4,3,24,24.4892,0
oma_e40,4,4,15,4,0,25,18.8052,1
oma_e40,4,4,15,4,0,26,23.8863,0
oma_e40,4,4,15,4,0,27,23.3769,0
oma_e40,4,4,15,4,0,28,23.7545,0
oma_e40,4,4,15,4,0,29,20.9797,0
oma_e40,4,4,15,4,0,30,23.0796,0
oma_e40,4,4,15,4,0,31,22.9439,0
oma_e40,4,4,15,4,0,32,21.3297,1
oma_e40,4,4,15,4,0,33,22.8099,0
oma_e40,4,4,15,4,0,34,24.2399,0
oma_e40,4,4,15,4,0,35,21.8387,0
oma_e40,4,4,15,4,0,36,22.3607,0
oma_e40,4,4,15,4,0,37,26.0522,0
oma_e40,4,4,15,4,0,38,22.4661,1
oma_e40,4,4,15,4,0,39,27.1335,0
oma_e40,4,4,15,4,0,40,20.1407,1
oma_e40,4,4,15,4,0,41,21.7898,1
oma_e40,4,4,15,4,0,42,25.9037,0
oma_e40,4,4,15,4,0,43,22.5453,0
oma_e40,4,4,15,4,0,44,23.9629,0
oma_e40,4,4,15,4,0,45,20.4356,1
oma_e40,4,4,15,4,0,46,16.6605,1
oma_e40,4,4,15,4,0,47,23.5662,0
oma_e40,4,4,15,4,0,48,22.0625,0
oma_e40,4,4,15,4,0,49,26.2612,0
oma_e40,4,4,15,4,1,25,23.6218,0
oma_e40,4,4,15,4,1,26,21.9322,0
oma_e40,4,4,15,4,1,27,20.8937,1
oma_e40,4,4,15,4,1,28,22.3777,0
oma_e40,4,4,15,4,1,29,22.2147,0
oma_e40,4,4,15,4,1,30,22.9917,0
oma_e40,4,4,15,4,1,31,21.7559,0
oma_e40,4,4,15,4,1,32,25.5517,0
oma_e40,4,4,15,4,1,33,25.8211,0
oma_e40,4,4,15,4,1,34,24.0577,0
oma_e40,4,4,15,4,1,35,24.0920,0
oma_e40,4,4,15,4,1,36,26.0736,0
oma_e40,4,4,15,4,1,37,21.8587,0
oma_e40,4,4,15,4,1,38,20.7690,0
oma_e40,4,4,15,4,1,39,23.7833,1
oma_e40,4,4,15,4,1,40,19.3776,1
oma_e40,4,4,15,4,1,41,25.2938,0
oma_e40,4,4,15,4,1,42,33.4227,1
oma_e40,4,4,15,4,1,43,22.7095,0
oma_e40,4,4,15,4,1,44,17.1695,0
oma_e40,4,4,15,4,1,45,20.5620,1
oma_e40,4,4,15,4,1,46,16.3336,1
oma_e40,4,4,15,4,1,47,19.6884,0
oma_e40,4,4,15,4,1,48,24.3704,0
oma_e40,4,4,15,4,1,49,22.3818,0
oma_e40,4,4,15,4,2,25,22.9420,0
oma_e40,4,4,15,4,2,26,22.6314,0
oma_e40,4,4,15,4,2,27,26.4002,0
oma_e40,4,4,15,4,2,28,25.3281,0
oma_e40,4,4,15,4,2,29,21.0119,0
oma_e40,4,4,15,4,2,30,17.6264,0
oma_e40,4,4,15,4,2,31,28.1151,0
oma_e40,4,4,15,4,2,32,18.0799,0
oma_e40,4,4,15,4,2,33,20.7679,1
oma_e40,4,4,15,4,2,34,24.9224,0
oma_e40,4,4,15,4,2,35,22.9290,0
oma_e40,4,4,15,4,2,36,22.5892,0
oma_e40,4,4,15,4,2,37,19.6618,0
oma_e40,4,4,15,4,2,38,20.4466,1
oma_e40,4,4,15,4,2,39,24.5520,0
oma_e40,4,4,15,4,2,40,19.3604,1
oma_e40,4,4,15,4,2,41,23.0099,1
oma_e40,4,4,15,4,2,42,21.8713,1
oma_e40,4,4,15,4,2,43,26.6105,0
oma_e40,4,4,15,4,2,44,20.2375,0
oma_e40,4,4,15,4,2,45,24.6456,0
oma_e40,4,4,15,4,2,46,16.4530,1
oma_e40,4,4,15,4,2,47,24.1501,0
oma_e40,4,4,15,4,2,48,25.4922,0
oma_e40,4,4,15,4,2,49,21.8039,0
oma_e40,4,4,15,4,3,25,25.1744,0
oma_e40,4,4,15,4,3,26,22.9992,0
oma_e40,4,4,15,4,3,27,21.4650,0
oma_e40,4,4,15,4,3,28,24.4804,0
oma_e40,4,4,15,4,3,29,23.2034,0
oma_e40,4,4,15,4,3,30,26.1251,0
oma_e40,4,4,15,4,3,31,21.3026,0
oma_e40,4,4,15,4,3,32,25.2853,0
oma_e40,4,4,15,4,3,33,27.4199,0
oma_e40,4,4,15,4,3,34,24.0467,0
oma_e40,4,4,15,4,3,35,24.2244,0
oma_e40,4,4,15,4,3,36,22.5081,1
oma_e40,4,4,15,4,3,37,21.3710,0
oma_e40,4,4,15,4,3,38,25.1414,0
oma_e40,4,4,15,4,3,39,26.8867,0
oma_e40,4,4,15,4,3,40,18.0500,1
oma_e40,4,4,15,4,3,41,21.6205,1
oma_e40,4,4,15,4,3,42,22.6099,0
oma_e40,4,4,15,4,3,43,22.3204,0
oma_e40,4,4,15,4,3,44,20.8540,1
oma_e40,4,4,15,4,3,45,23.3230,0
oma_e40,4,4,15,4,3,46,17.4048,1
oma_e40,4,4,15,4,3,47,21.6276,0
oma_e40,4,4,15,4,3,48,23.2662,0
oma_e40,4,4,15,4,3,49,22.7300,0
oma_e40,4,4,15,4,0,50,25.6861,0
oma_e40,4,4,15,4,0,51,22.5680,0
oma_e40,4,4,15,4,0,52,20.1660,0
oma_e40,4,4,15,4,0,53,19.9551,0
oma_e40,4,4,15,4,0,54,18.9500,1
oma_e40,4,4,15,4,0,55,17.0660,0
oma_e40,4,4,15,4,0,56,20.3980,0
oma_e40,4,4,15,4,0,57,20.6717,0
oma_e40,4,4,15,4,0,58,24.7019,0
oma_e40,4,4,15,4,0,59,26.0050,1
oma_e40,4,4,15,4,0,60,25.1701,0
oma_e40,4,4,15,4,0,61,25.4670,0
oma_e40,4,4,15,4,0,62,21.8668,0
oma_e40,4,4,15,4,0,63,20.7404,1
oma_e40,4,4,15,4,0,64,25.3271,0
oma_e40,4,4,15,4,0,65,20.0669,0
oma_e40,4,4,15,4,0,66,22.7081,0
oma_e40,4,4,15,4,0,67,27.9418,0
oma_e40,4,4,15,4,0,68,23.1182,0
oma_e40,4,4,15,4,0,69,23.2175,0
oma_e40,4,4,15,4,0,70,27.9778,0
oma_e40,4,4,15,4,0,71,23.4635,0
oma_e40,4,4,15,4,0,72,23.0748,0
oma_e40,4,4,15,4,0,73,26.1974,0
oma_e40,4,4,15,4,0,74,22.0743,0
oma_e40,4,4,15,4,1,50,23.4036,1
oma_e40,4,4,15,4,1,51,21.9329,0
oma_e40,4,4,15,4,1,52,24.5373,0
oma_e40,4,4,15,4,1,53,20.0000,1
oma_e40,4,4,15,4,1,54,15.8743,0
oma_e40,4,4,15,4,1,55,25.0581,0
oma_e40,4,4,15,4,1,56,25.9735,0
oma_e40,4,4,15,4,1,57,22.5303,0
oma_e40,4,4,15,4,1,58,26.1378,0
oma_e40,4,4,15,4,1,59,21.2025,0
oma_e40,4,4,15,4,1,60,26.7700,0
oma_e40,4,4,15,4,1,61,25.1248,0
oma_e40,4,4,15,4,1,62,23.5635,0
oma_e40,4,4,15,4,1,63,25.8536,1
oma_e40,4,4,15,4,1,64,23.8843,0
oma_e40,4,4,15,4,1,65,26.8156,0
oma_e40,4,4,15,4,1,66,24.7354,0
oma_e40,4,4,15,4,1,67,22.8204,0
oma_e40,4,4,15,4,1,68,21.5616,0
oma_e40,4,4,15,4,1,69,25.1384,1
oma_e40,4,4,15,4,1,70,22.6351,0
oma_e40,4,4,15,4,1,71,27.4427,0
oma_e40,4,4,15,4,1,72,24.5966,0
oma_e40,4,4,15,4,1,73,21.1357,0
oma_e40,4,4,15,4,1,74,23.6278,0
oma_e40,4,4,15,4,2,50,21.8693,0
oma_e40,4,4,15,4,2,51,22.7826,0
oma_e40,4,4,15,4,2,52,25.4355,0
oma_e40,4,4,15,4,2,53,18.6810,0
oma_e40,4,4,15,4,2,54,17.3719,0
oma_e40,4,4,15,4,2,55,28.8373,0
oma_e40,4,4,15,4,2,56,27.3349,0
oma_e40,4,4,15,4,2,57,26.0684,0
oma_e40,4,4,15,4,2,58,22.0319,0
oma_e40,4,4,15,4,2,59,21.7315,0
oma_e40,4,4,15,4,2,60,21.0349,1
oma_e40,4,4,15,4,2,61,24.2654,0
oma_e40,4,4,15,4,2,62,20.9659,0
oma_e40,4,4,15,4,2,63,20.3845,0
oma_e40,4,4,15,4,2,64,19.4509,0
oma_e40,4,4,15,4,2,65,24.7994,0
oma_e40,4,4,15,4,2,66,22.9205,0
oma_e40,4,4,15,4,2,67,23.2259,0
oma_e40,4,4,15,4,2,68,21.5659,1
oma_e40,4,4,15,4,2,69,27.4217,0
oma_e40,4,4,15,4,2,70,22.1364,0
oma_e40,4,4,15,4,2,71,23.8720,0
oma_e40,4,4,15,4,2,72,23.2978,0
oma_e40,4,4,15,4,2,73,20.9597,0
oma_e40,4,4,15,4,2,74,20.7580,0
oma_e40,4,4,15,4,3,50,22.5006,1
oma_e40,4,4,15,4,3,51,25.1219,0
oma_e40,4,4,15,4,3,52,23.8804,1
oma_e40,4,4,15,4,3,53,17.7109,1
oma_e40,4,4,15,4,3,54,21.9049,1
oma_e40,4,4,15,4,3,55,23.7526,0
oma_e40,4,4,15,4,3,56,29.8356,0
oma_e40,4,4,15,4,3,57,23.5807,0
oma_e40,4,4,15,4,3,58,23.6087,0
oma_e40,4,4,15,4,3,59,26.5753,0
oma_e40,4,4,15,4,3,60,24.3003,0
oma_e40,4,4,15,4,3,61,27.2903,0
oma_e40,4,4,15,4,3,62,21.0284,1
oma_e40,4,4,15,4,3,63,21.7559,1
oma_e40,4,4,15,4,3,64,25.4754,0
oma_e40,4,4,15,4,3,65,26.9850,0
oma_e40,4,4,15,4,3,66,24.1815,0
oma_e40,4,4,15,4,3,67,21.5157,0
oma_e40,4,4,15,4,3,68,24.7364,0
oma_e40,4,4,15,4,3,69,26.7011,0
oma_e40,4,4,15,4,3,70,25.4084,0
oma_e40,4,4,15,4,3,71,22.9688,0
oma_e40,4,4,15,4,3,72,23.4601,0
oma_e40,4,4,15,4,3,73,25.6238,0
oma_e40,4,4,15,4,3,74,23.7261,0
oma_e40,4,4,15,4,0,75,20.5241,0
oma_e40,4,4,15,4,0,76,26.4818,0
oma_e40,4,4,15,4,0,77,21.4027,0
oma_e40,4,4,15,4,0,78,23.9634,0
oma_e40,4,4,15,4,0,79,25.2528,0
oma_e40,4,4,15,4,0,80,22.7151,0
oma_e40,4,4,15,4,0,81,19.1959,1
oma_e40,4,4,15,4,0,82,22.1586,0
oma_e40,4,4,15,4,0,83,19.1075,1
oma_e40,4,4,15,4,0,84,21.0080,0
oma_e40,4,4,15,4,0,85,22.1178,0
oma_e40,4,4,15,4,0,86,21.8313,1
oma_e40,4,4,15,4,0,87,20.9277,0
oma_e40,4,4,15,4,0,88,23.8844,0
oma_e40,4,4,15,4,0,89,23.0768,0
oma_e40,4,4,15,4,0,90,21.9894,0
oma_e40,4,4,15,4,0,91,21.8919,0
oma_e40,4,4,15,4,0,92,24.0263,0
oma_e40,4,4,15,4,0,93,22.4975,1
oma_e40,4,4,15,4,0,94,24.6498,1
oma_e40,4,4,15,4,0,95,22.1306,0
oma_e40,4,4,15,4,0,96,26.4406,0
oma_e40,4,4,15,4,0,97,25.3941,1
oma_e40,4,4,15,4,0,98,25.1008,0
oma_e40,4,4,15,4,0,99,26.7797,0
oma_e40,4,4,15,4,1,75,22.3452,0
oma_e40,4,4,15,4,1,76,24.4231,0
oma_e40,4,4,15,4,1,77,26.6911,0
oma_e40,4,4,15,4,1,78,23.9568,1
oma_e40,4,4,15,4,1,79,21.5251,1
oma_e40,4,4,15,4,1,80,21.3434,0
oma_e40,4,4,15,4,1,81,23.6788,1
oma_e40,4,4,15,4,1,82,28.1614,0
oma_e40,4,4,15,4,1,83,23.3950,1
oma_e40,4,4,15,4,1,84,19.3262,1
oma_e40,4,4,15,4,1,85,26.2456,1
oma_e40,4,4,15,4,1,86,27.2090,0
oma_e40,4,4,15,4,1,87,25.3053,1
oma_e40,4,4,15,4,1,88,23.2706,0
oma_e40,4,4,15,4,1,89,23.7454,0
oma_e40,4,4,15,4,1,90,20.4054,1
oma_e40,4,4,15,4,1,91,21.3450,0
oma_e40,4,4,15,4,1,92,23.1179,0
oma_e40,4,4,15,4,1,93,22.7030,0
oma_e40,4,4,15,4,1,94,26.7249,0
oma_e40,4,4,15,4,1,95,20.9183,0
oma_e40,4,4,15,4,1,96,22.9953,0
oma_e40,4,4,15,4,1,97,28.8716,0
oma_e40,4,4,15,4,1,98,21.6643,0
oma_e40,4,4,15,4,1,99,25.2333,0
oma_e40,4,4,15,4,2,75,19.1435,1
oma_e40,4,4,15,4,2,76,24.2403,0
oma_e40,4,4,15,4,2,77,22.5431,0
oma_e40,4,4,15,4,2,78,24.8872,0
oma_e40,4,4,15,4,2,79,18.4547,0
oma_e40,4,4,15,4,2,80,24.6673,0
oma_e40,4,4,15,4,2,81,20.8241,1
oma_e40,4,4,15,4,2,82,24.5711,0
oma_e40,4,4,15,4,2,83,22.8506,0
oma_e40,4,4,15,4,2,84,25.0025,1
oma_e40,4,4,15,4,2,85,21.3370,0
oma_e40,4,4,15,4,2,86,23.8361,0
oma_e40,4,4,15,4,2,87,24.3605,0
oma_e40,4,4,15,4,2,88,25.5123,0
oma_e40,4,4,15,4,2,89,22.4597,0
oma_e40,4,4,15,4,2,90,23.4593,1
oma_e40,4,4,15,4,2,91,21.5830,0
oma_e40,4,4,15,4,2,92,23.2613,1
oma_e40,4,4,15,4,2,93,23.0679,1
oma_e40,4,4,15,4,2,94,22.2705,0
oma_e40,4,4,15,4,2,95,25.7115,0
oma_e40,4,4,15,4,2,96,23.9074,0
oma_e40,4,4,15,4,2,97,25.3334,0
oma_e40,4,4,15,4,2,98,26.4359,0
oma_e40,4,4,15,4,2,99,22.1766,0
oma_e40,4,4,15,4,3,75,28.4479,0
oma_e40,4,4,15,4,3,76,25.3459,1
oma_e40,4,4,15,4,3,77,24.0485,1
oma_e40,4,4,15,4,3,78,23.2611,0
oma_e40,4,4,15,4,3,79,22.2761,0
oma_e40,4,4,15,4,3,80,26.9582,0
oma_e40,4,4,15,4,3,81,20.5093,0
oma_e40,4,4,15,4,3,82,24.7354,0
oma_e40,4,4,15,4,3,83,25.0464,0
oma_e40,4,4,15,4,3,84,25.0227,1
oma_e40,4,4,15,4,3,85,23.1098,0
oma_e40,4,4,15,4,3,86,21.7038,1
oma_e40,4,4,15,4,3,87,18.3046,0
oma_e40,4,4,15,4,3,88,25.0246,0
oma_e40,4,4,15,4,3,89,25.2026,0
oma_e40,4,4,15,4,3,90,19.1016,0
oma_e40,4,4,15,4,3,91,22.5249,0
oma_e40,4,4,15,4,3,92,23.5692,0
oma_e40,4,4,15,4,3,93,22.7087,0
oma_e40,4,4,15,4,3,94,27.7211,0
oma_e40,4,4,15,4,3,95,19.3488,1
oma_e40,4,4,15,4,3,96,24.7553,0
oma_e40,4,4,15,4,3,97,23.0900,0
oma_e40,4,4,15,4,3,98,24.4807,0
oma_e40,4,4,15,4,3,99,28.5272,0
oma_e40,4,4,15,4,0,100,19.2083,0
oma_e40,4,4,15,4,0,101,25.5272,0
oma_e40,4,4,15,4,0,102,25.0703,0
oma_e40,4,4,15,4,0,103,20.3095,0
oma_e40,4,4,15,4,0,104,21.9127,1
oma_e40,4,4,15,4,0,105,23.6779,0
oma_e40,4,4,15,4,0,106,22.3221,1
oma_e40,4,4,15,4,0,107,22.5965,1
oma_e40,4,4,15,4,0,108,25.5925,0
oma_e40,4,4,15,4,0,109,23.7430,0
oma_e40,4,4,15,4,0,110,20.8961,0
oma_e40,4,4,15,4,0,111,25.2893,0
oma_e40,4,4,15,4,0,112,19.7858,1
oma_e40,4,4,15,4,0,113,25.8491,0
oma_e40,4,4,15,4,0,114,24.0228,0
oma_e40,4,4,15,4,0,115,23.2098,0
oma_e40,4,4,15,4,0,116,23.4290,0
oma_e40,4,4,15,4,0,117,23.3746,0
oma_e40,4,4,15,4,0,118,21.7608,1
oma_e40,4,4,15,4,0,119,26.0794,0
oma_e40,4,4,15,4,0,120,21.5867,0
oma_e40,4,4,15,4,0,121,25.1337,0
oma_e40,4,4,15,4,0,122,18.4182,0
oma_e40,4,4,15,4,0,123,19.7370,0
oma_e40,4,4,15,4,0,124,20.8900,0
oma_e40,4,4,15,4,1,100,22.4647,0
oma_e40,4,4,15,4,1,101,21.3377,1
oma_e40,4,4,15,4,1,102,21.9338,1
oma_e40,4,4,15,4,1,103,23.9044,0
oma_e40,4,4,15,4,1,104,20.6992,1
oma_e40,4,4,15,4,1,105,30.0721,0
oma_e40,4,4,15,4,1,106,23.4930,0
oma_e40,4,4,15,4,1,107,27.5399,0
oma_e40,4,4,15,4,1,108,26.1062,0
oma_e40,4,4,15,4,1,109,23.4904,0
oma_e40,4,4,15,4,1,110,21.9553,1
oma_e40,4,4,15,4,1,111,25.3525,0
oma_e40,4,4,15,4,1,112,21.3227,0
oma_e40,4,4,15,4,1,113,24.6945,0
oma_e40,4,4,15,4,1,114,22.8435,1
oma_e40,4,4,15,4,1,115,22.2479,1
oma_e40,4,4,15,4,1,116,20.0145,0
oma_e40,4,4,15,4,1,117,24.2482,0
oma_e40,4,4,15,4,1,118,22.6665,1
oma_e40,4,4,15,4,1,119,21.4798,0
oma_e40,4,4,15,4,1,120,22.1961,1
oma_e40,4,4,15,4,1,121,26.0236,0
oma_e40,4,4,15,4,1,122,22.1365,0
oma_e40,4,4,15,4,1,123,26.3522,0
oma_e40,4,4,15,4,1,124,24.7491,0
oma_e40,4,4,15,4,2,100,25.0905,0
oma_e40,4,4,15,4,2,101,24.1601,0
oma_e40,4,4,15,4,2,102,23.0834,1
oma_e40,4,4,15,4,2,103,20.2859,0
oma_e40,4,4,15,4,2,104,24.4394,1
oma_e40,4,4,15,4,2,105,20.9246,0
oma_e40,4,4,15,4,2,106,24.2441,0
oma_e40,4,4,15,4,2,107,19.8231,0
oma_e40,4,4,15,4,2,108,21.1065,0
oma_e40,4,4,15,4,2,109,24.7760,0
oma_e40,4,4,15,4,2,110,25.3644,0
oma_e40,4,4,15,4,2,111,26.0021,0
oma_e40,4,4,15,4,2,112,21.6242,1
oma_e40,4,4,15,4,2,113,23.8002,1
oma_e40,4,4,15,4,2,114,25.4747,0
oma_e40,4,4,15,4,2,115,21.1922,1
oma_e40,4,4,15,4,2,116,21.5751,0
oma_e40,4,4,15,4,2,117,23.4408,1
oma_e40,4,4,15,4,2,118,20.0027,1
oma_e40,4,4,15,4,2,119,25.8422,1
oma_e40,4,4,15,4,2,120,20.4115,0
oma_e40,4,4,15,4,2,121,20.7130,0
oma_e40,4,4,15,4,2,122,22.4534,1
oma_e40,4,4,15,4,2,123,28.2119,0
oma_e40,4,4,15,4,2,124,23.5267,1
oma_e40,4,4,15,4,3,100,23.5453,0
oma_e40,4,4,15,4,3,101,22.6189,1
oma_e40,4,4,15,4,3,102,24.3384,0
oma_e40,4,4,15,4,3,103,21.6715,0
oma_e40,4,4,15,4,3,104,24.2447,1
oma_e40,4,4,15,4,3,105,22.3775,0
oma_e40,4,4,15,4,3,106,26.6133,0
oma_e40,4,4,15,4,3,107,22.4968,0
oma_e40,4,4,15,4,3,108,19.1745,0
oma_e40,4,4,15,4,3,109,20.7840,1
oma_e40,4,4,15,4,3,110,25.9221,0
oma_e40,4,4,15,4,3,111,24.8351,0
oma_e40,4,4,15,4,3,112,21.2803,0
oma_e40,4,4,15,4,3,113,21.8934,1
oma_e40,4,4,15,4,3,114,21.4131,1
oma_e40,4,4,15,4,3,115,21.4984,1
oma_e40,4,4,15,4,3,116,26.1764,0
oma_e40,4,4,15,4,3,117,22.1542,0
oma_e40,4,4,15,4,3,118,21.7921,1
oma_e40,4,4,15,4,3,119,23.2795,0
oma_e40,4,4,15,4,3,120,20.6556,1
oma_e40,4,4,15,4,3,121,21.1947,0
oma_e40,4,4,15,4,3,122,26.5060,1
oma_e40,4,4,15,4,3,123,24.7247,0
oma_e40,4,4,15,4,3,124,21.4544,0
oma_e40,4,4,15,4,0,125,20.6355,0
oma_e40,4,4,15,4,0,126,23.9073,0
oma_e40,4,4,15,4,0,127,24.0875,0
oma_e40,4,4,15,4,0,128,22.2460,0
oma_e40,4,4,15,4,0,129,19.6690,0
oma_e40,4,4,15,4,0,130,25.8965,0
oma_e40,4,4,15,4,0,131,20.1113,1
oma_e40,4,4,15,4,0,132,23.1085,0
oma_e40,4,4,15,4,0,133,23.5104,1
oma_e40,4,4,15,4,0,134,25.3118,1
oma_e40,4,4,15,4,0,135,23.2927,1
oma_e40,4,4,15,4,0,136,24.4187,0
oma_e40,4,4,15,4,0,137,23.7090,1
oma_e40,4,4,15,4,0,138,20.3070,0
oma_e40,4,4,15,4,0,139,23.5235,0
oma_e40,4,4,15,4,0,140,19.9516,0
oma_e40,4,4,15,4,0,141,20.9144,1
oma_e40,4,4,15,4,0,142,26.2651,0
oma_e40,4,4,15,4,0,143,21.8920,0
oma_e40,4,4,15,4,0,144,24.7551,0
oma_e40,4,4,15,4,0,145,24.8417,1
oma_e40,4,4,15,4,0,146,22.4757,0
oma_e40,4,4,15,4,0,147,23.9752,0
oma_e40,4,4,15,4,0,148,23.5690,0
oma_e40,4,4,15,4,0,149,23.2956,1
oma_e40,4,4,15,4,1,125,24.9780,0
oma_e40,4,4,15,4,1,126,21.7644,1
oma_e40,4,4,15,4,1,127,23.7770,0
oma_e40,4,4,15,4,1,128,23.5613,0
oma_e40,4,4,15,4,1,129,21.5126,0
oma_e40,4,4,15,4,1,130,17.6943,1
oma_e40,4,4,15,4,1,131,22.3988,0
oma_e40,4,4,15,4,1,132,20.7588,0
oma_e40,4,4,15,4,1,133,25.1039,0
oma_e40,4,4,15,4,1,134,23.8430,0
oma_e40,4,4,15,4,1,135,24.6625,0
oma_e40,4,4,15,4,1,136,24.0139,0
oma_e40,4,4,15,4,1,137,24.6773,1
oma_e40,4,4,15,4,1,138,20.5092,0
oma_e40,4,4,15,4,1,139,22.8446,0
oma_e40,4,4,15,4,1,140,25.1569,1
oma_e40,4,4,15,4,1,141,20.4011,0
oma_e40,4,4,15,4,1,142,21.7026,0
oma_e40,4,4,15,4,1,143,18.7769,1
oma_e40,4,4,15,4,1,144,26.7305,1
oma_e40,4,4,15,4,1,145,23.3253,0
oma_e40,4,4,15,4,1,146,22.3385,0
oma_e40,4,4,15,4,1,147,28.4458,0
oma_e40,4,4,15,4,1,148,23.3192,0
oma_e40,4,4,15,4,1,149,21.0126,0
oma_e40,4,4,15,4,2,125,23.2702,0
oma_e40,4,4,15,4,2,126,21.8627,0
oma_e40,4,4,15,4,2,127,23.1975,1
oma_e40,4,4,15,4,2,128,21.2788,1
oma_e40,4,4,15,4,2,129,21.7896,0
oma_e40,4,4,15,4,2,130,21.2233,0
oma_e40,4,4,15,4,2,131,30.0113,0
oma_e40,4,4,15,4,2,132,25.2743,0
oma_e40,4,4,15,4,2,133,20.1280,0
oma_e40,4,4,15,4,2,134,21.8377,0
oma_e40,4,4,15,4,2,135,24.9835,0
oma_e40,4,4,15,4,2,136,22.1715,0
oma_e40,4,4,15,4,2,137,23.2907,0
oma_e40,4,4,15,4,2,138,22.4040,1
oma_e40,4,4,15,4,2,139,23.2667,0
oma_e40,4,4,15,4,2,140,24.7498,0
oma_e40,4,4,15,4,2,141,23.4450,0
oma_e40,4,4,15,4,2,142,24.0977,0
oma_e40,4,4,15,4,2,143,21.8437,1
oma_e40,4,4,15,4,2,144,23.7674,0
oma_e40,4,4,15,4,2,145,23.2698,1
oma_e40,4,4,15,4,2,146,19.1605,0
oma_e40,4,4,15,4,2,147,21.7092,0
oma_e40,4,4,15,4,2,148,24.2135,0
oma_e40,4,4,15,4,2,149,18.8493,1
oma_e40,4,4,15,4,3,125,25.5776,0
oma_e40,4,4,15,4,3,126,20.3247,0
oma_e40,4,4,15,4,3,127,23.0881,0
oma_e40,4,4,15,4,3,128,26.9653,0
oma_e40,4,4,15,4,3,129,21.8420,1
oma_e40,4,4,15,4,3,130,23.6239,1
oma_e40,4,4,15,4,3,131,26.9759,0
oma_e40,4,4,15,4,3,132,24.2826,0
oma_e40,4,4,15,4,3,133,19.9136,0
oma_e40,4,4,15,4,3,134,22.0830,0
oma_e40,4,4,15,4,3,135,22.4722,0
oma_e40,4,4,15,4,3,136,20.8225,0
oma_e40,4,4,15,4,3,137,19.3680,0
oma_e40,4,4,15,4,3,138,20.0010,0
oma_e40,4,4,15,4,3,139,22.7439,0
oma_e40,4,4,15,4,3,140,21.5932,1
oma_e40,4,4,15,4,3,141,24.6931,0
oma_e40,4,4,15,4,3,142,23.2853,0
oma_e40,4,4,15,4,3,143,23.5583,1
oma_e40,4,4,15,4,3,144,26.5561,0
oma_e40,4,4,15,4,3,145,23.5065,0
oma_e40,4,4,15,4,3,146,17.5763,1
oma_e40,4,4,15,4,3,147,19.8610,0
oma_e40,4,4,15,4,3,148,22.8715,1
oma_e40,4,4,15,4,3,149,19.7299,0
oma_e40,4,4,15,4,0,150,20.7901,0
oma_e40,4,4,15,4,0,151,22.8282,1
oma_e40,4,4,15,4,0,152,23.9672,0
oma_e40,4,4,15,4,0,153,22.6385,0
oma_e40,4,4,15,4,0,154,18.2661,0
oma_e40,4,4,15,4,0,155,25.1649,1
oma_e40,4,4,15,4,0,156,25.2544,0
oma_e40,4,4,15,4,0,157,23.2141,0
oma_e40,4,4,15,4,0,158,25.5434,0
oma_e40,4,4,15,4,0,159,20.4476,0
oma_e40,4,4,15,4,0,160,20.6814,0
oma_e40,4,4,15,4,0,161,22.0997,0
oma_e40,4,4,15,4,0,162,25.1926,0
oma_e40,4,4,15,4,0,163,23.3835,0
oma_e40,4,4,15,4,0,164,22.0461,0
oma_e40,4,4,15,4,0,165,18.2494,0
oma_e40,4,4,15,4,0,166,24.1097,0
oma_e40,4,4,15,4,0,167,22.8181,0
oma_e40,4,4,15,4,0,168,24.0947,0
oma_e40,4,4,15,4,0,169,25.9227,0
oma_e40,4,4,15,4,0,170,20.7227,0
oma_e40,4,4,15,4,0,171,23.5539,1
oma_e40,4,4,15,4,0,172,21.3257,1
oma_e40,4,4,15,4,0,173,24.8517,1
oma_e40,4,4,15,4,0,174,18.6675,0
oma_e40,4,4,15,4,1,150,20.7751,1
oma_e40,4,4,15,4,1,151,25.5523,0
oma_e40,4,4,15,4,1,152,22.4170,0
oma_e40,4,4,15,4,1,153,26.4538,0
oma_e40,4,4,15,4,1,154,19.3038,1
oma_e40,4,4,15,4,1,155,28.6941,1
oma_e40,4,4,15,4,1,156,23.1168,0
oma_e40,4,4,15,4,1,157,19.3358,1
oma_e40,4,4,15,4,1,158,19.9121,0
oma_e40,4,4,15,4,1,159,24.1461,1
oma_e40,4,4,15,4,1,160,21.5430,0
oma_e40,4,4,15,4,1,161,22.1244,1
oma_e40,4,4,15,4,1,162,24.1319,0
oma_e40,4,4,15,4,1,163,19.4068,0
oma_e40,4,4,15,4,1,164,22.7987,0
oma_e40,4,4,15,4,1,165,18.5754,1
oma_e40,4,4,15,4,1,166,24.8028,0
oma_e40,4,4,15,4,1,167,23.4852,0
oma_e40,4,4,15,4,1,168,24.3064,0
oma_e40,4,4,15,4,1,169,23.8905,0
oma_e40,4,4,15,4,1,170,23.8866,0
oma_e40,4,4,15,4,1,171,21.4730,0
oma_e40,4,4,15,4,1,172,22.7583,1
oma_e40,4,4,15,4,1,173,21.5303,0
oma_e40,4,4,15,4,1,174,26.8943,0
oma_e40,4,4,15,4,2,150,23.8975,0
oma_e40,4,4,15,4,2,151,18.0543,0
oma_e40,4,4,15,4,2,152,27.8798,0
oma_e40,4,4,15,4,2,153,23.8633,0
oma_e40,4,4,15,4,2,154,31.9974,1
oma_e40,4,4,15,4,2,155,24.4437,0
oma_e40,4,4,15,4,2,156,23.1751,1
oma_e40,4,4,15,4,2,157,20.5379,1
oma_e40,4,4,15,4,2,158,27.7760,0
oma_e40,4,4,15,4,2,159,24.4399,0
oma_e40,4,4,15,4,2,160,20.2854,0
oma_e40,4,4,15,4,2,161,20.4229,0
oma_e40,4,4,15,4,2,162,20.7008,0
oma_e40,4,4,15,4,2,163,24.3454,1
oma_e40,4,4,15,4,2,164,26.7824,0
oma_e40,4,4,15,4,2,165,21.3761,0
oma_e40,4,4,15,4,2,166,20.4461,0
oma_e40,4,4,15,4,2,167,24.8380,0
oma_e40,4,4,15,4,2,168,24.2917,0
oma_e40,4,4,15,4,2,169,22.0479,0
oma_e40,4,4,15,4,2,170,22.9486,0
oma_e40,4,4,15,4,2,171,25.1926,0
oma_e40,4,4,15,4,2,172,23.0239,0
oma_e40,4,4,15,4,2,173,19.7816,0
oma_e40,4,4,15,4,2,174,19.0772,1
oma_e40,4,4,15,4,3,150,21.8564,0
oma_e40,4,4,15,4,3,151,21.6507,0
oma_e40,4,4,15,4,3,152,26.4252,0
oma_e40,4,4,15,4,3,153,21.3286,0
oma_e40,4,4,15,4,3,154,28.6083,0
oma_e40,4,4,15,4,3,155,25.3155,0
oma_e40,4,4,15,4,3,156,21.3068,0
oma_e40,4,4,15,4,3,157,31.0939,0
oma_e40,4,4,15,4,3,158,20.5784,0
oma_e40,4,4,15,4,3,159,25.8904,0
oma_e40,4,4,15,4,3,160,24.6109,0
oma_e40,4,4,15,4,3,161,17.9365,0
oma_e40,4,4,15,4,3,162,20.4509,0
oma_e40,4,4,15,4,3,163,22.1258,0
oma_e40,4,4,15,4,3,164,25.2021,0
oma_e40,4,4,15,4,3,165,18.9613,0
oma_e40,4,4,15,4,3,166,22.1800,1
oma_e40,4,4,15,4,3,167,25.0028,0
oma_e40,4,4,15,4,3,168,23.2859,1
oma_e40,4,4,15,4,3,169,24.7743,0
oma_e40,4,4,15,4,3,170,23.9226,1
oma_e40,4,4,15,4,3,171,22.7120,0
oma_e40,4,4,15,4,3,172,21.3395,0
oma_e40,4,4,15,4,3,173,21.1467,1
oma_e40,4,4,15,4,3,174,25.4756,0
oma_e40,4,4,15,4,0,175,28.1530,0
oma_e40,4,4,15,4,0,176,28.5282,0
oma_e40,4,4,15,4,0,177,23.1210,0
oma_e40,4,4,15,4,0,178,21.0961,0
oma_e40,4,4,15,4,0,179,24.4329,0
oma_e40,4,4,15,4,0,180,23.3411,0
oma_e40,4,4,15,4,0,181,22.6583,0
oma_e40,4,4,15,4,0,182,23.2115,0
oma_e40,4,4,15,4,0,183,24.4157,0
oma_e40,4,4,15,4,0,184,24.6773,0
oma_e40,4,4,15,4,0,185,23.5947,0
oma_e40,4,4,15,4,0,186,20.7606,1
oma_e40,4,4,15,4,0,187,27.6575,0
oma_e40,4,4,15,4,0,188,19.8451,0
oma_e40,4,4,15,4,0,189,24.5209,0
oma_e40,4,4,15,4,0,190,24.4086,0
oma_e40,4,4,15,4,0,191,19.1821,1
oma_e40,4,4,15,4,0,192,25.3971,1
oma_e40,4,4,15,4,0,193,27.1235,0
oma_e40,4,4,15,4,0,194,18.8194,0
oma_e40,4,4,15,4,0,195,23.3809,0
oma_e40,4,4,15,4,0,196,27.4785,0
oma_e40,4,4,15,4,0,197,29.9222,0
oma_e40,4,4,15,4,0,198,24.6980,0
oma_e40,4,4,15,4,0,199,27.2445,0
oma_e40,4,4,15,4,1,175,23.6519,1
oma_e40,4,4,15,4,1,176,24.6293,0
oma_e40,4,4,15,4,1,177,22.5213,0
oma_e40,4,4,15,4,1,178,23.2958,0
oma_e40,4,4,15,4,1,179,23.7643,0
oma_e40,4,4,15,4,1,180,22.0902,0
oma_e40,4,4,15,4,1,181,20.8036,0
oma_e40,4,4,15,4,1,182,22.3204,0
oma_e40,4,4,15,4,1,183,21.5266,0
oma_e40,4,4,15,4,1,184,23.8126,1
oma_e40,4,4,15,4,1,185,20.6208,0
oma_e40,4,4,15,4,1,186,19.3506,1
oma_e40,4,4,15,4,1,187,23.6018,0
oma_e40,4,4,15,4,1,188,22.5684,0
oma_e40,4,4,15,4,1,189,22.0359,0
oma_e40,4,4,15,4,1,190,25.4128,0
oma_e40,4,4,15,4,1,191,17.5484,1
oma_e40,4,4,15,4,1,192,23.3001,0
oma_e40,4,4,15,4,1,193,24.5888,0
oma_e40,4,4,15,4,1,194,20.3379,1
oma_e40,4,4,15,4,1,195,21.8606,0
oma_e40,4,4,15,4,1,196,20.6982,0
oma_e40,4,4,15,4,1,197,25.3127,0
oma_e40,4,4,15,4,1,198,23.0761,0
oma_e40,4,4,15,4,1,199,19.8602,0
oma_e40,4,4,15,4,2,175,20.1818,0
oma_e40,4,4,15,4,2,176,28.9274,1
oma_e40,4,4,15,4,2,177,25.4280,0
oma_e40,4,4,15,4,2,178,18.1980,1
oma_e40,4,4,15,4,2,179,24.2415,0
oma_e40,4,4,15,4,2,180,20.0284,0
oma_e40,4,4,15,4,2,181,22.2714,0
oma_e40,4,4,15,4,2,182,21.0929,0
oma_e40,4,4,15,4,2,183,24.6122,0
oma_e40,4,4,15,4,2,184,22.1545,0
oma_e40,4,4,15,4,2,185,27.2163,0
oma_e40,4,4,15,4,2,186,19.1527,0
oma_e40,4,4,15,4,2,187,26.5379,0
oma_e40,4,4,15,4,2,188,24.4524,0
oma_e40,4,4,15,4,2,189,23.6407,0
oma_e40,4,4,15,4,2,190,25.2722,0
oma_e40,4,4,15,4,2,191,18.6440,1
oma_e40,4,4,15,4,2,192,26.3899,0
oma_e40,4,4,15,4,2,193,26.6022,0
oma_e40,4,4,15,4,2,194,19.9649,1
oma_e40,4,4,15,4,2,195,30.2174,0
oma_e40,4,4,15,4,2,196,20.8484,0
oma_e40,4,4,15,4,2,197,27.5607,1
oma_e40,4,4,15,4,2,198,24.1631,0
oma_e40,4,4,15,4,2,199,24.3634,0
oma_e40,4,4,15,4,3,175,26.2582,0
oma_e40,4,4,15,4,3,176,22.5811,0
oma_e40,4,4,15,4,3,177,23.2475,0
oma_e40,4,4,15,4,3,178,21.1010,1
oma_e40,4,4,15,4,3,179,18.4456,1
oma_e40,4,4,15,4,3,180,20.5761,1
oma_e40,4,4,15,4,3,181,24.9559,0
oma_e40,4,4,15,4,3,182,19.6799,0
oma_e40,4,4,15,4,3,183,15.7164,0
oma_e40,4,4,15,4,3,184,25.6968,0
oma_e40,4,4,15,4,3,185,27.0523,0
oma_e40,4,4,15,4,3,186,23.2798,0
oma_e40,4,4,15,4,3,187,23.9941,0
oma_e40,4,4,15,4,3,188,23.9996,0
oma_e40,4,4,15,4,3,189,22.7330,0
oma_e40,4,4,15,4,3,190,22.1979,0
oma_e40,4,4,15,4,3,191,18.6853,1
oma_e40,4,4,15,4,3,192,25.3240,0
oma_e40,4,4,15,4,3,193,22.3754,0
oma_e40,4,4,15,4,3,194,21.9113,0
oma_e40,4,4,15,4,3,195,25.6377,0
oma_e40,4,4,15,4,3,196,24.9042,0
oma_e40,4,4,15,4,3,197,22.0692,0
oma_e40,4,4,15,4,3,198,23.7474,0
oma_e40,4,4,15,4,3,199,24.6961,0
oma_e40,4,4,20,0,0,0,20.0308,0
oma_e40,4,4,20,0,0,1,25.2187,0
oma_e40,4,4,20,0,0,2,23.8179,0
oma_e40,4,4,20,0,0,3,23.2517,0
oma_e40,4,4,20,0,0,4,22.1760,0
oma_e40,4,4,20,0,0,5,23.3382,0
oma_e40,4,4,20,0,0,6,26.6834,0
oma_e40,4,4,20,0,0,7,20.0294,0
oma_e40,4,4,20,0,0,8,23.1600,1
oma_e40,4,4,20,0,0,9,23.3848,0
oma_e40,4,4,20,0,0,10,23.8641,0
oma_e40,4,4,20,0,0,11,19.1481,0
oma_e40,4,4,20,0,0,12,23.8050,0
oma_e40,4,4,20,0,0,13,20.9383,0
oma_e40,4,4,20,0,0,14,22.5470,1
oma_e40,4,4,20,0,0,15,22.9115,1
oma_e40,4,4,20,0,0,16,24.9273,0
oma_e40,4,4,20,0,0,17,23.0817,0
oma_e40,4,4,20,0,0,18,22.8382,0
oma_e40,4,4,20,0,0,19,21.1742,1
oma_e40,4,4,20,0,0,20,22.0361,0
oma_e40,4,4,20,0,0,21,17.9945,1
oma_e40,4,4,20,0,0,22,29.1706,0
oma_e40,4,4,20,0,0,23,25.0163,0
oma_e40,4,4,20,0,0,24,20.6637,0
oma_e40,4,4,20,0,1,0,24.7024,1
oma_e40,4,4,20,0,1,1,21.5783,1
oma_e40,4,4,20,0,1,2,26.0737,0
oma_e40,4,4,20,0,1,3,26.6315,0
oma_e40,4,4,20,0,1,4,22.1136,0
oma_e40,4,4,20,0,1,5,20.1215,0
oma_e40,4,4,20,0,1,6,23.0294,0
oma_e40,4,4,20,0,1,7,23.2001,0
oma_e40,4,4,20,0,1,8,24.8451,0
oma_e40,4,4,20,0,1,9,20.7047,0
oma_e40,4,4,20,0,1,10,20.7619,1
oma_e40,4,4,20,0,1,11,23.8597,1
oma_e40,4,4,20,0,1,12,27.3293,0
oma_e40,4,4,20,0,1,13,23.1789,0
oma_e40,4,4,20,0,1,14,24.4610,1
oma_e40,4,4,20,0,1,15,24.3983,0
oma_e40,4,4,20,0,1,16,22.2495,0
oma_e40,4,4,20,0,1,17,23.4773,1
oma_e40,4,4,20,0,1,18,24.2437,0
oma_e40,4,4,20,0,1,19,22.9114,1
oma_e40,4,4,20,0,1,20,28.5935,0
oma_e40,4,4,20,0,1,21,23.1749,0
oma_e40,4,4,20,0,1,22,22.5392,0
oma_e40,4,4,20,0,1,23,20.9840,0
oma_e40,4,4,20,0,1,24,20.3777,0
oma_e40,4,4,20,0,2,0,20.0221,1
oma_e40,4,4,20,0,2,1,23.9522,0
oma_e40,4,4,20,0,2,2,25.4148,0
oma_e40,4,4,20,0,2,3,22.5820,0
oma_e40,4,4,20,0,2,4,26.1777,0
oma_e40,4,4,20,0,2,5,23.6811,0
oma_e40,4,4,20,0,2,6,23.7439,0
oma_e40,4,4,20,0,2,7,22.7630,0
oma_e40,4,4,20,0,2,8,19.6514,1
oma_e40,4,4,20,0,2,9,23.3269,0
oma_e40,4,4,20,0,2,10,22.8070,0
oma_e40,4,4,20,0,2,11,25.8725,1
oma_e40,4,4,20,0,2,12,24.1526,0
oma_e40,4,4,20,0,2,13,21.6544,0
oma_e40,4,4,20,0,2,14,26.5518,1
oma_e40,4,4,20,0,2,15,26.0190,1
oma_e40,4,4,20,0,2,16,24.2109,0
oma_e40,4,4,20,0,2,17,23.2342,1
oma_e40,4,4,20,0,2,18,21.1086,0
oma_e40,4,4,20,0,2,19,22.9418,0
oma_e40,4,4,20,0,2,20,20.7736,0
oma_e40,4,4,20,0,2,21,20.8136,0
oma_e40,4,4,20,0,2,22,24.6761,0
oma_e40,4,4,20,0,2,23,27.5935,0
oma_e40,4,4,20,0,2,24,26.1778,0
oma_e40,4,4,20,0,3,0,21.3471,1
oma_e40,4,4,20,0,3,1,20.2906,1
oma_e40,4,4,20,0,3,2,23.1688,0
oma_e40,4,4,20,0,3,3,21.5311,0
oma_e40,4,4,20,0,3,4,23.0109,0
oma_e40,4,4,20,0,3,5,20.1676,0
oma_e40,4,4,20,0,3,6,21.2548,0
oma_e40,4,4,20,0,3,7,23.9853,0
oma_e40,4,4,20,0,3,8,25.2899,0
oma_e40,4,4,20,0,3,9,28.2499,0
oma_e40,4,4,20,0,3,10,25.0432,0
oma_e40,4,4,20,0,3,11,22.0698,1
oma_e40,4,4,20,0,3,12,21.6489,0
oma_e40,4,4,20,0,3,13,20.8147,0
oma_e40,4,4,20,0,3,14,20.3711,0
oma_e40,4,4,20,0,3,15,20.2141,0
oma_e40,4,4,20,0,3,16,24.1576,0
oma_e40,4,4,20,0,3,17,23.3203,0
oma_e40,4,4,20,0,3,18,30.0699,0
oma_e40,4,4,20,0,3,19,17.5072,0
oma_e40,4,4,20,0,3,20,25.9634,0
oma_e40,4,4,20,0,3,21,28.6068,0
oma_e40,4,4,20,0,3,22,25.4317,0
oma_e40,4,4,20,0,3,23,26.0187,0
oma_e40,4,4,20,0,3,24,23.9795,0
oma_e40,4,4,20,0,0,25,18.9295,1
oma_e40,4,4,20,0,0,26,24.1385,0
oma_e40,4,4,20,0,0,27,23.6511,0
oma_e40,4,4,20,0,0,28,23.8817,0
oma_e40,4,4,20,0,0,29,22.1630,0
oma_e40,4,4,20,0,0,30,22.9857,0
oma_e40,4,4,20,0,0,31,23.5154,0
oma_e40,4,4,20,0,0,32,21.9914,1
oma_e40,4,4,20,0,0,33,26.0308,0
oma_e40,4,4,20,0,0,34,24.3541,0
oma_e40,4,4,20,0,0,35,22.2232,0
oma_e40,4,4,20,0,0,36,22.0435,0
oma_e40,4,4,20,0,0,37,26.2090,0
oma_e40,4,4,20,0,0,38,23.0229,1
oma_e40,4,4,20,0,0,39,26.0732,0
oma_e40,4,4,20,0,0,40,26.2357,1
oma_e40,4,4,20,0,0,41,22.8031,0
oma_e40,4,4,20,0,0,42,26.2121,0
oma_e40,4,4,20,0,0,43,22.6048,0
oma_e40,4,4,20,0,0,44,25.7936,0
oma_e40,4,4,20,0,0,45,20.7108,1
oma_e40,4,4,20,0,0,46,21.1852,1
oma_e40,4,4,20,0,0,47,23.9448,0
oma_e40,4,4,20,0,0,48,22.7403,0
oma_e40,4,4,20,0,0,49,27.1064,0
oma_e40,4,4,20,0,1,25,23.7885,0
oma_e40,4,4,20,0,1,26,22.4866,0
oma_e40,4,4,20,0,1,27,20.9917,1
oma_e40,4,4,20,0,1,28,22.4975,0
oma_e40,4,4,20,0,1,29,23.8587,0
oma_e40,4,4,20,0,1,30,22.9359,0
oma_e40,4,4,20,0,1,31,22.2193,0
oma_e40,4,4,20,0,1,32,26.6754,0
oma_e40,4,4,20,0,1,33,30.8008,0
oma_e40,4,4,20,0,1,34,24.1412,0
oma_e40,4,4,20,0,1,35,25.4159,0
oma_e40,4,4,20,0,1,36,25.3788,0
oma_e40,4,4,20,0,1,37,21.9843,0
oma_e40,4,4,20,0,1,38,21.1809,0
oma_e40,4,4,20,0,1,39,22.7946,1
oma_e40,4,4,20,0,1,40,25.2113,1
oma_e40,4,4,20,0,1,41,27.1122,0
oma_e40,4,4,20,0,1,42,33.3492,1
oma_e40,4,4,20,0,1,43,22.7815,0
oma_e40,4,4,20,0,1,44,17.8253,0
oma_e40,4,4,20,0,1,45,20.8388,1
oma_e40,4,4,20,0,1,46,23.1329,1
oma_e40,4,4,20,0,1,47,19.9251,0
oma_e40,4,4,20,0,1,48,25.4702,0
oma_e40,4,4,20,0,1,49,23.1135,0
oma_e40,4,4,20,0,2,25,23.3299,0
oma_e40,4,4,20,0,2,26,22.8631,0
oma_e40,4,4,20,0,2,27,26.7941,0
oma_e40,4,4,20,0,2,28,25.5243,0
oma_e40,4,4,20,0,2,29,22.3990,0
oma_e40,4,4,20,0,2,30,17.5874,0
oma_e40,4,4,20,0,2,31,29.2927,0
oma_e40,4,4,20,0,2,32,18.4552,0
oma_e40,4,4,20,0,2,33,23.3143,0
oma_e40,4,4,20,0,2,34,24.9958,0
oma_e40,4,4,20,0,2,35,23.7014,0
oma_e40,4,4,20,0,2,36,22.2560,0
oma_e40,4,4,20,0,2,37,19.7881,0
oma_e40,4,4,20,0,2,38,20.8613,1
oma_e40,4,4,20,0,2,39,23.4550,0
oma_e40,4,4,20,0,2,40,25.0443,0
oma_e40,4,4,20,0,2,41,24.5589,0
oma_e40,4,4,20,0,2,42,22.0180,0
oma_e40,4,4,20,0,2,43,26.7163,0
oma_e40,4,4,20,0,2,44,21.4001,0
oma_e40,4,4,20,0,2,45,25.1297,0
oma_e40,4,4,20,0,2,46,22.4956,0
oma_e40,4,4,20,0,2,47,24.4547,0
oma_e40,4,4,20,0,2,48,26.1698,0
oma_e40,4,4,20,0,2,49,22.5960,0
oma_e40,4,4,20,0,3,25,25.8392,0
oma_e40,4,4,20,0,3,26,23.4520,0
oma_e40,4,4,20,0,3,27,21.7398,0
oma_e40,4,4,20,0,3,28,24.6757,0
oma_e40,4,4,20,0,3,29,25.2882,0
oma_e40,4,4,20,0,3,30,26.0232,0
oma_e40,4,4,20,0,3,31,21.8286,0
oma_e40,4,4,20,0,3,32,26.1237,0
oma_e40,4,4,20,0,3,33,30.3469,0
oma_e40,4,4,20,0,3,34,24.1815,0
oma_e40,4,4,20,0,3,35,25.0961,0
oma_e40,4,4,20,0,3,36,22.1633,0
oma_e40,4,4,20,0,3,37,21.5314,0
oma_e40,4,4,20,0,3,38,25.6476,0
oma_e40,4,4,20,0,3,39,25.8462,0
oma_e40,4,4,20,0,3,40,25.8668,0
oma_e40,4,4,20,0,3,41,23.0255,1
oma_e40,4,4,20,0,3,42,22.7426,0
oma_e40,4,4,20,0,3,43,22.3397,0
oma_e40,4,4,20,0,3,44,21.8445,0
oma_e40,4,4,20,0,3,45,23.5716,0
oma_e40,4,4,20,0,3,46,24.7094,1
oma_e40,4,4,20,0,3,47,21.7505,0
oma_e40,4,4,20,0,3,48,24.2917,0
oma_e40,4,4,20,0,3,49,23.5603,0
oma_e40,4,4,20,0,0,50,25.6137,0
oma_e40,4,4,20,0,0,51,24.8659,0
oma_e40,4,4,20,0,0,52,20.4340,0
oma_e40,4,4,20,0,0,53,23.7095,0
oma_e40,4,4,20,0,0,54,21.6427,0
oma_e40,4,4,20,0,0,55,17.3145,0
oma_e40,4,4,20,0,0,56,20.9373,0
oma_e40,4,4,20,0,0,57,20.9339,0
oma_e40,4,4,20,0,0,58,25.5696,0
oma_e40,4,4,20,0,0,59,24.1766,1
oma_e40,4,4,20,0,0,60,25.5521,0
oma_e40,4,4,20,0,0,61,25.6326,0
oma_e40,4,4,20,0,0,62,20.5845,0
oma_e40,4,4,20,0,0,63,23.6033,0
oma_e40,4,4,20,0,0,64,26.5597,0
oma_e40,4,4,20,0,0,65,20.1803,0
oma_e40,4,4,20,0,0,66,23.5572,0
oma_e40,4,4,20,0,0,67,28.3161,0
oma_e40,4,4,20,0,0,68,23.9036,0
oma_e40,4,4,20,0,0,69,24.1533,0
oma_e40,4,4,20,0,0,70,28.7045,0
oma_e40,4,4,20,0,0,71,23.9471,0
oma_e40,4,4,20,0,0,72,24.4894,0
oma_e40,4,4,20,0,0,73,26.9561,0
oma_e40,4,4,20,0,0,74,21.9384,0
oma_e40,4,4,20,0,1,50,23.4175,1
oma_e40,4,4,20,0,1,51,23.4618,0
oma_e40,4,4,20,0,1,52,25.0209,0
oma_e40,4,4,20,0,1,53,22.9035,0
oma_e40,4,4,20,0,1,54,17.5627,0
oma_e40,4,4,20,0,1,55,26.0106,0
oma_e40,4,4,20,0,1,56,27.3165,0
oma_e40,4,4,20,0,1,57,22.8185,0
oma_e40,4,4,20,0,1,58,27.0403,0
oma_e40,4,4,20,0,1,59,19.5011,1
oma_e40,4,4,20,0,1,60,27.3668,0
oma_e40,4,4,20,0,1,61,25.1973,0
oma_e40,4,4,20,0,1,62,22.3002,1
oma_e40,4,4,20,0,1,63,31.1723,0
oma_e40,4,4,20,0,1,64,25.6079,0
oma_e40,4,4,20,0,1,65,27.5917,0
oma_e40,4,4,20,0,1,66,26.0653,0
oma_e40,4,4,20,0,1,67,23.5650,0
oma_e40,4,4,20,0,1,68,21.9989,0
oma_e40,4,4,20,0,1,69,26.2512,1
oma_e40,4,4,20,0,1,70,22.9444,0
oma_e40,4,4,20,0,1,71,28.4464,0
oma_e40,4,4,20,0,1,72,25.9750,0
oma_e40,4,4,20,0,1,73,21.4067,0
oma_e40,4,4,20,0,1,74,23.4527,0
oma_e40,4,4,20,0,2,50,21.8654,0
oma_e40,4,4,20,0,2,51,25.4006,0
oma_e40,4,4,20,0,2,52,25.8070,0
oma_e40,4,4,20,0,2,53,22.0331,0
oma_e40,4,4,20,0,2,54,19.2994,0
oma_e40,4,4,20,0,2,55,30.3139,0
oma_e40,4,4,20,0,2,56,29.1638,0
oma_e40,4,4,20,0,2,57,26.7554,0
oma_e40,4,4,20,0,2,58,22.6918,0
oma_e40,4,4,20,0,2,59,20.5911,1
oma_e40,4,4,20,0,2,60,21.3672,0
oma_e40,4,4,20,0,2,61,24.2730,0
oma_e40,4,4,20,0,2,62,19.8937,0
oma_e40,4,4,20,0,2,63,23.0532,0
oma_e40,4,4,20,0,2,64,20.1339,0
oma_e40,4,4,20,0,2,65,25.0887,0
oma_e40,4,4,20,0,2,66,24.0182,0
oma_e40,4,4,20,0,2,67,24.1730,0
oma_e40,4,4,20,0,2,68,22.1975,0
oma_e40,4,4,20,0,2,69,28.8241,0
oma_e40,4,4,20,0,2,70,22.4636,0
oma_e40,4,4,20,0,2,71,24.3512,0
oma_e40,4,4,20,0,2,72,24.1249,0
oma_e40,4,4,20,0,2,73,21.1605,0
oma_e40,4,4,20,0,2,74,20.5482,0
oma_e40,4,4,20,0,3,50,22.4195,1
oma_e40,4,4,20,0,3,51,27.6177,0
oma_e40,4,4,20,0,3,52,24.2647,1
oma_e40,4,4,20,0,3,53,21.0331,0
oma_e40,4,4,20,0,3,54,25.0710,0
oma_e40,4,4,20,0,3,55,24.3786,0
oma_e40,4,4,20,0,3,56,31.3958,0
oma_e40,4,4,20,0,3,57,24.1055,0
oma_e40,4,4,20,0,3,58,24.1081,0
oma_e40,4,4,20,0,3,59,23.2763,0
oma_e40,4,4,20,0,3,60,24.6721,0
oma_e40,4,4,20,0,3,61,27.5842,0
oma_e40,4,4,20,0,3,62,20.3037,1
oma_e40,4,4,20,0,3,63,26.0645,0
oma_e40,4,4,20,0,3,64,27.7595,0
oma_e40,4,4,20,0,3,65,27.3297,0
oma_e40,4,4,20,0,3,66,25.5804,0
oma_e40,4,4,20,0,3,67,22.1191,0
oma_e40,4,4,20,0,3,68,25.3555,0
oma_e40,4,4,20,0,3,69,28.1148,0
oma_e40,4,4,20,0,3,70,25.6358,0
oma_e40,4,4,20,0,3,71,23.3493,0
oma_e40,4,4,20,0,3,72,24.7171,0
oma_e40,4,4,20,0,3,73,26.0522,0
oma_e40,4,4,20,0,3,74,23.3197,0
oma_e40,4,4,20,0,0,75,20.6571,0
oma_e40,4,4,20,0,0,76,24.3768,0
oma_e40,4,4,20,0,0,77,21.6766,0
oma_e40,4,4,20,0,0,78,23.7367,0
oma_e40,4,4,20,0,0,79,26.9380,0
oma_e40,4,4,20,0,0,80,20.6913,0
oma_e40,4,4,20,0,0,81,21.2985,0
oma_e40,4,4,20,0,0,82,22.9078,0
oma_e40,4,4,20,0,0,83,19.4083,1
oma_e40,4,4,20,0,0,84,22.2161,0
oma_e40,4,4,20,0,0,85,22.5159,0
oma_e40,4,4,20,0,0,86,21.8486,0
oma_e40,4,4,20,0,0,87,20.7569,0
oma_e40,4,4,20,0,0,88,24.1615,0
oma_e40,4,4,20,0,0,89,21.6690,0
oma_e40,4,4,20,0,0,90,22.5346,0
oma_e40,4,4,20,0,0,91,22.7179,0
oma_e40,4,4,20,0,0,92,24.3470,0
oma_e40,4,4,20,0,0,93,23.0358,1
oma_e40,4,4,20,0,0,94,24.5994,1
oma_e40,4,4,20,0,0,95,23.1593,0
oma_e40,4,4,20,0,0,96,26.6709,0
oma_e40,4,4,20,0,0,97,24.5268,1
oma_e40,4,4,20,0,0,98,25.2353,0
oma_e40,4,4,20,0,0,99,27.2124,0
oma_e40,4,4,20,0,1,75,22.5029,0
oma_e40,4,4,20,0,1,76,22.7271,0
oma_e40,4,4,20,0,1,77,27.1194,0
oma_e40,4,4,20,0,1,78,23.5167,1
oma_e40,4,4,20,0,1,79,22.3421,1
oma_e40,4,4,20,0,1,80,20.0468,1
oma_e40,4,4,20,0,1,81,26.9308,1
oma_e40,4,4,20,0,1,82,30.4252,0
oma_e40,4,4,20,0,1,83,23.9047,1
oma_e40,4,4,20,0,1,84,20.2104,0
oma_e40,4,4,20,0,1,85,26.9131,1
oma_e40,4,4,20,0,1,86,27.3701,0
oma_e40,4,4,20,0,1,87,24.8074,1
oma_e40,4,4,20,0,1,88,23.5106,0
oma_e40,4,4,20,0,1,89,22.1832,0
oma_e40,4,4,20,0,1,90,20.8600,1
oma_e40,4,4,20,0,1,91,21.9738,0
oma_e40,4,4,20,0,1,92,23.3010,0
oma_e40,4,4,20,0,1,93,23.1308,0
oma_e40,4,4,20,0,1,94,26.7254,0
oma_e40,4,4,20,0,1,95,21.5669,0
oma_e40,4,4,20,0,1,96,23.3555,0
oma_e40,4,4,20,0,1,97,27.8015,0
oma_e40,4,4,20,0,1,98,21.8533,0
oma_e40,4,4,20,0,1,99,25.5651,0
oma_e40,4,4,20,0,2,75,19.2580,1
oma_e40,4,4,20,0,2,76,23.0603,0
oma_e40,4,4,20,0,2,77,23.0018,0
oma_e40,4,4,20,0,2,78,24.5119,0
oma_e40,4,4,20,0,2,79,18.9066,0
oma_e40,4,4,20,0,2,80,22.6435,0
oma_e40,4,4,20,0,2,81,23.3729,0
oma_e40,4,4,20,0,2,82,25.4573,0
oma_e40,4,4,20,0,2,83,23.2321,0
oma_e40,4,4,20,0,2,84,27.3659,0
oma_e40,4,4,20,0,2,85,21.5721,0
oma_e40,4,4,20,0,2,86,23.8479,0
oma_e40,4,4,20,0,2,87,23.9010,0
oma_e40,4,4,20,0,2,88,25.5909,0
oma_e40,4,4,20,0,2,89,21.7167,0
oma_e40,4,4,20,0,2,90,23.9585,1
oma_e40,4,4,20,0,2,91,22.3057,0
oma_e40,4,4,20,0,2,92,23.6736,1
oma_e40,4,4,20,0,2,93,23.8641,1
oma_e40,4,4,20,0,2,94,22.2594,0
oma_e40,4,4,20,0,2,95,26.8283,0
oma_e40,4,4,20,0,2,96,24.0886,0
oma_e40,4,4,20,0,2,97,24.3726,0
oma_e40,4,4,20,0,2,98,26.6180,0
oma_e40,4,4,20,0,2,99,22.4328,0
oma_e40,4,4,20,0,3,75,28.8218,0
oma_e40,4,4,20,0,3,76,24.6253,1
oma_e40,4,4,20,0,3,77,24.7579,0
oma_e40,4,4,20,0,3,78,23.0384,0
oma_e40,4,4,20,0,3,79,23.0661,0
oma_e40,4,4,20,0,3,80,24.5793,0
oma_e40,4,4,20,0,3,81,22.5393,0
oma_e40,4,4,20,0,3,82,25.9621,0
oma_e40,4,4,20,0,3,83,25.7345,0
oma_e40,4,4,20,0,3,84,26.4904,1
oma_e40,4,4,20,0,3,85,23.5712,0
oma_e40,4,4,20,0,3,86,21.7290,0
oma_e40,4,4,20,0,3,87,18.1536,1
oma_e40,4,4,20,0,3,88,25.2305,0
oma_e40,4,4,20,0,3,89,24.1539,0
oma_e40,4,4,20,0,3,90,19.4617,0
oma_e40,4,4,20,0,3,91,23.4112,0
oma_e40,4,4,20,0,3,92,23.9883,0
oma_e40,4,4,20,0,3,93,23.3204,0
oma_e40,4,4,20,0,3,94,27.6630,0
oma_e40,4,4,20,0,3,95,20.1102,0
oma_e40,4,4,20,0,3,96,25.0860,0
oma_e40,4,4,20,0,3,97,22.6734,0
oma_e40,4,4,20,0,3,98,24.7415,0
oma_e40,4,4,20,0,3,99,28.6090,0
oma_e40,4,4,20,0,0,100,19.7634,0
oma_e40,4,4,20,0,0,101,25.7504,0
oma_e40,4,4,20,0,0,102,23.8095,0
oma_e40,4,4,20,0,0,103,20.6426,0
oma_e40,4,4,20,0,0,104,23.0498,0
oma_e40,4,4,20,0,0,105,20.1074,0
oma_e40,4,4,20,0,0,106,22.9048,1
oma_e40,4,4,20,0,0,107,23.3002,1
oma_e40,4,4,20,0,0,108,26.0227,0
oma_e40,4,4,20,0,0,109,23.8591,0
oma_e40,4,4,20,0,0,110,20.9430,0
oma_e40,4,4,20,0,0,111,25.4823,0
oma_e40,4,4,20,0,0,112,22.8797,0
oma_e40,4,4,20,0,0,113,25.6634,0
oma_e40,4,4,20,0,0,114,24.2700,0
oma_e40,4,4,20,0,0,115,23.2879,0
oma_e40,4,4,20,0,0,116,24.0306,0
oma_e40,4,4,20,0,0,117,23.6284,0
oma_e40,4,4,20,0,0,118,24.5223,1
oma_e40,4,4,20,0,0,119,26.2069,0
oma_e40,4,4,20,0,0,120,21.8588,0
oma_e40,4,4,20,0,0,121,24.5862,1
oma_e40,4,4,20,0,0,122,17.1531,0
oma_e40,4,4,20,0,0,123,19.8178,0
oma_e40,4,4,20,0,0,124,21.4488,0
oma_e40,4,4,20,0,1,100,23.2996,0
oma_e40,4,4,20,0,1,101,21.4138,1
oma_e40,4,4,20,0,1,102,21.2494,1
oma_e40,4,4,20,0,1,103,24.4064,0
oma_e40,4,4,20,0,1,104,21.8321,1
oma_e40,4,4,20,0,1,105,25.0922,1
oma_e40,4,4,20,0,1,106,24.2382,0
oma_e40,4,4,20,0,1,107,29.0105,0
oma_e40,4,4,20,0,1,108,26.9145,0
oma_e40,4,4,20,0,1,109,23.5444,0
oma_e40,4,4,20,0,1,110,22.0221,1
oma_e40,4,4,20,0,1,111,25.6269,0
oma_e40,4,4,20,0,1,112,24.7167,0
oma_e40,4,4,20,0,1,113,24.5650,0
oma_e40,4,4,20,0,1,114,23.0307,1
oma_e40,4,4,20,0,1,115,22.3592,1
oma_e40,4,4,20,0,1,116,20.3220,0
oma_e40,4,4,20,0,1,117,24.5598,0
oma_e40,4,4,20,0,1,118,27.2796,0
oma_e40,4,4,20,0,1,119,21.5353,0
oma_e40,4,4,20,0,1,120,22.5044,1
oma_e40,4,4,20,0,1,121,25.4806,1
oma_e40,4,4,20,0,1,122,19.3908,0
oma_e40,4,4,20,0,1,123,26.0260,0
oma_e40,4,4,20,0,1,124,25.8026,0
oma_e40,4,4,20,0,2,100,26.1134,0
oma_e40,4,4,20,0,2,101,24.2293,0
oma_e40,4,4,20,0,2,102,22.0520,1
oma_e40,4,4,20,0,2,103,20.5759,0
oma_e40,4,4,20,0,2,104,26.2648,0
oma_e40,4,4,20,0,2,105,18.7002,1
oma_e40,4,4,20,0,2,106,25.1057,1
oma_e40,4,4,20,0,2,107,20.3911,0
oma_e40,4,4,20,0,2,108,21.5517,0
oma_e40,4,4,20,0,2,109,24.7429,0
oma_e40,4,4,20,0,2,110,25.4565,0
oma_e40,4,4,20,0,2,111,26.2734,0
oma_e40,4,4,20,0,2,112,26.3727,0
oma_e40,4,4,20,0,2,113,23.7074,1
oma_e40,4,4,20,0,2,114,25.7532,0
oma_e40,4,4,20,0,2,115,21.2832,1
oma_e40,4,4,20,0,2,116,22.0678,0
oma_e40,4,4,20,0,2,117,23.6689,1
oma_e40,4,4,20,0,2,118,21.7927,0
oma_e40,4,4,20,0,2,119,25.8497,1
oma_e40,4,4,20,0,2,120,20.6282,0
oma_e40,4,4,20,0,2,121,20.4621,0
oma_e40,4,4,20,0,2,122,20.1687,1
oma_e40,4,4,20,0,2,123,28.1948,0
oma_e40,4,4,20,0,2,124,24.0900,1
oma_e40,4,4,20,0,3,100,24.5482,0
oma_e40,4,4,20,0,3,101,22.8667,0
oma_e40,4,4,20,0,3,102,23.1147,0
oma_e40,4,4,20,0,3,103,22.1223,0
oma_e40,4,4,20,0,3,104,25.9441,1
oma_e40,4,4,20,0,3,105,19.0888,0
oma_e40,4,4,20,0,3,106,28.2567,0
oma_e40,4,4,20,0,3,107,23.1345,0
oma_e40,4,4,20,0,3,108,19.4114,0
oma_e40,4,4,20,0,3,109,20.8039,1
oma_e40,4,4,20,0,3,110,26.0902,0
oma_e40,4,4,20,0,3,111,25.2038,0
oma_e40,4,4,20,0,3,112,25.5573,0
oma_e40,4,4,20,0,3,113,21.7924,0
oma_e40,4,4,20,0,3,114,21.5679,1
oma_e40,4,4,20,0,3,115,21.5825,1
oma_e40,4,4,20,0,3,116,27.1759,0
oma_e40,4,4,20,0,3,117,22.3868,0
oma_e40,4,4,20,0,3,118,24.7848,0
oma_e40,4,4,20,0,3,119,23.3321,0
oma_e40,4,4,20,0,3,120,20.9009,1
oma_e40,4,4,20,0,3,121,20.9525,0
oma_e40,4,4,20,0,3,122,24.0089,1
oma_e40,4,4,20,0,3,123,24.7321,0
oma_e40,4,4,20,0,3,124,22.0455,0
oma_e40,4,4,20,0,0,125,21.2971,0
oma_e40,4,4,20,0,0,126,23.8586,0
oma_e40,4,4,20,0,0,127,24.2416,0
oma_e40,4,4,20,0,0,128,22.6288,0
oma_e40,4,4,20,0,0,129,19.8857,0
oma_e40,4,4,20,0,0,130,27.1268,0
oma_e40,4,4,20,0,0,131,20.3055,1
oma_e40,4,4,20,0,0,132,23.1647,0
oma_e40,4,4,20,0,0,133,23.7879,0
oma_e40,4,4,20,0,0,134,25.4922,1
oma_e40,4,4,20,0,0,135,23.8157,1
oma_e40,4,4,20,0,0,136,26.4031,0
oma_e40,4,4,20,0,0,137,23.8199,0
oma_e40,4,4,20,0,0,138,21.3010,0
oma_e40,4,4,20,0,0,139,24.6029,0
oma_e40,4,4,20,0,0,140,20.0133,0
oma_e40,4,4,20,0,0,141,21.4493,1
oma_e40,4,4,20,0,0,142,26.1729,0
oma_e40,4,4,20,0,0,143,25.2824,0
oma_e40,4,4,20,0,0,144,24.1515,0
oma_e40,4,4,20,0,0,145,27.9131,0
oma_e40,4,4,20,0,0,146,28.1599,0
oma_e40,4,4,20,0,0,147,24.4595,0
oma_e40,4,4,20,0,0,148,23.9804,0
oma_e40,4,4,20,0,0,149,23.5828,0
oma_e40,4,4,20,0,1,125,25.2979,0
oma_e40,4,4,20,0,1,126,21.7516,1
oma_e40,4,4,20,0,1,127,23.8102,0
oma_e40,4,4,20,0,1,128,23.8552,0
oma_e40,4,4,20,0,1,129,21.7738,0
oma_e40,4,4,20,0,1,130,18.1472,0
oma_e40,4,4,20,0,1,131,22.7079,0
oma_e40,4,4,20,0,1,132,20.7675,0
oma_e40,4,4,20,0,1,133,25.6740,0
oma_e40,4,4,20,0,1,134,23.9848,0
oma_e40,4,4,20,0,1,135,25.1116,0
oma_e40,4,4,20,0,1,136,25.4164,0
oma_e40,4,4,20,0,1,137,24.9780,1
oma_e40,4,4,20,0,1,138,21.5210,0
oma_e40,4,4,20,0,1,139,24.2346,0
oma_e40,4,4,20,0,1,140,25.3163,1
oma_e40,4,4,20,0,1,141,20.9734,0
oma_e40,4,4,20,0,1,142,21.6011,0
oma_e40,4,4,20,0,1,143,20.9923,0
oma_e40,4,4,20,0,1,144,26.1528,1
oma_e40,4,4,20,0,1,145,26.2059,0
oma_e40,4,4,20,0,1,146,27.0982,0
oma_e40,4,4,20,0,1,147,29.7636,0
oma_e40,4,4,20,0,1,148,23.6909,0
oma_e40,4,4,20,0,1,149,21.1534,0
oma_e40,4,4,20,0,2,125,24.0610,0
oma_e40,4,4,20,0,2,126,21.8204,0
oma_e40,4,4,20,0,2,127,23.5366,1
oma_e40,4,4,20,0,2,128,21.5882,0
oma_e40,4,4,20,0,2,129,22.1009,0
oma_e40,4,4,20,0,2,130,22.0603,0
oma_e40,4,4,20,0,2,131,31.2945,0
oma_e40,4,4,20,0,2,132,25.3261,0
oma_e40,4,4,20,0,2,133,20.3525,1
oma_e40,4,4,20,0,2,134,21.8923,0
oma_e40,4,4,20,0,2,135,25.5217,0
oma_e40,4,4,20,0,2,136,23.3840,0
oma_e40,4,4,20,0,2,137,23.4257,0
oma_e40,4,4,20,0,2,138,23.8002,0
oma_e40,4,4,20,0,2,139,24.4647,0
oma_e40,4,4,20,0,2,140,24.8127,0
oma_e40,4,4,20,0,2,141,24.3414,0
oma_e40,4,4,20,0,2,142,23.9740,0
oma_e40,4,4,20,0,2,143,25.4732,1
oma_e40,4,4,20,0,2,144,23.2423,0
oma_e40,4,4,20,0,2,145,26.1277,0
oma_e40,4,4,20,0,2,146,22.2782,0
oma_e40,4,4,20,0,2,147,22.1086,0
oma_e40,4,4,20,0,2,148,24.6201,0
oma_e40,4,4,20,0,2,149,18.9435,1
oma_e40,4,4,20,0,3,125,26.5474,0
oma_e40,4,4,20,0,3,126,20.3019,0
oma_e40,4,4,20,0,3,127,23.1972,0
oma_e40,4,4,20,0,3,128,27.1979,0
oma_e40,4,4,20,0,3,129,22.1121,0
oma_e40,4,4,20,0,3,130,24.8160,1
oma_e40,4,4,20,0,3,131,27.5373,0
oma_e40,4,4,20,0,3,132,24.3791,0
oma_e40,4,4,20,0,3,133,20.0945,0
oma_e40,4,4,20,0,3,134,22.2090,0
oma_e40,4,4,20,0,3,135,22.9315,0
oma_e40,4,4,20,0,3,136,21.8299,0
oma_e40,4,4,20,0,3,137,19.4293,0
oma_e40,4,4,20,0,3,138,21.1444,0
oma_e40,4,4,20,0,3,139,24.2269,0
oma_e40,4,4,20,0,3,140,21.6906,1
oma_e40,4,4,20,0,3,141,25.9261,0
oma_e40,4,4,20,0,3,142,23.1676,0
oma_e40,4,4,20,0,3,143,28.0245,0
oma_e40,4,4,20,0,3,144,25.8741,0
oma_e40,4,4,20,0,3,145,27.1558,0
oma_e40,4,4,20,0,3,146,19.7313,1
oma_e40,4,4,20,0,3,147,20.0687,0
oma_e40,4,4,20,0,3,148,23.2633,1
oma_e40,4,4,20,0,3,149,19.8761,0
oma_e40,4,4,20,0,0,150,20.9682,0
oma_e40,4,4,20,0,0,151,24.9247,0
oma_e40,4,4,20,0,0,152,24.2706,1
oma_e40,4,4,20,0,0,153,23.6740,0
oma_e40,4,4,20,0,0,154,18.3028,0
oma_e40,4,4,20,0,0,155,25.2717,1
oma_e40,4,4,20,0,0,156,27.0003,0
oma_e40,4,4,20,0,0,157,23.6568,0
oma_e40,4,4,20,0,0,158,25.6599,0
oma_e40,4,4,20,0,0,159,20.5926,0
oma_e40,4,4,20,0,0,160,21.3594,0
oma_e40,4,4,20,0,0,161,25.6638,0
oma_e40,4,4,20,0,0,162,24.8350,0
oma_e40,4,4,20,0,0,163,23.8347,0
oma_e40,4,4,20,0,0,164,22.2955,0
oma_e40,4,4,20,0,0,165,21.2701,0
oma_e40,4,4,20,0,0,166,26.3150,0
oma_e40,4,4,20,0,0,167,22.9018,1
oma_e40,4,4,20,0,0,168,23.9571,0
oma_e40,4,4,20,0,0,169,24.3826,0
oma_e40,4,4,20,0,0,170,22.2785,0
oma_e40,4,4,20,0,0,171,23.9199,1
oma_e40,4,4,20,0,0,172,21.6660,1
oma_e40,4,4,20,0,0,173,25.7518,1
oma_e40,4,4,20,0,0,174,18.8994,0
oma_e40,4,4,20,0,1,150,20.9393,1
oma_e40,4,4,20,0,1,151,27.9635,0
oma_e40,4,4,20,0,1,152,22.6264,0
oma_e40,4,4,20,0,1,153,27.1154,0
oma_e40,4,4,20,0,1,154,19.3736,1
oma_e40,4,4,20,0,1,155,28.8447,1
oma_e40,4,4,20,0,1,156,24.2978,0
oma_e40,4,4,20,0,1,157,19.5730,1
oma_e40,4,4,20,0,1,158,20.1349,1
oma_e40,4,4,20,0,1,159,24.3641,1
oma_e40,4,4,20,0,1,160,22.3097,0
oma_e40,4,4,20,0,1,161,27.9116,0
oma_e40,4,4,20,0,1,162,24.0344,0
oma_e40,4,4,20,0,1,163,19.5576,0
oma_e40,4,4,20,0,1,164,22.9144,0
oma_e40,4,4,20,0,1,165,24.0433,0
oma_e40,4,4,20,0,1,166,27.3813,0
oma_e40,4,4,20,0,1,167,23.5987,0
oma_e40,4,4,20,0,1,168,24.2548,0
oma_e40,4,4,20,0,1,169,22.7613,0
oma_e40,4,4,20,0,1,170,27.5987,0
oma_e40,4,4,20,0,1,171,21.7048,0
oma_e40,4,4,20,0,1,172,23.0529,1
oma_e40,4,4,20,0,1,173,22.2603,0
oma_e40,4,4,20,0,1,174,27.5692,0
oma_e40,4,4,20,0,2,150,24.0858,0
oma_e40,4,4,20,0,2,151,19.0945,0
oma_e40,4,4,20,0,2,152,28.2438,0
oma_e40,4,4,20,0,2,153,24.9074,0
oma_e40,4,4,20,0,2,154,32.0285,0
oma_e40,4,4,20,0,2,155,24.7985,0
oma_e40,4,4,20,0,2,156,24.2024,0
oma_e40,4,4,20,0,2,157,20.8411,1
oma_e40,4,4,20,0,2,158,27.8573,0
oma_e40,4,4,20,0,2,159,24.6254,0
oma_e40,4,4,20,0,2,160,20.6496,0
oma_e40,4,4,20,0,2,161,23.3954,0
oma_e40,4,4,20,0,2,162,20.5941,0
oma_e40,4,4,20,0,2,163,24.7551,1
oma_e40,4,4,20,0,2,164,27.1424,0
oma_e40,4,4,20,0,2,165,25.2060,0
oma_e40,4,4,20,0,2,166,21.7472,0
oma_e40,4,4,20,0,2,167,24.9433,0
oma_e40,4,4,20,0,2,168,24.1830,0
oma_e40,4,4,20,0,2,169,21.1703,0
oma_e40,4,4,20,0,2,170,24.3615,0
oma_e40,4,4,20,0,2,171,25.6507,0
oma_e40,4,4,20,0,2,172,23.2781,0
oma_e40,4,4,20,0,2,173,20.4940,1
oma_e40,4,4,20,0,2,174,19.3031,0
oma_e40,4,4,20,0,3,150,22.0258,0
oma_e40,4,4,20,0,3,151,23.2787,0
oma_e40,4,4,20,0,3,152,26.6430,0
oma_e40,4,4,20,0,3,153,22.6617,0
oma_e40,4,4,20,0,3,154,28.7476,0
oma_e40,4,4,20,0,3,155,25.7846,0
oma_e40,4,4,20,0,3,156,21.8274,0
oma_e40,4,4,20,0,3,157,32.0586,0
oma_e40,4,4,20,0,3,158,20.7072,0
oma_e40,4,4,20,0,3,159,26.2242,0
oma_e40,4,4,20,0,3,160,25.2636,0
oma_e40,4,4,20,0,3,161,20.9420,0
oma_e40,4,4,20,0,3,162,20.2784,0
oma_e40,4,4,20,0,3,163,22.4023,1
oma_e40,4,4,20,0,3,164,25.5248,0
oma_e40,4,4,20,0,3,165,23.4138,0
oma_e40,4,4,20,0,3,166,23.6258,0
oma_e40,4,4,20,0,3,167,25.0195,0
oma_e40,4,4,20,0,3,168,23.2435,1
oma_e40,4,4,20,0,3,169,23.5948,0
oma_e40,4,4,20,0,3,170,27.7560,0
oma_e40,4,4,20,0,3,171,22.9987,0
oma_e40,4,4,20,0,3,172,21.6678,0
oma_e40,4,4,20,0,3,173,21.7922,1
oma_e40,4,4,20,0,3,174,26.1216,0
oma_e40,4,4,20,0,0,175,28.5884,0
oma_e40,4,4,20,0,0,176,28.4945,0
oma_e40,4,4,20,0,0,177,25.4823,0
oma_e40,4,4,20,0,0,178,25.6573,0
oma_e40,4,4,20,0,0,179,23.8559,0
oma_e40,4,4,20,0,0,180,27.4558,0
oma_e40,4,4,20,0,0,181,18.6792,1
oma_e40,4,4,20,0,0,182,23.6753,0
oma_e40,4,4,20,0,0,183,23.8530,0
oma_e40,4,4,20,0,0,184,25.2941,0
oma_e40,4,4,20,0,0,185,23.5572,0
oma_e40,4,4,20,0,0,186,21.4203,1
oma_e40,4,4,20,0,0,187,27.7533,0
oma_e40,4,4,20,0,0,188,20.6122,0
oma_e40,4,4,20,0,0,189,26.1716,0
oma_e40,4,4,20,0,0,190,24.2076,0
oma_e40,4,4,20,0,0,191,23.4532,0
oma_e40,4,4,20,0,0,192,25.4799,1
oma_e40,4,4,20,0,0,193,27.5178,0
oma_e40,4,4,20,0,0,194,21.0589,0
oma_e40,4,4,20,0,0,195,24.8102,0
oma_e40,4,4,20,0,0,196,26.9715,0
oma_e40,4,4,20,0,0,197,29.5360,0
oma_e40,4,4,20,0,0,198,25.2320,0
oma_e40,4,4,20,0,0,199,26.8610,0
oma_e40,4,4,20,0,1,175,23.9218,0
oma_e40,4,4,20,0,1,176,24.6101,0
oma_e40,4,4,20,0,1,177,24.6374,0
oma_e40,4,4,20,0,1,178,29.1770,0
oma_e40,4,4,20,0,1,179,23.4195,1
oma_e40,4,4,20,0,1,180,24.3190,0
oma_e40,4,4,20,0,1,181,15.5221,1
oma_e40,4,4,20,0,1,182,23.2865,0
oma_e40,4,4,20,0,1,183,21.1676,1
oma_e40,4,4,20,0,1,184,24.6302,0
oma_e40,4,4,20,0,1,185,20.5688,1
oma_e40,4,4,20,0,1,186,19.9045,1
oma_e40,4,4,20,0,1,187,23.6736,0
oma_e40,4,4,20,0,1,188,23.6618,0
oma_e40,4,4,20,0,1,189,23.2398,0
oma_e40,4,4,20,0,1,190,25.2051,0
oma_e40,4,4,20,0,1,191,21.5398,0
oma_e40,4,4,20,0,1,192,23.2861,0
oma_e40,4,4,20,0,1,193,25.0312,0
oma_e40,4,4,20,0,1,194,22.6933,0
oma_e40,4,4,20,0,1,195,23.4011,0
oma_e40,4,4,20,0,1,196,20.5245,0
oma_e40,4,4,20,0,1,197,24.8693,0
oma_e40,4,4,20,0,1,198,23.4380,0
oma_e40,4,4,20,0,1,199,19.6735,0
oma_e40,4,4,20,0,2,175,20.4391,0
oma_e40,4,4,20,0,2,176,28.7617,1
oma_e40,4,4,20,0,2,177,27.4597,0
oma_e40,4,4,20,0,2,178,21.3791,1
oma_e40,4,4,20,0,2,179,23.6021,0
oma_e40,4,4,20,0,2,180,22.3439,0
oma_e40,4,4,20,0,2,181,16.9580,1
oma_e40,4,4,20,0,2,182,21.5674,0
oma_e40,4,4,20,0,2,183,24.3148,0
oma_e40,4,4,20,0,2,184,22.8216,0
oma_e40,4,4,20,0,2,185,26.9920,0
oma_e40,4,4,20,0,2,186,19.6630,0
oma_e40,4,4,20,0,2,187,26.5355,0
oma_e40,4,4,20,0,2,188,25.6781,0
oma_e40,4,4,20,0,2,189,24.5870,0
oma_e40,4,4,20,0,2,190,25.0051,0
oma_e40,4,4,20,0,2,191,23.1387,1
oma_e40,4,4,20,0,2,192,26.4519,0
oma_e40,4,4,20,0,2,193,26.9602,0
oma_e40,4,4,20,0,2,194,22.2525,0
oma_e40,4,4,20,0,2,195,33.2439,0
oma_e40,4,4,20,0,2,196,20.6331,0
oma_e40,4,4,20,0,2,197,27.2289,1
oma_e40,4,4,20,0,2,198,24.5708,0
oma_e40,4,4,20,0,2,199,24.0152,0
oma_e40,4,4,20,0,3,175,26.8119,0
oma_e40,4,4,20,0,3,176,22.4909,0
oma_e40,4,4,20,0,3,177,25.9178,0
oma_e40,4,4,20,0,3,178,25.8195,0
oma_e40,4,4,20,0,3,179,18.0909,1
oma_e40,4,4,20,0,3,180,23.1274,0
oma_e40,4,4,20,0,3,181,16.8093,1
oma_e40,4,4,20,0,3,182,20.0267,0
oma_e40,4,4,20,0,3,183,15.5336,0
oma_e40,4,4,20,0,3,184,26.3505,0
oma_e40,4,4,20,0,3,185,27.0434,0
oma_e40,4,4,20,0,3,186,23.9761,0
oma_e40,4,4,20,0,3,187,24.0094,0
oma_e40,4,4,20,0,3,188,25.0199,0
oma_e40,4,4,20,0,3,189,23.6948,0
oma_e40,4,4,20,0,3,190,22.1379,0
oma_e40,4,4,20,0,3,191,23.6378,0
oma_e40,4,4,20,0,3,192,25.3821,0
oma_e40,4,4,20,0,3,193,22.5979,0
oma_e40,4,4,20,0,3,194,24.8476,0
oma_e40,4,4,20,0,3,195,27.0471,0
oma_e40,4,4,20,0,3,196,24.4707,0
oma_e40,4,4,20,0,3,197,21.8290,0
oma_e40,4,4,20,0,3,198,24.2984,0
oma_e40,4,4,20,0,3,199,24.4217,0
oma_e40,4,4,20,1,0,0,23.3165,0
oma_e40,4,4,20,1,0,1,24.8842,0
oma_e40,4,4,20,1,0,2,23.8816,0
oma_e40,4,4,20,1,0,3,23.4239,0
oma_e40,4,4,20,1,0,4,22.1088,0
oma_e40,4,4,20,1,0,5,22.4343,0
oma_e40,4,4,20,1,0,6,25.6793,0
oma_e40,4,4,20,1,0,7,20.0260,0
oma_e40,4,4,20,1,0,8,22.9705,1
oma_e40,4,4,20,1,0,9,23.4081,0
oma_e40,4,4,20,1,0,10,23.8891,0
oma_e40,4,4,20,1,0,11,19.3738,0
oma_e40,4,4,20,1,0,12,23.5677,0
oma_e40,4,4,20,1,0,13,20.7540,0
oma_e40,4,4,20,1,0,14,22.4138,1
oma_e40,4,4,20,1,0,15,22.9978,1
oma_e40,4,4,20,1,0,16,25.7789,0
oma_e40,4,4,20,1,0,17,23.2118,0
oma_e40,4,4,20,1,0,18,22.8880,0
oma_e40,4,4,20,1,0,19,22.8805,0
oma_e40,4,4,20,1,0,20,22.2227,0
oma_e40,4,4,20,1,0,21,18.0741,0
oma_e40,4,4,20,1,0,22,29.1825,0
oma_e40,4,4,20,1,0,23,22.7514,0
oma_e40,4,4,20,1,0,24,21.1949,0
oma_e40,4,4,20,1,1,0,30.7029,0
oma_e40,4,4,20,1,1,1,21.2553,1
oma_e40,4,4,20,1,1,2,26.1489,0
oma_e40,4,4,20,1,1,3,26.8057,0
oma_e40,4,4,20,1,1,4,22.0660,0
oma_e40,4,4,20,1,1,5,19.1228,0
oma_e40,4,4,20,1,1,6,22.3591,0
oma_e40,4,4,20,1,1,7,23.2340,0
oma_e40,4,4,20,1,1,8,24.7233,0
oma_e40,4,4,20,1,1,9,20.7781,0
oma_e40,4,4,20,1,1,10,20.7772,1
oma_e40,4,4,20,1,1,11,24.3630,0
oma_e40,4,4,20,1,1,12,26.7208,0
oma_e40,4,4,20,1,1,13,22.9082,0
oma_e40,4,4,20,1,1,14,24.1968,1
oma_e40,4,4,20,1,1,15,24.9190,0
oma_e40,4,4,20,1,1,16,22.8012,0
oma_e40,4,4,20,1,1,17,23.6314,1
oma_e40,4,4,20,1,1,18,24.3687,0
oma_e40,4,4,20,1,1,19,25.0234,0
oma_e40,4,4,20,1,1,20,29.0368,0
oma_e40,4,4,20,1,1,21,23.3764,0
oma_e40,4,4,20,1,1,22,22.4863,0
oma_e40,4,4,20,1,1,23,19.9564,0
oma_e40,4,4,20,1,1,24,20.9205,0
oma_e40,4,4,20,1,2,0,22.8673,0
oma_e40,4,4,20,1,2,1,23.3736,0
oma_e40,4,4,20,1,2,2,25.5275,0
oma_e40,4,4,20,1,2,3,22.7085,0
oma_e40,4,4,20,1,2,4,26.2133,0
oma_e40,4,4,20,1,2,5,21.9808,0
oma_e40,4,4,20,1,2,6,23.0996,0
oma_e40,4,4,20,1,2,7,22.7722,0
oma_e40,4,4,20,1,2,8,19.5661,1
oma_e40,4,4,20,1,2,9,23.2887,0
oma_e40,4,4,20,1,2,10,22.8296,0
oma_e40,4,4,20,1,2,11,26.3706,0
oma_e40,4,4,20,1,2,12,23.7887,0
oma_e40,4,4,20,1,2,13,21.4100,0
oma_e40,4,4,20,1,2,14,26.3409,1
oma_e40,4,4,20,1,2,15,26.4735,1
oma_e40,4,4,20,1,2,16,24.8554,0
oma_e40,4,4,20,1,2,17,23.3326,1
oma_e40,4,4,20,1,2,18,21.1895,0
oma_e40,4,4,20,1,2,19,26.5358,0
oma_e40,4,4,20,1,2,20,21.0504,0
oma_e40,4,4,20,1,2,21,20.8933,0
oma_e40,4,4,20,1,2,22,24.5599,0
oma_e40,4,4,20,1,2,23,24.7348,0
oma_e40,4,4,20,1,2,24,27.7660,0
oma_e40,4,4,20,1,3,0,24.2676,1
oma_e40,4,4,20,1,3,1,20.0872,1
oma_e40,4,4,20,1,3,2,23.2485,0
oma_e40,4,4,20,1,3,3,21.6370,0
oma_e40,4,4,20,1,3,4,22.9978,0
oma_e40,4,4,20,1,3,5,19.1185,1
oma_e40,4,4,20,1,3,6,20.7846,0
oma_e40,4,4,20,1,3,7,24.0234,0
oma_e40,4,4,20,1,3,8,25.0626,0
oma_e40,4,4,20,1,3,9,28.2380,0
oma_e40,4,4,20,1,3,10,25.0704,0
oma_e40,4,4,20,1,3,11,22.4224,0
oma_e40,4,4,20,1,3,12,21.4319,0
oma_e40,4,4,20,1,3,13,20.7242,0
oma_e40,4,4,20,1,3,14,20.2746,0
oma_e40,4,4,20,1,3,15,20.3941,0
oma_e40,4,4,20,1,3,16,24.9708,0
oma_e40,4,4,20,1,3,17,23.4943,0
oma_e40,4,4,20,1,3,18,30.2562,0
oma_e40,4,4,20,1,3,19,18.5249,0
oma_e40,4,4,20,1,3,20,26.4093,0
oma_e40,4,4,20,1,3,21,28.7921,0
oma_e40,4,4,20,1,3,22,25.3301,0
oma_e40,4,4,20,1,3,23,22.9378,0
oma_e40,4,4,20,1,3,24,24.9507,0
oma_e40,4,4,20,1,0,25,19.0645,1
oma_e40,4,4,20,1,0,26,23.9037,0
oma_e40,4,4,20,1,0,27,23.7449,0
oma_e40,4,4,20,1,0,28,23.8148,0
oma_e40,4,4,20,1,0,29,22.2095,0
oma_e40,4,4,20,1,0,30,23.0709,0
oma_e40,4,4,20,1,0,31,21.1947,0
oma_e40,4,4,20,1,0,32,21.8630,1
oma_e40,4,4,20,1,0,33,24.7275,0
oma_e40,4,4,20,1,0,34,24.0958,0
oma_e40,4,4,20,1,0,35,14.8920,1
oma_e40,4,4,20,1,0,36,21.8026,0
oma_e40,4,4,20,1,0,37,26.4107,0
oma_e40,4,4,20,1,0,38,23.2761,1
oma_e40,4,4,20,1,0,39,27.7897,0
oma_e40,4,4,20,1,0,40,26.7190,0
oma_e40,4,4,20,1,0,41,22.1837,0
oma_e40,4,4,20,1,0,42,26.6243,0
oma_e40,4,4,20,1,0,43,22.5832,0
oma_e40,4,4,20,1,0,44,25.4758,0
oma_e40,4,4,20,1,0,45,20.7368,1
oma_e40,4,4,20,1,0,46,21.2393,0
oma_e40,4,4,20,1,0,47,24.0179,0
oma_e40,4,4,20,1,0,48,22.6378,0
oma_e40,4,4,20,1,0,49,27.0122,0
oma_e40,4,4,20,1,1,25,24.2443,0
oma_e40,4,4,20,1,1,26,22.2229,0
oma_e40,4,4,20,1,1,27,21.1276,0
oma_e40,4,4,20,1,1,28,22.3992,0
oma_e40,4,4,20,1,1,29,23.9700,0
oma_e40,4,4,20,1,1,30,23.0117,0
oma_e40,4,4,20,1,1,31,20.4817,0
oma_e40,4,4,20,1,1,32,26.4883,0
oma_e40,4,4,20,1,1,33,28.9616,0
oma_e40,4,4,20,1,1,34,23.7775,0
oma_e40,4,4,20,1,1,35,15.3732,1
oma_e40,4,4,20,1,1,36,24.8863,0
oma_e40,4,4,20,1,1,37,22.0655,0
oma_e40,4,4,20,1,1,38,21.4925,0
oma_e40,4,4,20,1,1,39,24.2784,0
oma_e40,4,4,20,1,1,40,25.5888,0
oma_e40,4,4,20,1,1,41,26.0018,1
oma_e40,4,4,20,1,1,42,33.5654,0
oma_e40,4,4,20,1,1,43,22.7720,0
oma_e40,4,4,20,1,1,44,17.6500,0
oma_e40,4,4,20,1,1,45,20.8586,1
oma_e40,4,4,20,1,1,46,23.1983,0
oma_e40,4,4,20,1,1,47,19.9305,0
oma_e40,4,4,20,1,1,48,25.3718,0
oma_e40,4,4,20,1,1,49,23.1031,0
oma_e40,4,4,20,1,2,25,23.6631,0
oma_e40,4,4,20,1,2,26,22.5708,0
oma_e40,4,4,20,1,2,27,26.8936,0
oma_e40,4,4,20,1,2,28,25.3747,0
oma_e40,4,4,20,1,2,29,22.4725,0
oma_e40,4,4,20,1,2,30,17.6304,0
oma_e40,4,4,20,1,2,31,26.0678,0
oma_e40,4,4,20,1,2,32,18.4008,0
oma_e40,4,4,20,1,2,33,22.3442,0
oma_e40,4,4,20,1,2,34,24.7098,0
oma_e40,4,4,20,1,2,35,14.3832,1
oma_e40,4,4,20,1,2,36,21.9894,0
oma_e40,4,4,20,1,2,37,19.8471,0
oma_e40,4,4,20,1,2,38,21.0991,1
oma_e40,4,4,20,1,2,39,25.1626,0
oma_e40,4,4,20,1,2,40,25.4973,0
oma_e40,4,4,20,1,2,41,23.4176,1
oma_e40,4,4,20,1,2,42,22.1624,0
oma_e40,4,4,20,1,2,43,26.6629,0
oma_e40,4,4,20,1,2,44,21.0148,0
oma_e40,4,4,20,1,2,45,25.1936,0
oma_e40,4,4,20,1,2,46,22.5779,0
oma_e40,4,4,20,1,2,47,24.4474,0
oma_e40,4,4,20,1,2,48,26.0838,0
oma_e40,4,4,20,1,2,49,22.6047,0
oma_e40,4,4,20,1,3,25,26.0844,0
oma_e40,4,4,20,1,3,26,23.2370,0
oma_e40,4,4,20,1,3,27,21.8124,0
oma_e40,4,4,20,1,3,28,24.5549,0
oma_e40,4,4,20,1,3,29,25.4336,0
oma_e40,4,4,20,1,3,30,26.1126,0
oma_e40,4,4,20,1,3,31,19.8733,0
oma_e40,4,4,20,1,3,32,25.8388,0
oma_e40,4,4,20,1,3,33,29.5291,0
oma_e40,4,4,20,1,3,34,23.8545,0
oma_e40,4,4,20,1,3,35,15.0938,0
oma_e40,4,4,20,1,3,36,21.8901,0
oma_e40,4,4,20,1,3,37,21.6109,0
oma_e40,4,4,20,1,3,38,26.1061,0
oma_e40,4,4,20,1,3,39,27.7918,0
oma_e40,4,4,20,1,3,40,26.1536,0
oma_e40,4,4,20,1,3,41,22.1049,1
oma_e40,4,4,20,1,3,42,22.7730,0
oma_e40,4,4,20,1,3,43,22.3115,0
oma_e40,4,4,20,1,3,44,21.4615,1
oma_e40,4,4,20,1,3,45,23.5755,0
oma_e40,4,4,20,1,3,46,24.8618,0
oma_e40,4,4,20,1,3,47,21.7551,0
oma_e40,4,4,20,1,3,48,24.2148,0
oma_e40,4,4,20,1,3,49,23.5376,0
oma_e40,4,4,20,1,0,50,25.7159,0
oma_e40,4,4,20,1,0,51,24.4517,0
oma_e40,4,4,20,1,0,52,20.2535,0
oma_e40,4,4,20,1,0,53,24.9609,0
oma_e40,4,4,20,1,0,54,21.6196,0
oma_e40,4,4,20,1,0,55,17.2930,0
oma_e40,4,4,20,1,0,56,16.6196,1
oma_e40,4,4,20,1,0,57,20.8971,0
oma_e40,4,4,20,1,0,58,23.5490,0
oma_e40,4,4,20,1,0,59,25.3217,1
oma_e40,4,4,20,1,0,60,25.5592,0
oma_e40,4,4,20,1,0,61,25.6770,0
oma_e40,4,4,20,1,0,62,23.1603,1
oma_e40,4,4,20,1,0,63,23.6799,0
oma_e40,4,4,20,1,0,64,26.9368,0
oma_e40,4,4,20,1,0,65,20.0755,0
oma_e40,4,4,20,1,0,66,23.3991,0
oma_e40,4,4,20,1,0,67,28.0975,0
oma_e40,4,4,20,1,0,68,23.7118,0
oma_e40,4,4,20,1,0,69,23.9384,0
oma_e40,4,4,20,1,0,70,25.6157,1
oma_e40,4,4,20,1,0,71,24.0353,0
oma_e40,4,4,20,1,0,72,24.6597,0
oma_e40,4,4,20,1,0,73,27.0342,0
oma_e40,4,4,20,1,0,74,22.1434,0
oma_e40,4,4,20,1,1,50,23.5103,1
oma_e40,4,4,20,1,1,51,23.3183,0
oma_e40,4,4,20,1,1,52,24.7274,0
oma_e40,4,4,20,1,1,53,23.9717,0
oma_e40,4,4,20,1,1,54,17.5520,0
oma_e40,4,4,20,1,1,55,25.9907,0
oma_e40,4,4,20,1,1,56,20.4280,1
oma_e40,4,4,20,1,1,57,22.7514,0
oma_e40,4,4,20,1,1,58,24.7956,0
oma_e40,4,4,20,1,1,59,20.4196,0
oma_e40,4,4,20,1,1,60,27.3380,0
oma_e40,4,4,20,1,1,61,25.3296,0
oma_e40,4,4,20,1,1,62,25.8019,0
oma_e40,4,4,20,1,1,63,31.2103,1
oma_e40,4,4,20,1,1,64,26.3370,0
oma_e40,4,4,20,1,1,65,26.9524,0
oma_e40,4,4,20,1,1,66,25.8300,0
oma_e40,4,4,20,1,1,67,23.4598,0
oma_e40,4,4,20,1,1,68,21.9140,0
oma_e40,4,4,20,1,1,69,26.0408,1
oma_e40,4,4,20,1,1,70,21.4457,1
oma_e40,4,4,20,1,1,71,28.5183,0
oma_e40,4,4,20,1,1,72,26.1161,0
oma_e40,4,4,20,1,1,73,21.5146,0
oma_e40,4,4,20,1,1,74,23.7086,0
oma_e40,4,4,20,1,2,50,21.9513,0
oma_e40,4,4,20,1,2,51,25.0556,0
oma_e40,4,4,20,1,2,52,25.5159,0
oma_e40,4,4,20,1,2,53,22.7395,0
oma_e40,4,4,20,1,2,54,19.2673,0
oma_e40,4,4,20,1,2,55,30.3190,0
oma_e40,4,4,20,1,2,56,21.7777,1
oma_e40,4,4,20,1,2,57,26.7211,0
oma_e40,4,4,20,1,2,58,21.1499,0
oma_e40,4,4,20,1,2,59,21.2733,0
oma_e40,4,4,20,1,2,60,21.3367,1
oma_e40,4,4,20,1,2,61,24.3635,0
oma_e40,4,4,20,1,2,62,21.9641,0
oma_e40,4,4,20,1,2,63,23.0530,0
oma_e40,4,4,20,1,2,64,20.4022,0
oma_e40,4,4,20,1,2,65,24.8426,0
oma_e40,4,4,20,1,2,66,23.8258,0
oma_e40,4,4,20,1,2,67,24.1651,0
oma_e40,4,4,20,1,2,68,22.0485,1
oma_e40,4,4,20,1,2,69,28.5437,0
oma_e40,4,4,20,1,2,70,21.1771,0
oma_e40,4,4,20,1,2,71,24.4487,0
oma_e40,4,4,20,1,2,72,24.1715,0
oma_e40,4,4,20,1,2,73,21.2996,0
oma_e40,4,4,20,1,2,74,20.8430,0
oma_e40,4,4,20,1,3,50,22.4860,1
oma_e40,4,4,20,1,3,51,27.1698,0
oma_e40,4,4,20,1,3,52,23.9047,1
oma_e40,4,4,20,1,3,53,21.9230,0
oma_e40,4,4,20,1,3,54,25.0578,0
oma_e40,4,4,20,1,3,55,24.3530,0
oma_e40,4,4,20,1,3,56,22.7502,1
oma_e40,4,4,20,1,3,57,24.0290,0
oma_e40,4,4,20,1,3,58,22.5395,0
oma_e40,4,4,20,1,3,59,25.0240,0
oma_e40,4,4,20,1,3,60,24.6449,0
oma_e40,4,4,20,1,3,61,27.8453,0
oma_e40,4,4,20,1,3,62,22.1251,0
oma_e40,4,4,20,1,3,63,26.1299,0
oma_e40,4,4,20,1,3,64,28.9615,0
oma_e40,4,4,20,1,3,65,26.9098,0
oma_e40,4,4,20,1,3,66,25.5270,0
oma_e40,4,4,20,1,3,67,22.0606,0
oma_e40,4,4,20,1,3,68,25.0507,0
oma_e40,4,4,20,1,3,69,27.8959,0
oma_e40,4,4,20,1,3,70,24.6834,0
oma_e40,4,4,20,1,3,71,23.4741,0
oma_e40,4,4,20,1,3,72,24.7956,0
oma_e40,4,4,20,1,3,73,26.2212,0
oma_e40,4,4,20,1,3,74,23.8731,0
oma_e40,4,4,20,1,0,75,20.6719,0
oma_e40,4,4,20,1,0,76,26.6675,0
oma_e40,4,4,20,1,0,77,22.1249,0
oma_e40,4,4,20,1,0,78,24.3073,0
oma_e40,4,4,20,1,0,79,26.5614,0
oma_e40,4,4,20,1,0,80,22.7525,0
oma_e40,4,4,20,1,0,81,21.4510,0
oma_e40,4,4,20,1,0,82,22.8265,0
oma_e40,4,4,20,1,0,83,18.4433,1
oma_e40,4,4,20,1,0,84,22.0264,0
oma_e40,4,4,20,1,0,85,18.5474,1
oma_e40,4,4,20,1,0,86,21.8758,0
oma_e40,4,4,20,1,0,87,21.1007,0
oma_e40,4,4,20,1,0,88,24.0995,0
oma_e40,4,4,20,1,0,89,22.9366,0
oma_e40,4,4,20,1,0,90,22.7896,0
oma_e40,4,4,20,1,0,91,16.7858,1
oma_e40,4,4,20,1,0,92,24.3346,0
oma_e40,4,4,20,1,0,93,22.8695,1
oma_e40,4,4,20,1,0,94,23.6412,1
oma_e40,4,4,20,1,0,95,23.4569,0
oma_e40,4,4,20,1,0,96,26.8317,0
oma_e40,4,4,20,1,0,97,25.5586,0
oma_e40,4,4,20,1,0,98,24.9150,0
oma_e40,4,4,20,1,0,99,27.2109,0
oma_e40,4,4,20,1,1,75,22.5268,0
oma_e40,4,4,20,1,1,76,24.6523,0
oma_e40,4,4,20,1,1,77,28.2720,0
oma_e40,4,4,20,1,1,78,24.1562,1
oma_e40,4,4,20,1,1,79,22.1555,1
oma_e40,4,4,20,1,1,80,21.3926,0
oma_e40,4,4,20,1,1,81,27.0775,1
oma_e40,4,4,20,1,1,82,30.1830,0
oma_e40,4,4,20,1,1,83,22.3694,1
oma_e40,4,4,20,1,1,84,20.1164,0
oma_e40,4,4,20,1,1,85,22.2289,1
oma_e40,4,4,20,1,1,86,27.4507,0
oma_e40,4,4,20,1,1,87,25.4975,1
oma_e40,4,4,20,1,1,88,23.4948,0
oma_e40,4,4,20,1,1,89,23.6031,0
oma_e40,4,4,20,1,1,90,21.0883,1
oma_e40,4,4,20,1,1,91,16.6179,1
oma_e40,4,4,20,1,1,92,23.3247,0
oma_e40,4,4,20,1,1,93,22.9697,0
oma_e40,4,4,20,1,1,94,25.3873,0
oma_e40,4,4,20,1,1,95,21.7324,0
oma_e40,4,4,20,1,1,96,23.3451,0
oma_e40,4,4,20,1,1,97,29.1460,0
oma_e40,4,4,20,1,1,98,21.5843,0
oma_e40,4,4,20,1,1,99,25.6097,0
oma_e40,4,4,20,1,2,75,19.3010,1
oma_e40,4,4,20,1,2,76,24.5731,0
oma_e40,4,4,20,1,2,77,23.6763,0
oma_e40,4,4,20,1,2,78,25.3036,0
oma_e40,4,4,20,1,2,79,18.8295,0
oma_e40,4,4,20,1,2,80,24.7237,0
oma_e40,4,4,20,1,2,81,23.4657,1
oma_e40,4,4,20,1,2,82,25.4003,0
oma_e40,4,4,20,1,2,83,21.6966,0
oma_e40,4,4,20,1,2,84,27.0834,0
oma_e40,4,4,20,1,2,85,18.4466,1
oma_e40,4,4,20,1,2,86,23.9074,0
oma_e40,4,4,20,1,2,87,24.5284,0
oma_e40,4,4,20,1,2,88,25.6249,0
oma_e40,4,4,20,1,2,89,22.3873,0
oma_e40,4,4,20,1,2,90,24.2172,1
oma_e40,4,4,20,1,2,91,16.8578,0
oma_e40,4,4,20,1,2,92,23.6648,1
oma_e40,4,4,20,1,2,93,23.6335,1
oma_e40,4,4,20,1,2,94,21.8081,0
oma_e40,4,4,20,1,2,95,27.0265,0
oma_e40,4,4,20,1,2,96,24.0629,0
oma_e40,4,4,20,1,2,97,25.4793,0
oma_e40,4,4,20,1,2,98,26.3353,0
oma_e40,4,4,20,1,2,99,22.4522,0
oma_e40,4,4,20,1,3,75,29.0094,0
oma_e40,4,4,20,1,3,76,25.5824,0
oma_e40,4,4,20,1,3,77,26.0586,0
oma_e40,4,4,20,1,3,78,23.5321,0
oma_e40,4,4,20,1,3,79,22.9149,0
oma_e40,4,4,20,1,3,80,27.0531,0
oma_e40,4,4,20,1,3,81,22.6773,0
oma_e40,4,4,20,1,3,82,25.6623,0
oma_e40,4,4,20,1,3,83,23.5577,1
oma_e40,4,4,20,1,3,84,26.2515,1
oma_e40,4,4,20,1,3,85,18.7551,0
oma_e40,4,4,20,1,3,86,21.7498,0
oma_e40,4,4,20,1,3,87,18.4245,0
oma_e40,4,4,20,1,3,88,25.2364,0
oma_e40,4,4,20,1,3,89,25.0279,0
oma_e40,4,4,20,1,3,90,19.5653,0
oma_e40,4,4,20,1,3,91,17.1092,1
oma_e40,4,4,20,1,3,92,23.9530,0
oma_e40,4,4,20,1,3,93,23.0898,0
oma_e40,4,4,20,1,3,94,26.6365,0
oma_e40,4,4,20,1,3,95,20.2840,0
oma_e40,4,4,20,1,3,96,25.1933,0
oma_e40,4,4,20,1,3,97,23.1825,0
oma_e40,4,4,20,1,3,98,24.3740,0
oma_e40,4,4,20,1,3,99,28.4687,0
oma_e40,4,4,20,1,0,100,19.9165,0
oma_e40,4,4,20,1,0,101,25.7693,0
oma_e40,4,4,20,1,0,102,22.7858,0
oma_e40,4,4,20,1,0,103,20.7025,0
oma_e40,4,4,20,1,0,104,23.0408,0
oma_e40,4,4,20,1,0,105,23.7847,0
oma_e40,4,4,20,1,0,106,12.6391,1
oma_e40,4,4,20,1,0,107,23.0999,1
oma_e40,4,4,20,1,0,108,25.9176,0
oma_e40,4,4,20,1,0,109,23.9259,0
oma_e40,4,4,20,1,0,110,20.8403,0
oma_e40,4,4,20,1,0,111,25.6351,0
oma_e40,4,4,20,1,0,112,22.8155,0
oma_e40,4,4,20,1,0,113,26.0690,0
oma_e40,4,4,20,1,0,114,24.2102,0
oma_e40,4,4,20,1,0,115,23.2780,0
oma_e40,4,4,20,1,0,116,23.7599,0
oma_e40,4,4,20,1,0,117,23.6075,0
oma_e40,4,4,20,1,0,118,25.0938,1
oma_e40,4,4,20,1,0,119,26.2044,0
oma_e40,4,4,20,1,0,120,19.6246,1
oma_e40,4,4,20,1,0,121,25.6937,0
oma_e40,4,4,20,1,0,122,18.6498,0
oma_e40,4,4,20,1,0,123,20.1627,0
oma_e40,4,4,20,1,0,124,21.4437,0
oma_e40,4,4,20,1,1,100,23.4100,0
oma_e40,4,4,20,1,1,101,21.4027,1
oma_e40,4,4,20,1,1,102,20.5930,1
oma_e40,4,4,20,1,1,103,24.5114,0
oma_e40,4,4,20,1,1,104,21.7883,1
oma_e40,4,4,20,1,1,105,30.4093,0
oma_e40,4,4,20,1,1,106,10.8687,1
oma_e40,4,4,20,1,1,107,28.7576,0
oma_e40,4,4,20,1,1,108,26.6649,0
oma_e40,4,4,20,1,1,109,23.5812,0
oma_e40,4,4,20,1,1,110,21.9324,1
oma_e40,4,4,20,1,1,111,25.7906,0
oma_e40,4,4,20,1,1,112,24.4599,0
oma_e40,4,4,20,1,1,113,24.8314,0
oma_e40,4,4,20,1,1,114,22.8965,1
oma_e40,4,4,20,1,1,115,22.3669,1
oma_e40,4,4,20,1,1,116,20.2013,0
oma_e40,4,4,20,1,1,117,24.5215,0
oma_e40,4,4,20,1,1,118,27.8559,0
oma_e40,4,4,20,1,1,119,21.5457,0
oma_e40,4,4,20,1,1,120,20.2789,1
oma_e40,4,4,20,1,1,121,26.9047,0
oma_e40,4,4,20,1,1,122,23.4943,0
oma_e40,4,4,20,1,1,123,27.5328,0
oma_e40,4,4,20,1,1,124,25.6337,0
oma_e40,4,4,20,1,2,100,26.4413,0
oma_e40,4,4,20,1,2,101,24.2975,0
oma_e40,4,4,20,1,2,102,21.1789,1
oma_e40,4,4,20,1,2,103,20.6296,0
oma_e40,4,4,20,1,2,104,26.0653,0
oma_e40,4,4,20,1,2,105,21.0017,0
oma_e40,4,4,20,1,2,106,14.2280,1
oma_e40,4,4,20,1,2,107,20.2577,0
oma_e40,4,4,20,1,2,108,21.4534,0
oma_e40,4,4,20,1,2,109,24.9042,0
oma_e40,4,4,20,1,2,110,25.2755,0
oma_e40,4,4,20,1,2,111,26.5797,0
oma_e40,4,4,20,1,2,112,26.1212,0
oma_e40,4,4,20,1,2,113,23.9574,1
oma_e40,4,4,20,1,2,114,25.5729,0
oma_e40,4,4,20,1,2,115,21.2952,1
oma_e40,4,4,20,1,2,116,21.9018,0
oma_e40,4,4,20,1,2,117,23.6682,0
oma_e40,4,4,20,1,2,118,22.0257,0
oma_e40,4,4,20,1,2,119,25.8002,1
oma_e40,4,4,20,1,2,120,18.7814,0
oma_e40,4,4,20,1,2,121,21.0428,0
oma_e40,4,4,20,1,2,122,23.8562,1
oma_e40,4,4,20,1,2,123,29.0180,0
oma_e40,4,4,20,1,2,124,24.1092,1
oma_e40,4,4,20,1,3,100,24.8493,0
oma_e40,4,4,20,1,3,101,22.8695,1
oma_e40,4,4,20,1,3,102,22.0577,0
oma_e40,4,4,20,1,3,103,22.2675,0
oma_e40,4,4,20,1,3,104,25.8144,1
oma_e40,4,4,20,1,3,105,22.4760,0
oma_e40,4,4,20,1,3,106,12.0900,0
oma_e40,4,4,20,1,3,107,22.9307,0
oma_e40,4,4,20,1,3,108,19.3658,0
oma_e40,4,4,20,1,3,109,20.8378,1
oma_e40,4,4,20,1,3,110,25.8674,0
oma_e40,4,4,20,1,3,111,25.2267,0
oma_e40,4,4,20,1,3,112,25.3795,0
oma_e40,4,4,20,1,3,113,21.9989,0
oma_e40,4,4,20,1,3,114,21.4984,1
oma_e40,4,4,20,1,3,115,21.5739,1
oma_e40,4,4,20,1,3,116,26.7499,0
oma_e40,4,4,20,1,3,117,22.3816,0
oma_e40,4,4,20,1,3,118,25.1982,0
oma_e40,4,4,20,1,3,119,23.2592,0
oma_e40,4,4,20,1,3,120,18.8745,1
oma_e40,4,4,20,1,3,121,21.6530,0
oma_e40,4,4,20,1,3,122,28.0418,1
oma_e40,4,4,20,1,3,123,25.8083,0
oma_e40,4,4,20,1,3,124,22.0352,0
oma_e40,4,4,20,1,0,125,21.4452,0
oma_e40,4,4,20,1,0,126,23.8708,0
oma_e40,4,4,20,1,0,127,23.8177,0
oma_e40,4,4,20,1,0,128,22.5471,0
oma_e40,4,4,20,1,0,129,19.6318,0
oma_e40,4,4,20,1,0,130,26.7580,0
oma_e40,4,4,20,1,0,131,20.2482,1
oma_e40,4,4,20,1,0,132,22.9025,0
oma_e40,4,4,20,1,0,133,23.1526,0
oma_e40,4,4,20,1,0,134,25.4550,1
oma_e40,4,4,20,1,0,135,23.5319,0
oma_e40,4,4,20,1,0,136,26.7369,0
oma_e40,4,4,20,1,0,137,23.5179,0
oma_e40,4,4,20,1,0,138,21.2567,0
oma_e40,4,4,20,1,0,139,24.6042,0
oma_e40,4,4,20,1,0,140,19.9371,0
oma_e40,4,4,20,1,0,141,21.5494,1
oma_e40,4,4,20,1,0,142,26.8277,0
oma_e40,4,4,20,1,0,143,25.3202,0
oma_e40,4,4,20,1,0,144,24.8561,0
oma_e40,4,4,20,1,0,145,28.1628,0
oma_e40,4,4,20,1,0,146,27.9204,0
oma_e40,4,4,20,1,0,147,24.3169,0
oma_e40,4,4,20,1,0,148,23.9026,0
oma_e40,4,4,20,1,0,149,23.5680,0
oma_e40,4,4,20,1,1,125,25.5485,0
oma_e40,4,4,20,1,1,126,21.7830,1
oma_e40,4,4,20,1,1,127,23.6626,0
oma_e40,4,4,20,1,1,128,23.8103,0
oma_e40,4,4,20,1,1,129,21.4274,0
oma_e40,4,4,20,1,1,130,18.0579,1
oma_e40,4,4,20,1,1,131,22.6216,0
oma_e40,4,4,20,1,1,132,20.6593,0
oma_e40,4,4,20,1,1,133,24.7073,1
oma_e40,4,4,20,1,1,134,23.9741,0
oma_e40,4,4,20,1,1,135,24.8428,0
oma_e40,4,4,20,1,1,136,25.6075,0
oma_e40,4,4,20,1,1,137,24.6245,1
oma_e40,4,4,20,1,1,138,21.7666,0
oma_e40,4,4,20,1,1,139,24.2045,0
oma_e40,4,4,20,1,1,140,25.1199,0
oma_e40,4,4,20,1,1,141,21.0509,0
oma_e40,4,4,20,1,1,142,21.9410,0
oma_e40,4,4,20,1,1,143,21.0200,0
oma_e40,4,4,20,1,1,144,26.8105,0
oma_e40,4,4,20,1,1,145,26.6645,0
oma_e40,4,4,20,1,1,146,26.9779,0
oma_e40,4,4,20,1,1,147,29.2769,0
oma_e40,4,4,20,1,1,148,23.6816,0
oma_e40,4,4,20,1,1,149,21.1321,0
oma_e40,4,4,20,1,2,125,24.3413,0
oma_e40,4,4,20,1,2,126,21.8593,0
oma_e40,4,4,20,1,2,127,23.0377,1
oma_e40,4,4,20,1,2,128,21.5315,1
oma_e40,4,4,20,1,2,129,21.7791,0
oma_e40,4,4,20,1,2,130,21.8944,0
oma_e40,4,4,20,1,2,131,31.1766,0
oma_e40,4,4,20,1,2,132,25.0431,0
oma_e40,4,4,20,1,2,133,19.9052,0
oma_e40,4,4,20,1,2,134,21.8688,0
oma_e40,4,4,20,1,2,135,25.1307,0
oma_e40,4,4,20,1,2,136,23.5067,0
oma_e40,4,4,20,1,2,137,23.2272,0
oma_e40,4,4,20,1,2,138,24.0402,1
oma_e40,4,4,20,1,2,139,24.4149,0
oma_e40,4,4,20,1,2,140,24.6950,0
oma_e40,4,4,20,1,2,141,24.4914,0
oma_e40,4,4,20,1,2,142,24.4582,0
oma_e40,4,4,20,1,2,143,25.4589,0
oma_e40,4,4,20,1,2,144,23.9316,0
oma_e40,4,4,20,1,2,145,26.3613,0
oma_e40,4,4,20,1,2,146,22.2721,0
oma_e40,4,4,20,1,2,147,22.0348,0
oma_e40,4,4,20,1,2,148,24.5584,0
oma_e40,4,4,20,1,2,149,18.9383,1
oma_e40,4,4,20,1,3,125,27.3170,0
oma_e40,4,4,20,1,3,126,20.3189,0
oma_e40,4,4,20,1,3,127,22.9249,0
oma_e40,4,4,20,1,3,128,27.0796,0
oma_e40,4,4,20,1,3,129,21.7822,1
oma_e40,4,4,20,1,3,130,24.5837,1
oma_e40,4,4,20,1,3,131,27.4204,0
oma_e40,4,4,20,1,3,132,24.1695,0
oma_e40,4,4,20,1,3,133,19.8203,0
oma_e40,4,4,20,1,3,134,22.1503,0
oma_e40,4,4,20,1,3,135,22.6506,0
oma_e40,4,4,20,1,3,136,21.8999,0
oma_e40,4,4,20,1,3,137,19.3738,0
oma_e40,4,4,20,1,3,138,21.4235,0
oma_e40,4,4,20,1,3,139,24.1548,0
oma_e40,4,4,20,1,3,140,21.5466,1
oma_e40,4,4,20,1,3,141,26.2087,0
oma_e40,4,4,20,1,3,142,23.7275,0
oma_e40,4,4,20,1,3,143,27.9351,0
oma_e40,4,4,20,1,3,144,26.7306,0
oma_e40,4,4,20,1,3,145,27.3916,0
oma_e40,4,4,20,1,3,146,19.6978,0
oma_e40,4,4,20,1,3,147,19.9516,0
oma_e40,4,4,20,1,3,148,23.1823,1
oma_e40,4,4,20,1,3,149,19.8867,0
oma_e40,4,4,20,1,0,150,19.4133,0
oma_e40,4,4,20,1,0,151,20.5480,0
oma_e40,4,4,20,1,0,152,24.3014,0
oma_e40,4,4,20,1,0,153,22.5937,0
oma_e40,4,4,20,1,0,154,18.1975,0
oma_e40,4,4,20,1,0,155,25.3348,0
oma_e40,4,4,20,1,0,156,25.7113,0
oma_e40,4,4,20,1,0,157,22.7162,0
oma_e40,4,4,20,1,0,158,23.6241,1
oma_e40,4,4,20,1,0,159,20.6128,0
oma_e40,4,4,20,1,0,160,21.4571,0
oma_e40,4,4,20,1,0,161,26.0804,0
oma_e40,4,4,20,1,0,162,25.3057,0
oma_e40,4,4,20,1,0,163,23.4436,0
oma_e40,4,4,20,1,0,164,22.2959,0
oma_e40,4,4,20,1,0,165,20.8494,0
oma_e40,4,4,20,1,0,166,24.7830,0
oma_e40,4,4,20,1,0,167,22.0080,1
oma_e40,4,4,20,1,0,168,24.3229,0
oma_e40,4,4,20,1,0,169,26.2668,0
oma_e40,4,4,20,1,0,170,22.4182,0
oma_e40,4,4,20,1,0,171,23.9699,0
oma_e40,4,4,20,1,0,172,21.6437,1
oma_e40,4,4,20,1,0,173,25.2057,0
oma_e40,4,4,20,1,0,174,18.8836,0
oma_e40,4,4,20,1,1,150,19.6111,1
oma_e40,4,4,20,1,1,151,24.2691,0
oma_e40,4,4,20,1,1,152,22.6446,0
oma_e40,4,4,20,1,1,153,26.2207,0
oma_e40,4,4,20,1,1,154,19.2927,1
oma_e40,4,4,20,1,1,155,29.1306,1
oma_e40,4,4,20,1,1,156,23.4013,0
oma_e40,4,4,20,1,1,157,19.1185,1
oma_e40,4,4,20,1,1,158,18.8125,1
oma_e40,4,4,20,1,1,159,24.3693,1
oma_e40,4,4,20,1,1,160,22.3860,0
oma_e40,4,4,20,1,1,161,28.7052,0
oma_e40,4,4,20,1,1,162,24.2356,0
oma_e40,4,4,20,1,1,163,19.4120,0
oma_e40,4,4,20,1,1,164,22.9968,0
oma_e40,4,4,20,1,1,165,23.3188,0
oma_e40,4,4,20,1,1,166,25.6375,0
oma_e40,4,4,20,1,1,167,22.7157,0
oma_e40,4,4,20,1,1,168,24.6316,0
oma_e40,4,4,20,1,1,169,24.1759,0
oma_e40,4,4,20,1,1,170,27.6354,0
oma_e40,4,4,20,1,1,171,21.7164,0
oma_e40,4,4,20,1,1,172,23.0139,1
oma_e40,4,4,20,1,1,173,21.8924,0
oma_e40,4,4,20,1,1,174,27.7084,0
oma_e40,4,4,20,1,2,150,23.0052,0
oma_e40,4,4,20,1,2,151,16.3920,1
oma_e40,4,4,20,1,2,152,28.2444,0
oma_e40,4,4,20,1,2,153,24.1047,0
oma_e40,4,4,20,1,2,154,31.3366,0
oma_e40,4,4,20,1,2,155,24.7665,0
oma_e40,4,4,20,1,2,156,23.4073,1
oma_e40,4,4,20,1,2,157,20.3139,0
oma_e40,4,4,20,1,2,158,24.2410,0
oma_e40,4,4,20,1,2,159,24.6615,0
oma_e40,4,4,20,1,2,160,20.7046,0
oma_e40,4,4,20,1,2,161,23.6588,0
oma_e40,4,4,20,1,2,162,20.7984,0
oma_e40,4,4,20,1,2,163,24.4742,1
oma_e40,4,4,20,1,2,164,27.1217,0
oma_e40,4,4,20,1,2,165,24.4652,0
oma_e40,4,4,20,1,2,166,21.0298,0
oma_e40,4,4,20,1,2,167,24.0318,0
oma_e40,4,4,20,1,2,168,24.5659,0
oma_e40,4,4,20,1,2,169,22.2229,0
oma_e40,4,4,20,1,2,170,24.4512,0
oma_e40,4,4,20,1,2,171,25.6542,0
oma_e40,4,4,20,1,2,172,23.2667,0
oma_e40,4,4,20,1,2,173,20.1334,0
oma_e40,4,4,20,1,2,174,19.3167,0
oma_e40,4,4,20,1,3,150,20.4246,0
oma_e40,4,4,20,1,3,151,19.6766,1
oma_e40,4,4,20,1,3,152,26.7028,0
oma_e40,4,4,20,1,3,153,21.3779,1
oma_e40,4,4,20,1,3,154,28.5388,0
oma_e40,4,4,20,1,3,155,25.6930,0
oma_e40,4,4,20,1,3,156,21.4941,0
oma_e40,4,4,20,1,3,157,30.2268,0
oma_e40,4,4,20,1,3,158,19.0881,1
oma_e40,4,4,20,1,3,159,26.2296,0
oma_e40,4,4,20,1,3,160,25.3301,0
oma_e40,4,4,20,1,3,161,21.1464,0
oma_e40,4,4,20,1,3,162,20.5470,0
oma_e40,4,4,20,1,3,163,22.3718,0
oma_e40,4,4,20,1,3,164,25.4606,0
oma_e40,4,4,20,1,3,165,22.7968,0
oma_e40,4,4,20,1,3,166,22.8177,1
oma_e40,4,4,20,1,3,167,24.2856,0
oma_e40,4,4,20,1,3,168,23.5780,1
oma_e40,4,4,20,1,3,169,24.9942,0
oma_e40,4,4,20,1,3,170,27.6553,0
oma_e40,4,4,20,1,3,171,23.0777,0
oma_e40,4,4,20,1,3,172,21.6279,0
oma_e40,4,4,20,1,3,173,21.3966,1
oma_e40,4,4,20,1,3,174,25.9906,0
oma_e40,4,4,20,1,0,175,28.6848,0
oma_e40,4,4,20,1,0,176,27.3909,0
oma_e40,4,4,20,1,0,177,25.1916,0
oma_e40,4,4,20,1,0,178,25.7559,0
oma_e40,4,4,20,1,0,179,24.8489,0
oma_e40,4,4,20,1,0,180,25.0628,0
oma_e40,4,4,20,1,0,181,22.6297,0
oma_e40,4,4,20,1,0,182,23.1576,0
oma_e40,4,4,20,1,0,183,24.5092,0
oma_e40,4,4,20,1,0,184,25.2557,0
oma_e40,4,4,20,1,0,185,23.6992,0
oma_e40,4,4,20,1,0,186,20.5315,1
oma_e40,4,4,20,1,0,187,27.6237,0
oma_e40,4,4,20,1,0,188,20.4346,0
oma_e40,4,4,20,1,0,189,26.2981,0
oma_e40,4,4,20,1,0,190,24.0759,0
oma_e40,4,4,20,1,0,191,15.7493,1
oma_e40,4,4,20,1,0,192,25.4047,1
oma_e40,4,4,20,1,0,193,20.2772,1
oma_e40,4,4,20,1,0,194,21.5333,0
oma_e40,4,4,20,1,0,195,23.2160,0
oma_e40,4,4,20,1,0,196,28.1621,0
oma_e40,4,4,20,1,0,197,30.3546,0
oma_e40,4,4,20,1,0,198,24.8596,0
oma_e40,4,4,20,1,0,199,26.3580,0
oma_e40,4,4,20,1,1,175,24.0530,0
oma_e40,4,4,20,1,1,176,23.6588,0
oma_e40,4,4,20,1,1,177,24.3243,0
oma_e40,4,4,20,1,1,178,29.4011,0
oma_e40,4,4,20,1,1,179,24.1243,0
oma_e40,4,4,20,1,1,180,23.2274,0
oma_e40,4,4,20,1,1,181,20.7721,0
oma_e40,4,4,20,1,1,182,22.4890,0
oma_e40,4,4,20,1,1,183,21.5310,0
oma_e40,4,4,20,1,1,184,24.5759,0
oma_e40,4,4,20,1,1,185,20.7137,1
oma_e40,4,4,20,1,1,186,19.2692,1
oma_e40,4,4,20,1,1,187,23.6975,0
oma_e40,4,4,20,1,1,188,23.1985,0
oma_e40,4,4,20,1,1,189,23.2252,0
oma_e40,4,4,20,1,1,190,24.9263,0
oma_e40,4,4,20,1,1,191,13.6277,1
oma_e40,4,4,20,1,1,192,23.2688,0
oma_e40,4,4,20,1,1,193,18.8201,1
oma_e40,4,4,20,1,1,194,22.9862,0
oma_e40,4,4,20,1,1,195,21.9445,0
oma_e40,4,4,20,1,1,196,20.8956,0
oma_e40,4,4,20,1,1,197,25.4236,0
oma_e40,4,4,20,1,1,198,23.1778,0
oma_e40,4,4,20,1,1,199,19.5175,0
oma_e40,4,4,20,1,2,175,20.5321,0
oma_e40,4,4,20,1,2,176,27.0610,1
oma_e40,4,4,20,1,2,177,27.2505,0
oma_e40,4,4,20,1,2,178,21.3787,1
oma_e40,4,4,20,1,2,179,24.5926,0
oma_e40,4,4,20,1,2,180,21.3958,0
oma_e40,4,4,20,1,2,181,22.2642,0
oma_e40,4,4,20,1,2,182,21.1327,0
oma_e40,4,4,20,1,2,183,24.7060,0
oma_e40,4,4,20,1,2,184,22.7630,0
oma_e40,4,4,20,1,2,185,27.3314,0
oma_e40,4,4,20,1,2,186,18.8704,0
oma_e40,4,4,20,1,2,187,26.4463,0
oma_e40,4,4,20,1,2,188,25.3459,0
oma_e40,4,4,20,1,2,189,24.7682,0
oma_e40,4,4,20,1,2,190,24.8152,0
oma_e40,4,4,20,1,2,191,14.6610,1
oma_e40,4,4,20,1,2,192,26.3819,0
oma_e40,4,4,20,1,2,193,20.2548,0
oma_e40,4,4,20,1,2,194,22.5629,0
oma_e40,4,4,20,1,2,195,29.9997,0
oma_e40,4,4,20,1,2,196,21.0849,0
oma_e40,4,4,20,1,2,197,27.7804,1
oma_e40,4,4,20,1,2,198,24.3306,0
oma_e40,4,4,20,1,2,199,23.5966,0
oma_e40,4,4,20,1,3,175,26.8913,0
oma_e40,4,4,20,1,3,176,21.9332,0
oma_e40,4,4,20,1,3,177,25.6238,0
oma_e40,4,4,20,1,3,178,25.9022,0
oma_e40,4,4,20,1,3,179,18.5990,1
oma_e40,4,4,20,1,3,180,21.8901,0
oma_e40,4,4,20,1,3,181,24.8696,0
oma_e40,4,4,20,1,3,182,19.6803,0
oma_e40,4,4,20,1,3,183,15.7206,0
oma_e40,4,4,20,1,3,184,26.2855,0
oma_e40,4,4,20,1,3,185,27.2875,0
oma_e40,4,4,20,1,3,186,23.3572,0
oma_e40,4,4,20,1,3,187,23.8585,0
oma_e40,4,4,20,1,3,188,24.4825,0
oma_e40,4,4,20,1,3,189,23.8209,0
oma_e40,4,4,20,1,3,190,21.8398,0
oma_e40,4,4,20,1,3,191,14.3923,1
oma_e40,4,4,20,1,3,192,25.3018,0
oma_e40,4,4,20,1,3,193,17.5460,1
oma_e40,4,4,20,1,3,194,25.3883,0
oma_e40,4,4,20,1,3,195,25.7979,0
oma_e40,4,4,20,1,3,196,25.3062,1
oma_e40,4,4,20,1,3,197,22.1204,0
oma_e40,4,4,20,1,3,198,24.0465,0
oma_e40,4,4,20,1,3,199,24.2471,0
oma_e40,4,4,20,2,0,0,22.0242,0
oma_e40,4,4,20,2,0,1,25.2438,0
oma_e40,4,4,20,2,0,2,23.5512,0
oma_e40,4,4,20,2,0,3,23.4645,0
oma_e40,4,4,20,2,0,4,22.1329,0
oma_e40,4,4,20,2,0,5,22.9415,0
oma_e40,4,4,20,2,0,6,26.5136,0
oma_e40,4,4,20,2,0,7,19.8634,0
oma_e40,4,4,20,2,0,8,23.1850,1
oma_e40,4,4,20,2,0,9,22.7948,0
oma_e40,4,4,20,2,0,10,23.8171,0
oma_e40,4,4,20,2,0,11,19.1780,0
oma_e40,4,4,20,2,0,12,21.8755,1
oma_e40,4,4,20,2,0,13,21.0501,0
oma_e40,4,4,20,2,0,14,21.9150,1
oma_e40,4,4,20,2,0,15,22.6934,1
oma_e40,4,4,20,2,0,16,26.0011,0
oma_e40,4,4,20,2,0,17,23.6306,0
oma_e40,4,4,20,2,0,18,22.6061,0
oma_e40,4,4,20,2,0,19,22.9674,0
oma_e40,4,4,20,2,0,20,22.2116,0
oma_e40,4,4,20,2,0,21,17.9035,1
oma_e40,4,4,20,2,0,22,28.3885,0
oma_e40,4,4,20,2,0,23,25.2764,0
oma_e40,4,4,20,2,0,24,21.2059,0
oma_e40,4,4,20,2,1,0,26.9037,0
oma_e40,4,4,20,2,1,1,21.5914,1
oma_e40,4,4,20,2,1,2,25.6863,0
oma_e40,4,4,20,2,1,3,26.8381,0
oma_e40,4,4,20,2,1,4,22.0768,0
oma_e40,4,4,20,2,1,5,19.7281,0
oma_e40,4,4,20,2,1,6,22.8835,0
oma_e40,4,4,20,2,1,7,23.0040,0
oma_e40,4,4,20,2,1,8,24.9872,0
oma_e40,4,4,20,2,1,9,20.2717,0
oma_e40,4,4,20,2,1,10,20.7455,1
oma_e40,4,4,20,2,1,11,23.9251,1
oma_e40,4,4,20,2,1,12,23.7540,0
oma_e40,4,4,20,2,1,13,23.2675,0
oma_e40,4,4,20,2,1,14,23.5534,1
oma_e40,4,4,20,2,1,15,24.2128,0
oma_e40,4,4,20,2,1,16,22.9036,0
oma_e40,4,4,20,2,1,17,24.1117,1
oma_e40,4,4,20,2,1,18,23.8933,0
oma_e40,4,4,20,2,1,19,25.0338,0
oma_e40,4,4,20,2,1,20,28.9393,0
oma_e40,4,4,20,2,1,21,22.9339,0
oma_e40,4,4,20,2,1,22,22.2195,0
oma_e40,4,4,20,2,1,23,21.1360,0
oma_e40,4,4,20,2,1,24,20.9208,0
oma_e40,4,4,20,2,2,0,21.5058,1
oma_e40,4,4,20,2,2,1,23.9613,0
oma_e40,4,4,20,2,2,2,25.0733,0
oma_e40,4,4,20,2,2,3,22.7617,0
oma_e40,4,4,20,2,2,4,26.1934,0
oma_e40,4,4,20,2,2,5,23.0156,0
oma_e40,4,4,20,2,2,6,23.5264,0
oma_e40,4,4,20,2,2,7,22.6363,0
oma_e40,4,4,20,2,2,8,19.7203,1
oma_e40,4,4,20,2,2,9,22.6478,0
oma_e40,4,4,20,2,2,10,22.7651,0
oma_e40,4,4,20,2,2,11,25.8413,1
oma_e40,4,4,20,2,2,12,21.9328,0
oma_e40,4,4,20,2,2,13,21.7660,0
oma_e40,4,4,20,2,2,14,25.2615,1
oma_e40,4,4,20,2,2,15,25.7693,1
oma_e40,4,4,20,2,2,16,24.9334,0
oma_e40,4,4,20,2,2,17,23.9363,0
oma_e40,4,4,20,2,2,18,20.7892,0
oma_e40,4,4,20,2,2,19,26.7710,0
oma_e40,4,4,20,2,2,20,21.0292,0
oma_e40,4,4,20,2,2,21,20.7836,0
oma_e40,4,4,20,2,2,22,24.2842,0
oma_e40,4,4,20,2,2,23,28.1211,0
oma_e40,4,4,20,2,2,24,27.8477,0
oma_e40,4,4,20,2,3,0,22.6102,1
oma_e40,4,4,20,2,3,1,20.3131,1
oma_e40,4,4,20,2,3,2,22.8660,0
oma_e40,4,4,20,2,3,3,21.6724,0
oma_e40,4,4,20,2,3,4,23.0289,0
oma_e40,4,4,20,2,3,5,19.7339,1
oma_e40,4,4,20,2,3,6,21.1587,0
oma_e40,4,4,20,2,3,7,23.7475,1
oma_e40,4,4,20,2,3,8,25.4054,0
oma_e40,4,4,20,2,3,9,27.1648,0
oma_e40,4,4,20,2,3,10,25.0732,0
oma_e40,4,4,20,2,3,11,22.1419,0
oma_e40,4,4,20,2,3,12,19.6797,1
oma_e40,4,4,20,2,3,13,20.8769,0
oma_e40,4,4,20,2,3,14,19.9530,0
oma_e40,4,4,20,2,3,15,20.0956,0
oma_e40,4,4,20,2,3,16,25.0239,0
oma_e40,4,4,20,2,3,17,24.0199,0
oma_e40,4,4,20,2,3,18,29.5652,0
oma_e40,4,4,20,2,3,19,18.5546,0
oma_e40,4,4,20,2,3,20,26.3714,0
oma_e40,4,4,20,2,3,21,28.1806,0
oma_e40,4,4,20,2,3,22,24.9459,0
oma_e40,4,4,20,2,3,23,26.5028,0
oma_e40,4,4,20,2,3,24,24.9471,0
oma_e40,4,4,20,2,0,25,19.0388,1
oma_e40,4,4,20,2,0,26,24.1567,0
oma_e40,4,4,20,2,0,27,23.6564,0
oma_e40,4,4,20,2,0,28,23.8538,0
oma_e40,4,4,20,2,0,29,21.8101,0
oma_e40,4,4,20,2,0,30,22.6230,1
oma_e40,4,4,20,2,0,31,23.3774,0
oma_e40,4,4,20,2,0,32,21.8876,1
oma_e40,4,4,20,2,0,33,25.9454,0
oma_e40,4,4,20,2,0,34,24.3872,0
oma_e40,4,4,20,2,0,35,22.5023,0
oma_e40,4,4,20,2,0,36,22.6834,0
oma_e40,4,4,20,2,0,37,21.8525,0
oma_e40,4,4,20,2,0,38,23.5001,1
oma_e40,4,4,20,2,0,39,27.7461,0
oma_e40,4,4,20,2,0,40,26.8490,0
oma_e40,4,4,20,2,0,41,23.0321,0
oma_e40,4,4,20,2,0,42,26.3599,0
oma_e40,4,4,20,2,0,43,22.1222,0
oma_e40,4,4,20,2,0,44,20.5091,1
oma_e40,4,4,20,2,0,45,20.5539,1
oma_e40,4,4,20,2,0,46,21.2834,1
oma_e40,4,4,20,2,0,47,23.7726,0
oma_e40,4,4,20,2,0,48,21.6738,0
oma_e40,4,4,20,2,0,49,27.0737,0
oma_e40,4,4,20,2,1,25,24.1780,0
oma_e40,4,4,20,2,1,26,22.4907,0
oma_e40,4,4,20,2,1,27,21.0919,0
oma_e40,4,4,20,2,1,28,22.4536,0
oma_e40,4,4,20,2,1,29,23.4337,0
oma_e40,4,4,20,2,1,30,22.6354,0
oma_e40,4,4,20,2,1,31,22.1002,0
oma_e40,4,4,20,2,1,32,26.4619,0
oma_e40,4,4,20,2,1,33,30.8496,0
oma_e40,4,4,20,2,1,34,24.1920,0
oma_e40,4,4,20,2,1,35,26.1663,0
oma_e40,4,4,20,2,1,36,26.7211,0
oma_e40,4,4,20,2,1,37,18.3237,0
oma_e40,4,4,20,2,1,38,21.6075,0
oma_e40,4,4,20,2,1,39,24.2787,0
oma_e40,4,4,20,2,1,40,25.7927,0
oma_e40,4,4,20,2,1,41,27.5648,0
oma_e40,4,4,20,2,1,42,33.5612,1
oma_e40,4,4,20,2,1,43,22.2179,0
oma_e40,4,4,20,2,1,44,15.4135,1
oma_e40,4,4,20,2,1,45,20.6923,1
oma_e40,4,4,20,2,1,46,23.2776,0
oma_e40,4,4,20,2,1,47,19.8201,0
oma_e40,4,4,20,2,1,48,23.9768,0
oma_e40,4,4,20,2,1,49,23.0744,0
oma_e40,4,4,20,2,2,25,23.6330,0
oma_e40,4,4,20,2,2,26,22.8128,0
oma_e40,4,4,20,2,2,27,26.7501,0
oma_e40,4,4,20,2,2,28,25.4511,0
oma_e40,4,4,20,2,2,29,21.9742,0
oma_e40,4,4,20,2,2,30,17.3594,0
oma_e40,4,4,20,2,2,31,29.0322,0
oma_e40,4,4,20,2,2,32,18.3560,0
oma_e40,4,4,20,2,2,33,23.3031,0
oma_e40,4,4,20,2,2,34,24.9592,0
oma_e40,4,4,20,2,2,35,24.1607,0
oma_e40,4,4,20,2,2,36,22.8919,0
oma_e40,4,4,20,2,2,37,16.3921,1
oma_e40,4,4,20,2,2,38,21.2046,1
oma_e40,4,4,20,2,2,39,25.2485,0
oma_e40,4,4,20,2,2,40,25.7690,0
oma_e40,4,4,20,2,2,41,24.9576,0
oma_e40,4,4,20,2,2,42,22.0766,0
oma_e40,4,4,20,2,2,43,25.8112,0
oma_e40,4,4,20,2,2,44,17.5082,1
oma_e40,4,4,20,2,2,45,24.8822,0
oma_e40,4,4,20,2,2,46,22.6468,0
oma_e40,4,4,20,2,2,47,24.3103,0
oma_e40,4,4,20,2,2,48,25.0506,0
oma_e40,4,4,20,2,2,49,22.5599,0
oma_e40,4,4,20,2,3,25,25.9755,0
oma_e40,4,4,20,2,3,26,23.6002,0
oma_e40,4,4,20,2,3,27,21.7743,0
oma_e40,4,4,20,2,3,28,24.6428,0
oma_e40,4,4,20,2,3,29,24.4559,0
oma_e40,4,4,20,2,3,30,25.4389,0
oma_e40,4,4,20,2,3,31,21.7054,0
oma_e40,4,4,20,2,3,32,25.9746,0
oma_e40,4,4,20,2,3,33,30.2896,0
oma_e40,4,4,20,2,3,34,24.2079,0
oma_e40,4,4,20,2,3,35,25.7125,0
oma_e40,4,4,20,2,3,36,22.8076,0
oma_e40,4,4,20,2,3,37,17.9476,1
oma_e40,4,4,20,2,3,38,26.1607,0
oma_e40,4,4,20,2,3,39,27.7986,0
oma_e40,4,4,20,2,3,40,26.4322,0
oma_e40,4,4,20,2,3,41,23.4603,1
oma_e40,4,4,20,2,3,42,22.7243,0
oma_e40,4,4,20,2,3,43,22.0698,0
oma_e40,4,4,20,2,3,44,18.1714,1
oma_e40,4,4,20,2,3,45,23.4243,0
oma_e40,4,4,20,2,3,46,24.9802,0
oma_e40,4,4,20,2,3,47,21.6574,0
oma_e40,4,4,20,2,3,48,22.9368,0
oma_e40,4,4,20,2,3,49,23.5030,0
oma_e40,4,4,20,2,0,50,25.8439,0
oma_e40,4,4,20,2,0,51,25.3205,0
oma_e40,4,4,20,2,0,52,20.4672,0
oma_e40,4,4,20,2,0,53,22.9515,0
oma_e40,4,4,20,2,0,54,21.7993,0
oma_e40,4,4,20,2,0,55,17.3203,0
oma_e40,4,4,20,2,0,56,20.9233,0
oma_e40,4,4,20,2,0,57,20.7949,0
oma_e40,4,4,20,2,0,58,25.3131,0
oma_e40,4,4,20,2,0,59,26.1215,0
oma_e40,4,4,20,2,0,60,25.5554,0
oma_e40,4,4,20,2,0,61,21.7199,0
oma_e40,4,4,20,2,0,62,23.2769,1
oma_e40,4,4,20,2,0,63,23.7607,0
oma_e40,4,4,20,2,0,64,26.6484,0
oma_e40,4,4,20,2,0,65,20.1101,0
oma_e40,4,4,20,2,0,66,23.5227,0
oma_e40,4,4,20,2,0,67,27.8636,0
oma_e40,4,4,20,2,0,68,23.8152,0
oma_e40,4,4,20,2,0,69,24.1533,0
oma_e40,4,4,20,2,0,70,28.6111,0
oma_e40,4,4,20,2,0,71,23.6550,0
oma_e40,4,4,20,2,0,72,24.6952,0
oma_e40,4,4,20,2,0,73,27.1432,0
oma_e40,4,4,20,2,0,74,21.1933,0
oma_e40,4,4,20,2,1,50,23.5229,1
oma_e40,4,4,20,2,1,51,23.6542,0
oma_e40,4,4,20,2,1,52,25.0677,0
oma_e40,4,4,20,2,1,53,22.7294,1
oma_e40,4,4,20,2,1,54,17.6166,0
oma_e40,4,4,20,2,1,55,25.9872,0
oma_e40,4,4,20,2,1,56,27.3352,0
oma_e40,4,4,20,2,1,57,22.6224,0
oma_e40,4,4,20,2,1,58,26.9267,0
oma_e40,4,4,20,2,1,59,21.3242,0
oma_e40,4,4,20,2,1,60,27.3576,0
oma_e40,4,4,20,2,1,61,20.1118,1
oma_e40,4,4,20,2,1,62,26.0484,0
oma_e40,4,4,20,2,1,63,31.4970,0
oma_e40,4,4,20,2,1,64,26.0488,0
oma_e40,4,4,20,2,1,65,27.2925,0
oma_e40,4,4,20,2,1,66,26.0281,0
oma_e40,4,4,20,2,1,67,23.2495,0
oma_e40,4,4,20,2,1,68,21.9769,0
oma_e40,4,4,20,2,1,69,26.3036,1
oma_e40,4,4,20,2,1,70,22.8885,0
oma_e40,4,4,20,2,1,71,27.7754,0
oma_e40,4,4,20,2,1,72,26.2164,0
oma_e40,4,4,20,2,1,73,21.5435,0
oma_e40,4,4,20,2,1,74,22.3426,0
oma_e40,4,4,20,2,2,50,21.9407,0
oma_e40,4,4,20,2,2,51,25.9410,0
oma_e40,4,4,20,2,2,52,25.7655,0
oma_e40,4,4,20,2,2,53,21.2480,0
oma_e40,4,4,20,2,2,54,19.3503,0
oma_e40,4,4,20,2,2,55,30.3212,0
oma_e40,4,4,20,2,2,56,29.1617,0
oma_e40,4,4,20,2,2,57,26.2915,1
oma_e40,4,4,20,2,2,58,22.5683,0
oma_e40,4,4,20,2,2,59,21.8278,0
oma_e40,4,4,20,2,2,60,21.3533,0
oma_e40,4,4,20,2,2,61,20.6360,0
oma_e40,4,4,20,2,2,62,22.0928,0
oma_e40,4,4,20,2,2,63,23.1489,0
oma_e40,4,4,20,2,2,64,20.3064,0
oma_e40,4,4,20,2,2,65,24.9411,0
oma_e40,4,4,20,2,2,66,23.9942,0
oma_e40,4,4,20,2,2,67,23.8400,0
oma_e40,4,4,20,2,2,68,22.1333,1
oma_e40,4,4,20,2,2,69,28.7806,0
oma_e40,4,4,20,2,2,70,22.3945,0
oma_e40,4,4,20,2,2,71,23.9877,0
oma_e40,4,4,20,2,2,72,24.1587,0
oma_e40,4,4,20,2,2,73,21.3172,0
oma_e40,4,4,20,2,2,74,19.5065,0
oma_e40,4,4,20,2,3,50,22.5857,1
oma_e40,4,4,20,2,3,51,28.0645,0
oma_e40,4,4,20,2,3,52,24.3020,1
oma_e40,4,4,20,2,3,53,20.4323,0
oma_e40,4,4,20,2,3,54,25.2750,0
oma_e40,4,4,20,2,3,55,24.3248,0
oma_e40,4,4,20,2,3,56,31.3692,0
oma_e40,4,4,20,2,3,57,23.7399,0
oma_e40,4,4,20,2,3,58,23.9783,0
oma_e40,4,4,20,2,3,59,26.8355,0
oma_e40,4,4,20,2,3,60,24.6702,0
oma_e40,4,4,20,2,3,61,21.2928,1
oma_e40,4,4,20,2,3,62,22.2557,0
oma_e40,4,4,20,2,3,63,26.2482,0
oma_e40,4,4,20,2,3,64,28.4975,0
oma_e40,4,4,20,2,3,65,27.1444,0
oma_e40,4,4,20,2,3,66,25.5992,0
oma_e40,4,4,20,2,3,67,21.9771,0
oma_e40,4,4,20,2,3,68,25.3733,0
oma_e40,4,4,20,2,3,69,28.0785,0
oma_e40,4,4,20,2,3,70,25.6394,0
oma_e40,4,4,20,2,3,71,22.9938,0
oma_e40,4,4,20,2,3,72,24.8233,0
oma_e40,4,4,20,2,3,73,26.2638,0
oma_e40,4,4,20,2,3,74,21.9413,1
oma_e40,4,4,20,2,0,75,20.5883,0
oma_e40,4,4,20,2,0,76,26.0273,1
oma_e40,4,4,20,2,0,77,22.0283,0
oma_e40,4,4,20,2,0,78,24.3048,0
oma_e40,4,4,20,2,0,79,26.7105,0
oma_e40,4,4,20,2,0,80,22.8033,0
oma_e40,4,4,20,2,0,81,21.4359,0
oma_e40,4,4,20,2,0,82,20.6223,0
oma_e40,4,4,20,2,0,83,19.3890,1
oma_e40,4,4,20,2,0,84,21.2620,0
oma_e40,4,4,20,2,0,85,22.6641,0
oma_e40,4,4,20,2,0,86,21.7470,0
oma_e40,4,4,20,2,0,87,21.5829,0
oma_e40,4,4,20,2,0,88,24.0266,0
oma_e40,4,4,20,2,0,89,23.0310,0
oma_e40,4,4,20,2,0,90,22.6944,0
oma_e40,4,4,20,2,0,91,22.4848,0
oma_e40,4,4,20,2,0,92,23.9708,0
oma_e40,4,4,20,2,0,93,23.0740,1
oma_e40,4,4,20,2,0,94,24.5054,1
oma_e40,4,4,20,2,0,95,23.1634,0
oma_e40,4,4,20,2,0,96,26.9113,0
oma_e40,4,4,20,2,0,97,25.1821,0
oma_e40,4,4,20,2,0,98,25.0255,0
oma_e40,4,4,20,2,0,99,27.0581,0
oma_e40,4,4,20,2,1,75,22.3910,0
oma_e40,4,4,20,2,1,76,24.0224,0
oma_e40,4,4,20,2,1,77,28.0716,0
oma_e40,4,4,20,2,1,78,24.1264,1
oma_e40,4,4,20,2,1,79,22.2462,1
oma_e40,4,4,20,2,1,80,21.4427,0
oma_e40,4,4,20,2,1,81,27.0171,1
oma_e40,4,4,20,2,1,82,25.6166,0
oma_e40,4,4,20,2,1,83,23.8424,1
oma_e40,4,4,20,2,1,84,19.6914,1
oma_e40,4,4,20,2,1,85,27.1087,1
oma_e40,4,4,20,2,1,86,26.9497,0
oma_e40,4,4,20,2,1,87,26.3383,0
oma_e40,4,4,20,2,1,88,23.3437,0
oma_e40,4,4,20,2,1,89,23.6369,0
oma_e40,4,4,20,2,1,90,20.9777,1
oma_e40,4,4,20,2,1,91,21.7630,0
oma_e40,4,4,20,2,1,92,23.0510,0
oma_e40,4,4,20,2,1,93,23.1472,0
oma_e40,4,4,20,2,1,94,26.6835,0
oma_e40,4,4,20,2,1,95,21.5729,0
oma_e40,4,4,20,2,1,96,23.3860,0
oma_e40,4,4,20,2,1,97,28.2600,0
oma_e40,4,4,20,2,1,98,21.7200,0
oma_e40,4,4,20,2,1,99,25.4822,0
oma_e40,4,4,20,2,2,75,19.2029,1
oma_e40,4,4,20,2,2,76,23.9761,0
oma_e40,4,4,20,2,2,77,23.5414,0
oma_e40,4,4,20,2,2,78,25.2574,0
oma_e40,4,4,20,2,2,79,18.8712,0
oma_e40,4,4,20,2,2,80,24.8702,0
oma_e40,4,4,20,2,2,81,23.4529,0
oma_e40,4,4,20,2,2,82,22.1069,0
oma_e40,4,4,20,2,2,83,23.1401,0
oma_e40,4,4,20,2,2,84,25.5317,0
oma_e40,4,4,20,2,2,85,21.6833,0
oma_e40,4,4,20,2,2,86,23.8973,0
oma_e40,4,4,20,2,2,87,25.2880,0
oma_e40,4,4,20,2,2,88,25.6020,0
oma_e40,4,4,20,2,2,89,22.4044,0
oma_e40,4,4,20,2,2,90,24.0905,1
oma_e40,4,4,20,2,2,91,22.1461,0
oma_e40,4,4,20,2,2,92,23.3053,1
oma_e40,4,4,20,2,2,93,24.0276,1
oma_e40,4,4,20,2,2,94,22.1569,0
oma_e40,4,4,20,2,2,95,26.7831,0
oma_e40,4,4,20,2,2,96,24.0525,0
oma_e40,4,4,20,2,2,97,25.0913,0
oma_e40,4,4,20,2,2,98,26.4706,0
oma_e40,4,4,20,2,2,99,22.2540,0
oma_e40,4,4,20,2,3,75,28.5062,0
oma_e40,4,4,20,2,3,76,25.4528,1
oma_e40,4,4,20,2,3,77,25.8127,0
oma_e40,4,4,20,2,3,78,23.5354,0
oma_e40,4,4,20,2,3,79,23.0566,0
oma_e40,4,4,20,2,3,80,27.1074,0
oma_e40,4,4,20,2,3,81,22.6358,0
oma_e40,4,4,20,2,3,82,22.5794,0
oma_e40,4,4,20,2,3,83,25.6255,0
oma_e40,4,4,20,2,3,84,25.4129,1
oma_e40,4,4,20,2,3,85,23.6745,0
oma_e40,4,4,20,2,3,86,21.5654,1
oma_e40,4,4,20,2,3,87,18.7330,0
oma_e40,4,4,20,2,3,88,25.1223,0
oma_e40,4,4,20,2,3,89,25.1444,0
oma_e40,4,4,20,2,3,90,19.5131,0
oma_e40,4,4,20,2,3,91,23.1178,0
oma_e40,4,4,20,2,3,92,23.4954,0
oma_e40,4,4,20,2,3,93,23.3457,0
oma_e40,4,4,20,2,3,94,27.5912,0
oma_e40,4,4,20,2,3,95,20.1340,0
oma_e40,4,4,20,2,3,96,25.1758,0
oma_e40,4,4,20,2,3,97,23.0088,0
oma_e40,4,4,20,2,3,98,24.5853,0
oma_e40,4,4,20,2,3,99,28.4395,0
oma_e40,4,4,20,2,0,100,20.0269,0
oma_e40,4,4,20,2,0,101,25.8177,0
oma_e40,4,4,20,2,0,102,19.0304,0
oma_e40,4,4,20,2,0,103,19.9197,0
oma_e40,4,4,20,2,0,104,23.1163,0
oma_e40,4,4,20,2,0,105,23.6669,0
oma_e40,4,4,20,2,0,106,22.9228,1
oma_e40,4,4,20,2,0,107,22.5402,1
oma_e40,4,4,20,2,0,108,26.0753,0
oma_e40,4,4,20,2,0,109,23.5650,0
oma_e40,4,4,20,2,0,110,20.8126,0
oma_e40,4,4,20,2,0,111,25.5502,0
oma_e40,4,4,20,2,0,112,22.8584,0
oma_e40,4,4,20,2,0,113,25.9087,0
oma_e40,4,4,20,2,0,114,24.0050,0
oma_e40,4,4,20,2,0,115,22.9228,0
oma_e40,4,4,20,2,0,116,23.7813,0
oma_e40,4,4,20,2,0,117,23.5065,0
oma_e40,4,4,20,2,0,118,23.5694,1
oma_e40,4,4,20,2,0,119,26.0753,0
oma_e40,4,4,20,2,0,120,21.7800,0
oma_e40,4,4,20,2,0,121,25.0068,0
oma_e40,4,4,20,2,0,122,18.6599,0
oma_e40,4,4,20,2,0,123,20.0805,0
oma_e40,4,4,20,2,0,124,21.6187,0
oma_e40,4,4,20,2,1,100,23.5173,0
oma_e40,4,4,20,2,1,101,21.4174,0
oma_e40,4,4,20,2,1,102,17.4935,1
oma_e40,4,4,20,2,1,103,23.6562,0
oma_e40,4,4,20,2,1,104,21.8387,1
oma_e40,4,4,20,2,1,105,30.1805,0
oma_e40,4,4,20,2,1,106,24.3038,0
oma_e40,4,4,20,2,1,107,27.4158,0
oma_e40,4,4,20,2,1,108,27.0327,0
oma_e40,4,4,20,2,1,109,23.3870,0
oma_e40,4,4,20,2,1,110,21.8929,0
oma_e40,4,4,20,2,1,111,25.6841,0
oma_e40,4,4,20,2,1,112,24.6894,0
oma_e40,4,4,20,2,1,113,24.6547,0
oma_e40,4,4,20,2,1,114,22.7448,1
oma_e40,4,4,20,2,1,115,22.0536,1
oma_e40,4,4,20,2,1,116,20.1928,0
oma_e40,4,4,20,2,1,117,24.4626,0
oma_e40,4,4,20,2,1,118,25.6930,0
oma_e40,4,4,20,2,1,119,21.5253,0
oma_e40,4,4,20,2,1,120,22.4531,1
oma_e40,4,4,20,2,1,121,25.8980,0
oma_e40,4,4,20,2,1,122,23.5099,0
oma_e40,4,4,20,2,1,123,27.2691,0
oma_e40,4,4,20,2,1,124,26.0476,0
oma_e40,4,4,20,2,2,100,26.6285,0
oma_e40,4,4,20,2,2,101,24.3317,0
oma_e40,4,4,20,2,2,102,18.6695,1
oma_e40,4,4,20,2,2,103,20.0239,0
oma_e40,4,4,20,2,2,104,26.2864,0
oma_e40,4,4,20,2,2,105,20.9671,0
oma_e40,4,4,20,2,2,106,25.1744,0
oma_e40,4,4,20,2,2,107,19.8143,1
oma_e40,4,4,20,2,2,108,21.5455,0
oma_e40,4,4,20,2,2,109,24.5268,0
oma_e40,4,4,20,2,2,110,25.2458,0
oma_e40,4,4,20,2,2,111,26.4587,0
oma_e40,4,4,20,2,2,112,26.3844,0
oma_e40,4,4,20,2,2,113,23.8150,1
oma_e40,4,4,20,2,2,114,25.4293,0
oma_e40,4,4,20,2,2,115,21.0054,1
oma_e40,4,4,20,2,2,116,21.8663,0
oma_e40,4,4,20,2,2,117,23.5904,1
oma_e40,4,4,20,2,2,118,21.1670,0
oma_e40,4,4,20,2,2,119,25.8095,0
oma_e40,4,4,20,2,2,120,20.5739,0
oma_e40,4,4,20,2,2,121,20.7126,0
oma_e40,4,4,20,2,2,122,23.8922,1
oma_e40,4,4,20,2,2,123,28.5612,0
oma_e40,4,4,20,2,2,124,24.2633,0
oma_e40,4,4,20,2,3,100,25.1060,0
oma_e40,4,4,20,2,3,101,22.9526,0
oma_e40,4,4,20,2,3,102,17.5525,1
oma_e40,4,4,20,2,3,103,21.2568,0
oma_e40,4,4,20,2,3,104,25.8868,1
oma_e40,4,4,20,2,3,105,22.3788,0
oma_e40,4,4,20,2,3,106,28.3930,0
oma_e40,4,4,20,2,3,107,22.4026,0
oma_e40,4,4,20,2,3,108,19.4255,0
oma_e40,4,4,20,2,3,109,20.6559,1
oma_e40,4,4,20,2,3,110,25.7106,0
oma_e40,4,4,20,2,3,111,25.1941,0
oma_e40,4,4,20,2,3,112,25.5778,0
oma_e40,4,4,20,2,3,113,21.8844,1
oma_e40,4,4,20,2,3,114,21.3322,1
oma_e40,4,4,20,2,3,115,21.2742,1
oma_e40,4,4,20,2,3,116,26.7676,0
oma_e40,4,4,20,2,3,117,22.3129,0
oma_e40,4,4,20,2,3,118,24.1763,1
oma_e40,4,4,20,2,3,119,23.2457,0
oma_e40,4,4,20,2,3,120,20.8480,1
oma_e40,4,4,20,2,3,121,21.2101,0
oma_e40,4,4,20,2,3,122,28.1456,0
oma_e40,4,4,20,2,3,123,25.5013,0
oma_e40,4,4,20,2,3,124,22.1808,0
oma_e40,4,4,20,2,0,125,21.5156,0
oma_e40,4,4,20,2,0,126,23.6779,0
oma_e40,4,4,20,2,0,127,22.8997,0
oma_e40,4,4,20,2,0,128,22.6416,0
oma_e40,4,4,20,2,0,129,19.9280,0
oma_e40,4,4,20,2,0,130,27.6847,0
oma_e40,4,4,20,2,0,131,20.3115,1
oma_e40,4,4,20,2,0,132,23.2420,0
oma_e40,4,4,20,2,0,133,22.6949,1
oma_e40,4,4,20,2,0,134,25.5041,1
oma_e40,4,4,20,2,0,135,24.0153,1
oma_e40,4,4,20,2,0,136,25.9821,0
oma_e40,4,4,20,2,0,137,23.9121,0
oma_e40,4,4,20,2,0,138,21.4752,0
oma_e40,4,4,20,2,0,139,24.2183,0
oma_e40,4,4,20,2,0,140,20.1365,0
oma_e40,4,4,20,2,0,141,19.8525,1
oma_e40,4,4,20,2,0,142,26.7970,0
oma_e40,4,4,20,2,0,143,25.2672,0
oma_e40,4,4,20,2,0,144,23.8383,0
oma_e40,4,4,20,2,0,145,27.1180,0
oma_e40,4,4,20,2,0,146,26.9445,0
oma_e40,4,4,20,2,0,147,24.4744,0
oma_e40,4,4,20,2,0,148,23.1846,0
oma_e40,4,4,20,2,0,149,22.7590,1
oma_e40,4,4,20,2,1,125,25.5570,0
oma_e40,4,4,20,2,1,126,21.5326,1
oma_e40,4,4,20,2,1,127,22.8976,0
oma_e40,4,4,20,2,1,128,23.8440,0
oma_e40,4,4,20,2,1,129,21.8133,0
oma_e40,4,4,20,2,1,130,18.3480,0
oma_e40,4,4,20,2,1,131,22.7005,0
oma_e40,4,4,20,2,1,132,20.7950,0
oma_e40,4,4,20,2,1,133,23.9160,1
oma_e40,4,4,20,2,1,134,24.0246,0
oma_e40,4,4,20,2,1,135,25.3374,0
oma_e40,4,4,20,2,1,136,24.9713,0
oma_e40,4,4,20,2,1,137,24.8899,1
oma_e40,4,4,20,2,1,138,22.0902,0
oma_e40,4,4,20,2,1,139,23.8148,0
oma_e40,4,4,20,2,1,140,25.5058,0
oma_e40,4,4,20,2,1,141,19.4285,0
oma_e40,4,4,20,2,1,142,21.9857,0
oma_e40,4,4,20,2,1,143,20.9395,0
oma_e40,4,4,20,2,1,144,25.7935,1
oma_e40,4,4,20,2,1,145,25.6461,0
oma_e40,4,4,20,2,1,146,26.5543,0
oma_e40,4,4,20,2,1,147,29.6657,0
oma_e40,4,4,20,2,1,148,23.1358,0
oma_e40,4,4,20,2,1,149,20.6152,0
oma_e40,4,4,20,2,2,125,24.4853,0
oma_e40,4,4,20,2,2,126,21.6587,1
oma_e40,4,4,20,2,2,127,22.2274,1
oma_e40,4,4,20,2,2,128,21.5912,0
oma_e40,4,4,20,2,2,129,22.1846,0
oma_e40,4,4,20,2,2,130,22.3717,0
oma_e40,4,4,20,2,2,131,31.1840,0
oma_e40,4,4,20,2,2,132,25.3931,0
oma_e40,4,4,20,2,2,133,19.5012,1
oma_e40,4,4,20,2,2,134,21.8776,0
oma_e40,4,4,20,2,2,135,25.7274,0
oma_e40,4,4,20,2,2,136,22.9548,0
oma_e40,4,4,20,2,2,137,23.3808,0
oma_e40,4,4,20,2,2,138,24.4367,0
oma_e40,4,4,20,2,2,139,24.0013,0
oma_e40,4,4,20,2,2,140,25.0284,0
oma_e40,4,4,20,2,2,141,22.2735,0
oma_e40,4,4,20,2,2,142,24.5273,0
oma_e40,4,4,20,2,2,143,25.3336,0
oma_e40,4,4,20,2,2,144,22.8693,0
oma_e40,4,4,20,2,2,145,25.3533,0
oma_e40,4,4,20,2,2,146,21.9418,0
oma_e40,4,4,20,2,2,147,22.0675,0
oma_e40,4,4,20,2,2,148,23.9090,0
oma_e40,4,4,20,2,2,149,18.6422,1
oma_e40,4,4,20,2,3,125,27.3486,0
oma_e40,4,4,20,2,3,126,20.1575,0
oma_e40,4,4,20,2,3,127,22.3088,0
oma_e40,4,4,20,2,3,128,27.0981,0
oma_e40,4,4,20,2,3,129,22.1946,0
oma_e40,4,4,20,2,3,130,25.2739,1
oma_e40,4,4,20,2,3,131,27.4837,0
oma_e40,4,4,20,2,3,132,24.4093,0
oma_e40,4,4,20,2,3,133,19.4812,0
oma_e40,4,4,20,2,3,134,22.2027,0
oma_e40,4,4,20,2,3,135,23.0132,0
oma_e40,4,4,20,2,3,136,21.5829,0
oma_e40,4,4,20,2,3,137,19.4223,0
oma_e40,4,4,20,2,3,138,21.6858,0
oma_e40,4,4,20,2,3,139,23.7055,0
oma_e40,4,4,20,2,3,140,21.8248,1
oma_e40,4,4,20,2,3,141,22.9884,0
oma_e40,4,4,20,2,3,142,23.7185,0
oma_e40,4,4,20,2,3,143,27.8904,0
oma_e40,4,4,20,2,3,144,25.6990,0
oma_e40,4,4,20,2,3,145,26.3533,0
oma_e40,4,4,20,2,3,146,19.4709,1
oma_e40,4,4,20,2,3,147,20.0569,0
oma_e40,4,4,20,2,3,148,22.5013,0
oma_e40,4,4,20,2,3,149,19.3640,0
oma_e40,4,4,20,2,0,150,20.9826,0
oma_e40,4,4,20,2,0,151,24.1726,0
oma_e40,4,4,20,2,0,152,23.0334,0
oma_e40,4,4,20,2,0,153,23.6546,0
oma_e40,4,4,20,2,0,154,18.1460,0
oma_e40,4,4,20,2,0,155,25.4592,1
oma_e40,4,4,20,2,0,156,27.2270,0
oma_e40,4,4,20,2,0,157,23.6709,0
oma_e40,4,4,20,2,0,158,25.5210,0
oma_e40,4,4,20,2,0,159,15.4917,1
oma_e40,4,4,20,2,0,160,21.0408,0
oma_e40,4,4,20,2,0,161,25.6953,0
oma_e40,4,4,20,2,0,162,25.2846,0
oma_e40,4,4,20,2,0,163,24.3390,0
oma_e40,4,4,20,2,0,164,20.6122,0
oma_e40,4,4,20,2,0,165,21.2820,0
oma_e40,4,4,20,2,0,166,24.2865,0
oma_e40,4,4,20,2,0,167,22.8931,1
oma_e40,4,4,20,2,0,168,24.2814,0
oma_e40,4,4,20,2,0,169,26.2887,0
oma_e40,4,4,20,2,0,170,22.5099,0
oma_e40,4,4,20,2,0,171,23.9651,0
oma_e40,4,4,20,2,0,172,21.6975,1
oma_e40,4,4,20,2,0,173,25.6133,0
oma_e40,4,4,20,2,0,174,18.7412,0
oma_e40,4,4,20,2,1,150,20.9529,1
oma_e40,4,4,20,2,1,151,27.5113,0
oma_e40,4,4,20,2,1,152,21.8164,0
oma_e40,4,4,20,2,1,153,27.0850,0
oma_e40,4,4,20,2,1,154,19.1262,1
oma_e40,4,4,20,2,1,155,29.0061,1
oma_e40,4,4,20,2,1,156,24.4844,0
oma_e40,4,4,20,2,1,157,19.5918,1
oma_e40,4,4,20,2,1,158,20.0024,0
oma_e40,4,4,20,2,1,159,18.5307,1
oma_e40,4,4,20,2,1,160,21.8347,0
oma_e40,4,4,20,2,1,161,27.8016,0
oma_e40,4,4,20,2,1,162,24.2246,0
oma_e40,4,4,20,2,1,163,19.8204,0
oma_e40,4,4,20,2,1,164,21.1456,1
oma_e40,4,4,20,2,1,165,24.0657,0
oma_e40,4,4,20,2,1,166,24.6806,0
oma_e40,4,4,20,2,1,167,23.5708,0
oma_e40,4,4,20,2,1,168,24.5404,0
oma_e40,4,4,20,2,1,169,24.0642,0
oma_e40,4,4,20,2,1,170,28.2106,0
oma_e40,4,4,20,2,1,171,21.6945,0
oma_e40,4,4,20,2,1,172,23.0760,0
oma_e40,4,4,20,2,1,173,22.1155,0
oma_e40,4,4,20,2,1,174,27.1135,0
oma_e40,4,4,20,2,2,150,23.9994,0
oma_e40,4,4,20,2,2,151,18.7991,0
oma_e40,4,4,20,2,2,152,27.1907,0
oma_e40,4,4,20,2,2,153,24.8628,0
oma_e40,4,4,20,2,2,154,31.0920,1
oma_e40,4,4,20,2,2,155,24.8011,0
oma_e40,4,4,20,2,2,156,24.3689,0
oma_e40,4,4,20,2,2,157,20.8539,1
oma_e40,4,4,20,2,2,158,27.7491,0
oma_e40,4,4,20,2,2,159,17.6344,1
oma_e40,4,4,20,2,2,160,20.4026,0
oma_e40,4,4,20,2,2,161,23.3458,0
oma_e40,4,4,20,2,2,162,20.7609,0
oma_e40,4,4,20,2,2,163,25.3162,1
oma_e40,4,4,20,2,2,164,23.9629,0
oma_e40,4,4,20,2,2,165,25.2534,0
oma_e40,4,4,20,2,2,166,20.4212,0
oma_e40,4,4,20,2,2,167,24.8969,0
oma_e40,4,4,20,2,2,168,24.5312,0
oma_e40,4,4,20,2,2,169,22.2040,0
oma_e40,4,4,20,2,2,170,24.4033,0
oma_e40,4,4,20,2,2,171,25.6441,0
oma_e40,4,4,20,2,2,172,23.3075,0
oma_e40,4,4,20,2,2,173,20.3284,0
oma_e40,4,4,20,2,2,174,19.1332,0
oma_e40,4,4,20,2,3,150,22.0335,0
oma_e40,4,4,20,2,3,151,22.7921,0
oma_e40,4,4,20,2,3,152,25.8965,0
oma_e40,4,4,20,2,3,153,22.5815,0
oma_e40,4,4,20,2,3,154,28.2702,0
oma_e40,4,4,20,2,3,155,25.7399,0
oma_e40,4,4,20,2,3,156,21.8861,0
oma_e40,4,4,20,2,3,157,32.0547,0
oma_e40,4,4,20,2,3,158,20.5769,0
oma_e40,4,4,20,2,3,159,19.0532,0
oma_e40,4,4,20,2,3,160,25.0397,0
oma_e40,4,4,20,2,3,161,20.8889,0
oma_e40,4,4,20,2,3,162,20.5302,0
oma_e40,4,4,20,2,3,163,22.6412,1
oma_e40,4,4,20,2,3,164,22.4250,0
oma_e40,4,4,20,2,3,165,23.4387,0
oma_e40,4,4,20,2,3,166,22.4260,1
oma_e40,4,4,20,2,3,167,25.0369,0
oma_e40,4,4,20,2,3,168,23.5383,1
oma_e40,4,4,20,2,3,169,24.9049,0
oma_e40,4,4,20,2,3,170,27.8896,0
oma_e40,4,4,20,2,3,171,23.0437,0
oma_e40,4,4,20,2,3,172,21.6429,0
oma_e40,4,4,20,2,3,173,21.6558,1
oma_e40,4,4,20,2,3,174,25.7289,0
oma_e40,4,4,20,2,0,175,28.7866,0
oma_e40,4,4,20,2,0,176,28.6523,0
oma_e40,4,4,20,2,0,177,25.4346,0
oma_e40,4,4,20,2,0,178,25.7480,0
oma_e40,4,4,20,2,0,179,23.1193,0
oma_e40,4,4,20,2,0,180,27.7805,0
oma_e40,4,4,20,2,0,181,22.8395,0
oma_e40,4,4,20,2,0,182,23.6112,0
oma_e40,4,4,20,2,0,183,24.6470,0
oma_e40,4,4,20,2,0,184,25.3148,0
oma_e40,4,4,20,2,0,185,23.7451,0
oma_e40,4,4,20,2,0,186,21.3931,1
oma_e40,4,4,20,2,0,187,27.2116,0
oma_e40,4,4,20,2,0,188,20.6151,0
oma_e40,4,4,20,2,0,189,26.2296,0
oma_e40,4,4,20,2,0,190,24.4616,0
oma_e40,4,4,20,2,0,191,24.3547,0
oma_e40,4,4,20,2,0,192,25.0953,1
oma_e40,4,4,20,2,0,193,27.6034,0
oma_e40,4,4,20,2,0,194,21.1017,0
oma_e40,4,4,20,2,0,195,24.8079,0
oma_e40,4,4,20,2,0,196,28.3239,0
oma_e40,4,4,20,2,0,197,30.5222,0
oma_e40,4,4,20,2,0,198,25.3851,0
oma_e40,4,4,20,2,0,199,27.2777,0
oma_e40,4,4,20,2,1,175,24.0740,0
oma_e40,4,4,20,2,1,176,24.7954,0
oma_e40,4,4,20,2,1,177,24.5544,0
oma_e40,4,4,20,2,1,178,29.4802,0
oma_e40,4,4,20,2,1,179,22.9863,1
oma_e40,4,4,20,2,1,180,24.4629,0
oma_e40,4,4,20,2,1,181,20.8844,0
oma_e40,4,4,20,2,1,182,23.1613,0
oma_e40,4,4,20,2,1,183,21.6060,0
oma_e40,4,4,20,2,1,184,24.6442,1
oma_e40,4,4,20,2,1,185,20.7544,1
oma_e40,4,4,20,2,1,186,19.8730,0
oma_e40,4,4,20,2,1,187,23.6022,0
oma_e40,4,4,20,2,1,188,23.4864,0
oma_e40,4,4,20,2,1,189,23.2841,0
oma_e40,4,4,20,2,1,190,25.4902,0
oma_e40,4,4,20,2,1,191,22.1899,0
oma_e40,4,4,20,2,1,192,22.9954,0
oma_e40,4,4,20,2,1,193,25.0956,0
oma_e40,4,4,20,2,1,194,22.4798,0
oma_e40,4,4,20,2,1,195,23.4157,0
oma_e40,4,4,20,2,1,196,20.9823,0
oma_e40,4,4,20,2,1,197,25.4245,0
oma_e40,4,4,20,2,1,198,23.5243,0
oma_e40,4,4,20,2,1,199,19.8414,0
oma_e40,4,4,20,2,2,175,20.4932,0
oma_e40,4,4,20,2,2,176,29.3055,1
oma_e40,4,4,20,2,2,177,27.4318,0
oma_e40,4,4,20,2,2,178,21.4229,1
oma_e40,4,4,20,2,2,179,23.2390,0
oma_e40,4,4,20,2,2,180,22.3809,0
oma_e40,4,4,20,2,2,181,22.4028,0
oma_e40,4,4,20,2,2,182,21.4427,0
oma_e40,4,4,20,2,2,183,24.7549,0
oma_e40,4,4,20,2,2,184,22.8484,0
oma_e40,4,4,20,2,2,185,27.3844,0
oma_e40,4,4,20,2,2,186,19.6278,0
oma_e40,4,4,20,2,2,187,25.9938,0
oma_e40,4,4,20,2,2,188,25.6288,0
oma_e40,4,4,20,2,2,189,24.7322,0
oma_e40,4,4,20,2,2,190,25.3419,0
oma_e40,4,4,20,2,2,191,23.8126,1
oma_e40,4,4,20,2,2,192,25.8584,0
oma_e40,4,4,20,2,2,193,27.1914,0
oma_e40,4,4,20,2,2,194,22.1749,0
oma_e40,4,4,20,2,2,195,33.3102,0
oma_e40,4,4,20,2,2,196,21.1182,0
oma_e40,4,4,20,2,2,197,27.7835,1
oma_e40,4,4,20,2,2,198,24.6032,0
oma_e40,4,4,20,2,2,199,24.3229,0
oma_e40,4,4,20,2,3,175,27.0186,0
oma_e40,4,4,20,2,3,176,22.6596,0
oma_e40,4,4,20,2,3,177,25.8161,0
oma_e40,4,4,20,2,3,178,25.9594,0
oma_e40,4,4,20,2,3,179,17.9557,1
oma_e40,4,4,20,2,3,180,23.2273,0
oma_e40,4,4,20,2,3,181,25.3105,0
oma_e40,4,4,20,2,3,182,19.9731,0
oma_e40,4,4,20,2,3,183,15.7589,0
oma_e40,4,4,20,2,3,184,26.3348,0
oma_e40,4,4,20,2,3,185,27.3720,0
oma_e40,4,4,20,2,3,186,23.9634,0
oma_e40,4,4,20,2,3,187,23.7898,0
oma_e40,4,4,20,2,3,188,24.9490,0
oma_e40,4,4,20,2,3,189,23.7526,0
oma_e40,4,4,20,2,3,190,22.2757,0
oma_e40,4,4,20,2,3,191,24.4653,0
oma_e40,4,4,20,2,3,192,24.9520,0
oma_e40,4,4,20,2,3,193,22.6623,0
oma_e40,4,4,20,2,3,194,24.7343,0
oma_e40,4,4,20,2,3,195,27.0264,0
oma_e40,4,4,20,2,3,196,25.4688,1
oma_e40,4,4,20,2,3,197,22.1819,0
oma_e40,4,4,20,2,3,198,24.2841,0
oma_e40,4,4,20,2,3,199,24.6627,0
oma_e40,4,4,20,3,0,0,23.2961,0
oma_e40,4,4,20,3,0,1,25.1322,0
oma_e40,4,4,20,3,0,2,23.3951,0
oma_e40,4,4,20,3,0,3,23.3367,0
oma_e40,4,4,20,3,0,4,21.9448,0
oma_e40,4,4,20,3,0,5,23.3508,0
oma_e40,4,4,20,3,0,6,26.5734,0
oma_e40,4,4,20,3,0,7,19.9009,0
oma_e40,4,4,20,3,0,8,23.0757,1
oma_e40,4,4,20,3,0,9,23.3258,0
oma_e40,4,4,20,3,0,10,22.5774,0
oma_e40,4,4,20,3,0,11,19.3053,0
oma_e40,4,4,20,3,0,12,23.7757,0
oma_e40,4,4,20,3,0,13,21.0599,0
oma_e40,4,4,20,3,0,14,22.5524,1
oma_e40,4,4,20,3,0,15,22.8736,1
oma_e40,4,4,20,3,0,16,22.7403,0
oma_e40,4,4,20,3,0,17,23.5533,0
oma_e40,4,4,20,3,0,18,22.9259,0
oma_e40,4,4,20,3,0,19,21.9874,1
oma_e40,4,4,20,3,0,20,22.4419,0
oma_e40,4,4,20,3,0,21,18.1611,1
oma_e40,4,4,20,3,0,22,29.0691,0
oma_e40,4,4,20,3,0,23,25.1418,0
oma_e40,4,4,20,3,0,24,21.2054,0
oma_e40,4,4,20,3,1,0,30.5383,0
oma_e40,4,4,20,3,1,1,21.5114,1
oma_e40,4,4,20,3,1,2,25.1964,0
oma_e40,4,4,20,3,1,3,26.7627,0
oma_e40,4,4,20,3,1,4,22.0221,0
oma_e40,4,4,20,3,1,5,20.1448,0
oma_e40,4,4,20,3,1,6,22.9474,0
oma_e40,4,4,20,3,1,7,23.0160,0
oma_e40,4,4,20,3,1,8,24.8248,0
oma_e40,4,4,20,3,1,9,20.7807,0
oma_e40,4,4,20,3,1,10,19.8033,0
oma_e40,4,4,20,3,1,11,24.1596,1
oma_e40,4,4,20,3,1,12,27.3612,0
oma_e40,4,4,20,3,1,13,23.2831,0
oma_e40,4,4,20,3,1,14,24.4615,1
oma_e40,4,4,20,3,1,15,24.5173,0
oma_e40,4,4,20,3,1,16,20.0330,0
oma_e40,4,4,20,3,1,17,24.0058,1
oma_e40,4,4,20,3,1,18,24.4288,0
oma_e40,4,4,20,3,1,19,23.9077,0
oma_e40,4,4,20,3,1,20,29.2394,0
oma_e40,4,4,20,3,1,21,23.6774,0
oma_e40,4,4,20,3,1,22,22.5171,0
oma_e40,4,4,20,3,1,23,21.1155,0
oma_e40,4,4,20,3,1,24,20.9202,0
oma_e40,4,4,20,3,2,0,22.8086,0
oma_e40,4,4,20,3,2,1,23.8677,0
oma_e40,4,4,20,3,2,2,24.7899,1
oma_e40,4,4,20,3,2,3,22.7132,0
oma_e40,4,4,20,3,2,4,26.0879,0
oma_e40,4,4,20,3,2,5,23.6787,0
oma_e40,4,4,20,3,2,6,23.6552,0
oma_e40,4,4,20,3,2,7,22.6206,0
oma_e40,4,4,20,3,2,8,19.6215,1
oma_e40,4,4,20,3,2,9,23.2634,0
oma_e40,4,4,20,3,2,10,22.0181,0
oma_e40,4,4,20,3,2,11,26.1515,0
oma_e40,4,4,20,3,2,12,24.2302,0
oma_e40,4,4,20,3,2,13,21.8162,0
oma_e40,4,4,20,3,2,14,26.6947,1
oma_e40,4,4,20,3,2,15,26.1876,1
oma_e40,4,4,20,3,2,16,21.2231,0
oma_e40,4,4,20,3,2,17,23.8766,1
oma_e40,4,4,20,3,2,18,21.2695,0
oma_e40,4,4,20,3,2,19,24.8362,0
oma_e40,4,4,20,3,2,20,21.2365,0
oma_e40,4,4,20,3,2,21,21.0559,0
oma_e40,4,4,20,3,2,22,24.6395,0
oma_e40,4,4,20,3,2,23,27.9309,0
oma_e40,4,4,20,3,2,24,27.8090,0
oma_e40,4,4,20,3,3,0,24.1935,1
oma_e40,4,4,20,3,3,1,20.2649,1
oma_e40,4,4,20,3,3,2,22.6687,0
oma_e40,4,4,20,3,3,3,21.6192,0
oma_e40,4,4,20,3,3,4,22.8279,0
oma_e40,4,4,20,3,3,5,20.1825,0
oma_e40,4,4,20,3,3,6,21.2273,0
oma_e40,4,4,20,3,3,7,23.7997,0
oma_e40,4,4,20,3,3,8,25.2713,0
oma_e40,4,4,20,3,3,9,28.1155,0
oma_e40,4,4,20,3,3,10,23.9257,0
oma_e40,4,4,20,3,3,11,22.3011,0
oma_e40,4,4,20,3,3,12,21.6738,0
oma_e40,4,4,20,3,3,13,20.9198,0
oma_e40,4,4,20,3,3,14,20.4001,0
oma_e40,4,4,20,3,3,15,20.2528,0
oma_e40,4,4,20,3,3,16,21.4812,1
oma_e40,4,4,20,3,3,17,23.9635,0
oma_e40,4,4,20,3,3,18,30.6186,0
oma_e40,4,4,20,3,3,19,18.1087,0
oma_e40,4,4,20,3,3,20,26.5697,0
oma_e40,4,4,20,3,3,21,29.4368,0
oma_e40,4,4,20,3,3,22,25.4024,0
oma_e40,4,4,20,3,3,23,26.2773,0
oma_e40,4,4,20,3,3,24,24.9499,0
oma_e40,4,4,20,3,0,25,18.2116,1
oma_e40,4,4,20,3,0,26,24.1621,0
oma_e40,4,4,20,3,0,27,23.1924,1
oma_e40,4,4,20,3,0,28,23.6699,0
oma_e40,4,4,20,3,0,29,22.2423,0
oma_e40,4,4,20,3,0,30,23.0606,0
oma_e40,4,4,20,3,0,31,22.3655,0
oma_e40,4,4,20,3,0,32,22.0774,1
oma_e40,4,4,20,3,0,33,25.1443,0
oma_e40,4,4,20,3,0,34,24.3870,0
oma_e40,4,4,20,3,0,35,22.5054,0
oma_e40,4,4,20,3,0,36,22.5905,0
oma_e40,4,4,20,3,0,37,26.3315,0
oma_e40,4,4,20,3,0,38,22.9190,1
oma_e40,4,4,20,3,0,39,27.5866,0
oma_e40,4,4,20,3,0,40,26.8304,0
oma_e40,4,4,20,3,0,41,23.0209,0
oma_e40,4,4,20,3,0,42,18.2362,1
oma_e40,4,4,20,3,0,43,19.9413,0
oma_e40,4,4,20,3,0,44,26.7218,0
oma_e40,4,4,20,3,0,45,14.1325,1
oma_e40,4,4,20,3,0,46,21.1938,1
oma_e40,4,4,20,3,0,47,23.7196,0
oma_e40,4,4,20,3,0,48,22.4366,0
oma_e40,4,4,20,3,0,49,26.7489,0
oma_e40,4,4,20,3,1,25,22.3672,0
oma_e40,4,4,20,3,1,26,22.5058,0
oma_e40,4,4,20,3,1,27,20.7675,0
oma_e40,4,4,20,3,1,28,22.3219,0
oma_e40,4,4,20,3,1,29,24.0065,0
oma_e40,4,4,20,3,1,30,22.9791,0
oma_e40,4,4,20,3,1,31,21.2643,0
oma_e40,4,4,20,3,1,32,26.8564,0
oma_e40,4,4,20,3,1,33,29.4935,0
oma_e40,4,4,20,3,1,34,24.1399,0
oma_e40,4,4,20,3,1,35,26.1773,0
oma_e40,4,4,20,3,1,36,26.4535,0
oma_e40,4,4,20,3,1,37,22.0251,0
oma_e40,4,4,20,3,1,38,20.9812,0
oma_e40,4,4,20,3,1,39,24.1276,1
oma_e40,4,4,20,3,1,40,25.7898,0
oma_e40,4,4,20,3,1,41,27.5433,0
oma_e40,4,4,20,3,1,42,20.5480,1
oma_e40,4,4,20,3,1,43,20.1207,0
oma_e40,4,4,20,3,1,44,18.0297,0
oma_e40,4,4,20,3,1,45,14.7453,1
oma_e40,4,4,20,3,1,46,23.1061,0
oma_e40,4,4,20,3,1,47,19.7850,0
oma_e40,4,4,20,3,1,48,25.0000,0
oma_e40,4,4,20,3,1,49,22.9070,0
oma_e40,4,4,20,3,2,25,22.0479,0
oma_e40,4,4,20,3,2,26,22.8335,0
oma_e40,4,4,20,3,2,27,25.7248,0
oma_e40,4,4,20,3,2,28,25.3169,0
oma_e40,4,4,20,3,2,29,22.4953,0
oma_e40,4,4,20,3,2,30,17.6178,0
oma_e40,4,4,20,3,2,31,27.5230,0
oma_e40,4,4,20,3,2,32,18.4992,0
oma_e40,4,4,20,3,2,33,22.7615,0
oma_e40,4,4,20,3,2,34,24.9770,0
oma_e40,4,4,20,3,2,35,24.0942,0
oma_e40,4,4,20,3,2,36,22.8685,0
oma_e40,4,4,20,3,2,37,19.8028,0
oma_e40,4,4,20,3,2,38,20.7069,1
oma_e40,4,4,20,3,2,39,25.0965,0
oma_e40,4,4,20,3,2,40,25.7818,0
oma_e40,4,4,20,3,2,41,24.9669,0
oma_e40,4,4,20,3,2,42,15.9298,1
oma_e40,4,4,20,3,2,43,22.2335,0
oma_e40,4,4,20,3,2,44,21.8272,0
oma_e40,4,4,20,3,2,45,16.6750,1
oma_e40,4,4,20,3,2,46,22.5251,0
oma_e40,4,4,20,3,2,47,24.3103,0
oma_e40,4,4,20,3,2,48,25.7547,0
oma_e40,4,4,20,3,2,49,22.4408,0
oma_e40,4,4,20,3,3,25,24.1216,0
oma_e40,4,4,20,3,3,26,23.5953,0
oma_e40,4,4,20,3,3,27,21.2463,0
oma_e40,4,4,20,3,3,28,24.5418,0
oma_e40,4,4,20,3,3,29,25.4772,0
oma_e40,4,4,20,3,3,30,26.0914,0
oma_e40,4,4,20,3,3,31,20.8763,0
oma_e40,4,4,20,3,3,32,26.2236,0
oma_e40,4,4,20,3,3,33,29.5279,0
oma_e40,4,4,20,3,3,34,24.1966,0
oma_e40,4,4,20,3,3,35,25.6429,0
oma_e40,4,4,20,3,3,36,22.6737,0
oma_e40,4,4,20,3,3,37,21.6110,0
oma_e40,4,4,20,3,3,38,25.4978,0
oma_e40,4,4,20,3,3,39,27.6832,0
oma_e40,4,4,20,3,3,40,26.4614,0
oma_e40,4,4,20,3,3,41,23.4477,1
oma_e40,4,4,20,3,3,42,17.7697,0
oma_e40,4,4,20,3,3,43,19.9481,1
oma_e40,4,4,20,3,3,44,22.2432,0
oma_e40,4,4,20,3,3,45,17.9961,1
oma_e40,4,4,20,3,3,46,24.7981,1
oma_e40,4,4,20,3,3,47,21.6757,0
oma_e40,4,4,20,3,3,48,23.8643,0
oma_e40,4,4,20,3,3,49,23.3744,0
oma_e40,4,4,20,3,0,50,25.9607,0
oma_e40,4,4,20,3,0,51,24.3411,0
oma_e40,4,4,20,3,0,52,20.3816,0
oma_e40,4,4,20,3,0,53,24.9020,0
oma_e40,4,4,20,3,0,54,20.3295,0
oma_e40,4,4,20,3,0,55,17.2797,0
oma_e40,4,4,20,3,0,56,20.7422,0
oma_e40,4,4,20,3,0,57,20.6591,0
oma_e40,4,4,20,3,0,58,25.4812,0
oma_e40,4,4,20,3,0,59,26.0018,1
oma_e40,4,4,20,3,0,60,25.4002,0
oma_e40,4,4,20,3,0,61,25.6184,0
oma_e40,4,4,20,3,0,62,23.2813,0
oma_e40,4,4,20,3,0,63,23.7402,0
oma_e40,4,4,20,3,0,64,26.8145,0
oma_e40,4,4,20,3,0,65,20.0686,0
oma_e40,4,4,20,3,0,66,23.4754,0
oma_e40,4,4,20,3,0,67,28.2189,0
oma_e40,4,4,20,3,0,68,23.9736,0
oma_e40,4,4,20,3,0,69,23.4508,0
oma_e40,4,4,20,3,0,70,27.9032,0
oma_e40,4,4,20,3,0,71,24.0646,0
oma_e40,4,4,20,3,0,72,19.1625,1
oma_e40,4,4,20,3,0,73,27.1523,0
oma_e40,4,4,20,3,0,74,21.6958,0
oma_e40,4,4,20,3,1,50,23.5716,1
oma_e40,4,4,20,3,1,51,23.2686,0
oma_e40,4,4,20,3,1,52,24.9783,0
oma_e40,4,4,20,3,1,53,23.9448,0
oma_e40,4,4,20,3,1,54,16.8562,0
oma_e40,4,4,20,3,1,55,25.8761,0
oma_e40,4,4,20,3,1,56,26.7589,0
oma_e40,4,4,20,3,1,57,22.5724,0
oma_e40,4,4,20,3,1,58,26.9408,0
oma_e40,4,4,20,3,1,59,21.1678,0
oma_e40,4,4,20,3,1,60,27.0201,0
oma_e40,4,4,20,3,1,61,25.2726,0
oma_e40,4,4,20,3,1,62,26.0499,0
oma_e40,4,4,20,3,1,63,31.6700,0
oma_e40,4,4,20,3,1,64,26.0804,0
oma_e40,4,4,20,3,1,65,27.0437,0
oma_e40,4,4,20,3,1,66,25.9331,0
oma_e40,4,4,20,3,1,67,23.5189,0
oma_e40,4,4,20,3,1,68,22.0924,0
oma_e40,4,4,20,3,1,69,25.2255,1
oma_e40,4,4,20,3,1,70,22.5618,0
oma_e40,4,4,20,3,1,71,28.5688,0
oma_e40,4,4,20,3,1,72,19.0845,1
oma_e40,4,4,20,3,1,73,21.5673,0
oma_e40,4,4,20,3,1,74,23.1814,0
oma_e40,4,4,20,3,2,50,22.0035,0
oma_e40,4,4,20,3,2,51,25.0101,0
oma_e40,4,4,20,3,2,52,25.7007,0
oma_e40,4,4,20,3,2,53,22.7304,0
oma_e40,4,4,20,3,2,54,18.3331,0
oma_e40,4,4,20,3,2,55,30.1466,0
oma_e40,4,4,20,3,2,56,28.5235,0
oma_e40,4,4,20,3,2,57,26.0523,1
oma_e40,4,4,20,3,2,58,22.6787,0
oma_e40,4,4,20,3,2,59,21.6755,0
oma_e40,4,4,20,3,2,60,21.2009,1
oma_e40,4,4,20,3,2,61,24.3384,0
oma_e40,4,4,20,3,2,62,22.0760,0
oma_e40,4,4,20,3,2,63,23.1342,0
oma_e40,4,4,20,3,2,64,20.3112,0
oma_e40,4,4,20,3,2,65,24.8673,0
oma_e40,4,4,20,3,2,66,23.9417,0
oma_e40,4,4,20,3,2,67,24.2056,0
oma_e40,4,4,20,3,2,68,22.2876,0
oma_e40,4,4,20,3,2,69,27.5151,0
oma_e40,4,4,20,3,2,70,22.1273,0
oma_e40,4,4,20,3,2,71,24.4606,0
oma_e40,4,4,20,3,2,72,19.1297,1
oma_e40,4,4,20,3,2,73,21.3523,0
oma_e40,4,4,20,3,2,74,20.2210,1
oma_e40,4,4,20,3,3,50,22.6444,1
oma_e40,4,4,20,3,3,51,27.0795,0
oma_e40,4,4,20,3,3,52,24.1391,0
oma_e40,4,4,20,3,3,53,21.9025,0
oma_e40,4,4,20,3,3,54,23.4178,1
oma_e40,4,4,20,3,3,55,24.2863,0
oma_e40,4,4,20,3,3,56,30.6115,0
oma_e40,4,4,20,3,3,57,23.5920,0
oma_e40,4,4,20,3,3,58,24.0498,0
oma_e40,4,4,20,3,3,59,26.4789,0
oma_e40,4,4,20,3,3,60,24.5000,0
oma_e40,4,4,20,3,3,61,27.7014,0
oma_e40,4,4,20,3,3,62,22.2438,0
oma_e40,4,4,20,3,3,63,26.2736,0
oma_e40,4,4,20,3,3,64,28.4807,0
oma_e40,4,4,20,3,3,65,26.9659,0
oma_e40,4,4,20,3,3,66,25.4647,0
oma_e40,4,4,20,3,3,67,22.1153,0
oma_e40,4,4,20,3,3,68,25.3233,0
oma_e40,4,4,20,3,3,69,26.7472,0
oma_e40,4,4,20,3,3,70,25.2954,0
oma_e40,4,4,20,3,3,71,23.4496,0
oma_e40,4,4,20,3,3,72,18.7806,1
oma_e40,4,4,20,3,3,73,26.3246,0
oma_e40,4,4,20,3,3,74,23.0756,1
oma_e40,4,4,20,3,0,75,20.6514,0
oma_e40,4,4,20,3,0,76,24.9423,0
oma_e40,4,4,20,3,0,77,22.1405,0
oma_e40,4,4,20,3,0,78,23.2395,0
oma_e40,4,4,20,3,0,79,26.8422,0
oma_e40,4,4,20,3,0,80,22.8208,0
oma_e40,4,4,20,3,0,81,21.4155,0
oma_e40,4,4,20,3,0,82,23.0214,0
oma_e40,4,4,20,3,0,83,19.2142,1
oma_e40,4,4,20,3,0,84,21.4768,0
oma_e40,4,4,20,3,0,85,22.6505,0
oma_e40,4,4,20,3,0,86,21.9291,0
oma_e40,4,4,20,3,0,87,21.7128,0
oma_e40,4,4,20,3,0,88,23.8632,0
oma_e40,4,4,20,3,0,89,23.1884,0
oma_e40,4,4,20,3,0,90,22.7553,0
oma_e40,4,4,20,3,0,91,22.5741,0
oma_e40,4,4,20,3,0,92,24.2454,0
oma_e40,4,4,20,3,0,93,22.6042,1
oma_e40,4,4,20,3,0,94,23.9647,1
oma_e40,4,4,20,3,0,95,23.2416,0
oma_e40,4,4,20,3,0,96,26.8162,0
oma_e40,4,4,20,3,0,97,25.6414,0
oma_e40,4,4,20,3,0,98,24.6214,0
oma_e40,4,4,20,3,0,99,25.5260,0
oma_e40,4,4,20,3,1,75,22.4834,0
oma_e40,4,4,20,3,1,76,23.1273,0
oma_e40,4,4,20,3,1,77,28.4080,0
oma_e40,4,4,20,3,1,78,23.1829,1
oma_e40,4,4,20,3,1,79,22.3068,1
oma_e40,4,4,20,3,1,80,21.4055,0
oma_e40,4,4,20,3,1,81,26.8675,1
oma_e40,4,4,20,3,1,82,30.6732,0
oma_e40,4,4,20,3,1,83,23.5797,1
oma_e40,4,4,20,3,1,84,19.8112,1
oma_e40,4,4,20,3,1,85,27.1024,0
oma_e40,4,4,20,3,1,86,27.5959,0
oma_e40,4,4,20,3,1,87,26.6687,1
oma_e40,4,4,20,3,1,88,23.2052,0
oma_e40,4,4,20,3,1,89,23.8722,0
oma_e40,4,4,20,3,1,90,21.0768,1
oma_e40,4,4,20,3,1,91,21.8976,0
oma_e40,4,4,20,3,1,92,23.3089,0
oma_e40,4,4,20,3,1,93,22.7401,0
oma_e40,4,4,20,3,1,94,25.6513,0
oma_e40,4,4,20,3,1,95,21.5511,0
oma_e40,4,4,20,3,1,96,23.3665,0
oma_e40,4,4,20,3,1,97,29.1226,0
oma_e40,4,4,20,3,1,98,21.2697,0
oma_e40,4,4,20,3,1,99,24.0955,0
oma_e40,4,4,20,3,2,75,19.2987,1
oma_e40,4,4,20,3,2,76,23.1596,0
oma_e40,4,4,20,3,2,77,23.7134,0
oma_e40,4,4,20,3,2,78,24.2299,0
oma_e40,4,4,20,3,2,79,18.8821,0
oma_e40,4,4,20,3,2,80,24.7326,0
oma_e40,4,4,20,3,2,81,23.3820,1
oma_e40,4,4,20,3,2,82,25.5363,0
oma_e40,4,4,20,3,2,83,22.8990,0
oma_e40,4,4,20,3,2,84,25.9928,0
oma_e40,4,4,20,3,2,85,21.6862,0
oma_e40,4,4,20,3,2,86,23.9717,0
oma_e40,4,4,20,3,2,87,25.5715,0
oma_e40,4,4,20,3,2,88,25.4594,0
oma_e40,4,4,20,3,2,89,22.5132,0
oma_e40,4,4,20,3,2,90,24.1734,1
oma_e40,4,4,20,3,2,91,22.2162,0
oma_e40,4,4,20,3,2,92,23.5601,1
oma_e40,4,4,20,3,2,93,23.1708,1
oma_e40,4,4,20,3,2,94,21.8632,0
oma_e40,4,4,20,3,2,95,26.8285,0
oma_e40,4,4,20,3,2,96,24.0710,0
oma_e40,4,4,20,3,2,97,25.5166,0
oma_e40,4,4,20,3,2,98,25.9517,0
oma_e40,4,4,20,3,2,99,21.2565,1
oma_e40,4,4,20,3,3,75,28.9003,0
oma_e40,4,4,20,3,3,76,24.9601,0
oma_e40,4,4,20,3,3,77,26.2055,0
oma_e40,4,4,20,3,3,78,22.7437,0
oma_e40,4,4,20,3,3,79,23.0558,0
oma_e40,4,4,20,3,3,80,27.1442,0
oma_e40,4,4,20,3,3,81,22.6306,0
oma_e40,4,4,20,3,3,82,26.0578,0
oma_e40,4,4,20,3,3,83,25.1686,0
oma_e40,4,4,20,3,3,84,25.5931,1
oma_e40,4,4,20,3,3,85,23.7055,0
oma_e40,4,4,20,3,3,86,21.7900,1
oma_e40,4,4,20,3,3,87,18.8174,0
oma_e40,4,4,20,3,3,88,25.0694,0
oma_e40,4,4,20,3,3,89,25.2493,0
oma_e40,4,4,20,3,3,90,19.5520,0
oma_e40,4,4,20,3,3,91,23.3085,0
oma_e40,4,4,20,3,3,92,23.8348,0
oma_e40,4,4,20,3,3,93,22.9270,0
oma_e40,4,4,20,3,3,94,26.8056,0
oma_e40,4,4,20,3,3,95,20.1395,0
oma_e40,4,4,20,3,3,96,25.2509,0
oma_e40,4,4,20,3,3,97,23.1974,0
oma_e40,4,4,20,3,3,98,24.0924,0
oma_e40,4,4,20,3,3,99,27.5743,1
oma_e40,4,4,20,3,0,100,19.9451,0
oma_e40,4,4,20,3,0,101,25.5064,0
oma_e40,4,4,20,3,0,102,24.9826,0
oma_e40,4,4,20,3,0,103,20.0402,0
oma_e40,4,4,20,3,0,104,23.0964,0
oma_e40,4,4,20,3,0,105,23.8148,0
oma_e40,4,4,20,3,0,106,20.3518,1
oma_e40,4,4,20,3,0,107,23.0057,1
oma_e40,4,4,20,3,0,108,25.8746,0
oma_e40,4,4,20,3,0,109,23.9605,0
oma_e40,4,4,20,3,0,110,20.9228,0
oma_e40,4,4,20,3,0,111,25.1186,0
oma_e40,4,4,20,3,0,112,22.8526,0
oma_e40,4,4,20,3,0,113,15.7318,1
oma_e40,4,4,20,3,0,114,23.2166,0
oma_e40,4,4,20,3,0,115,23.2363,0
oma_e40,4,4,20,3,0,116,24.0092,0
oma_e40,4,4,20,3,0,117,22.3974,0
oma_e40,4,4,20,3,0,118,25.0716,1
oma_e40,4,4,20,3,0,119,26.2770,0
oma_e40,4,4,20,3,0,120,20.4757,1
oma_e40,4,4,20,3,0,121,23.4869,1
oma_e40,4,4,20,3,0,122,18.6434,0
oma_e40,4,4,20,3,0,123,20.1824,0
oma_e40,4,4,20,3,0,124,21.5228,0
oma_e40,4,4,20,3,1,100,23.3366,0
oma_e40,4,4,20,3,1,101,21.3028,1
oma_e40,4,4,20,3,1,102,21.9405,1
oma_e40,4,4,20,3,1,103,23.6717,0
oma_e40,4,4,20,3,1,104,21.8480,1
oma_e40,4,4,20,3,1,105,30.3365,0
oma_e40,4,4,20,3,1,106,20.7926,1
oma_e40,4,4,20,3,1,107,28.5034,0
oma_e40,4,4,20,3,1,108,26.5267,0
oma_e40,4,4,20,3,1,109,23.6588,0
oma_e40,4,4,20,3,1,110,22.0264,1
oma_e40,4,4,20,3,1,111,25.2645,0
oma_e40,4,4,20,3,1,112,24.5530,0
oma_e40,4,4,20,3,1,113,16.5790,1
oma_e40,4,4,20,3,1,114,21.6774,1
oma_e40,4,4,20,3,1,115,22.3034,1
oma_e40,4,4,20,3,1,116,20.3098,0
oma_e40,4,4,20,3,1,117,23.2996,1
oma_e40,4,4,20,3,1,118,27.9356,0
oma_e40,4,4,20,3,1,119,21.5792,0
oma_e40,4,4,20,3,1,120,21.1380,1
oma_e40,4,4,20,3,1,121,23.4013,1
oma_e40,4,4,20,3,1,122,23.3437,0
oma_e40,4,4,20,3,1,123,27.4986,0
oma_e40,4,4,20,3,1,124,25.9100,0
oma_e40,4,4,20,3,2,100,26.3669,0
oma_e40,4,4,20,3,2,101,24.0789,0
oma_e40,4,4,20,3,2,102,23.0584,1
oma_e40,4,4,20,3,2,103,20.1976,0
oma_e40,4,4,20,3,2,104,26.2771,0
oma_e40,4,4,20,3,2,105,21.0225,0
oma_e40,4,4,20,3,2,106,22.5014,0
oma_e40,4,4,20,3,2,107,20.2379,0
oma_e40,4,4,20,3,2,108,21.3713,0
oma_e40,4,4,20,3,2,109,24.9221,0
oma_e40,4,4,20,3,2,110,25.4675,0
oma_e40,4,4,20,3,2,111,25.6089,0
oma_e40,4,4,20,3,2,112,26.2553,0
oma_e40,4,4,20,3,2,113,17.1819,1
oma_e40,4,4,20,3,2,114,24.0433,1
oma_e40,4,4,20,3,2,115,21.2529,1
oma_e40,4,4,20,3,2,116,22.0387,0
oma_e40,4,4,20,3,2,117,22.4869,1
oma_e40,4,4,20,3,2,118,22.0260,0
oma_e40,4,4,20,3,2,119,26.0110,1
oma_e40,4,4,20,3,2,120,19.5137,0
oma_e40,4,4,20,3,2,121,19.5220,0
oma_e40,4,4,20,3,2,122,23.7528,1
oma_e40,4,4,20,3,2,123,29.1312,0
oma_e40,4,4,20,3,2,124,24.1451,0
oma_e40,4,4,20,3,3,100,24.9228,0
oma_e40,4,4,20,3,3,101,22.6665,1
oma_e40,4,4,20,3,3,102,24.2693,0
oma_e40,4,4,20,3,3,103,21.3826,0
oma_e40,4,4,20,3,3,104,25.9378,1
oma_e40,4,4,20,3,3,105,22.5030,0
oma_e40,4,4,20,3,3,106,22.7011,0
oma_e40,4,4,20,3,3,107,22.9402,0
oma_e40,4,4,20,3,3,108,19.2970,0
oma_e40,4,4,20,3,3,109,20.8783,1
oma_e40,4,4,20,3,3,110,26.1115,0
oma_e40,4,4,20,3,3,111,24.5839,0
oma_e40,4,4,20,3,3,112,25.3935,0
oma_e40,4,4,20,3,3,113,15.2616,1
oma_e40,4,4,20,3,3,114,20.5227,1
oma_e40,4,4,20,3,3,115,21.5198,1
oma_e40,4,4,20,3,3,116,27.1047,0
oma_e40,4,4,20,3,3,117,21.4155,0
oma_e40,4,4,20,3,3,118,25.1695,0
oma_e40,4,4,20,3,3,119,23.4055,0
oma_e40,4,4,20,3,3,120,19.5775,1
oma_e40,4,4,20,3,3,121,19.9447,0
oma_e40,4,4,20,3,3,122,27.9761,1
oma_e40,4,4,20,3,3,123,25.8428,0
oma_e40,4,4,20,3,3,124,22.0724,0
oma_e40,4,4,20,3,0,125,21.2813,0
oma_e40,4,4,20,3,0,126,23.3299,0
oma_e40,4,4,20,3,0,127,24.1618,0
oma_e40,4,4,20,3,0,128,22.6012,0
oma_e40,4,4,20,3,0,129,19.7822,0
oma_e40,4,4,20,3,0,130,27.7842,0
oma_e40,4,4,20,3,0,131,20.2669,1
oma_e40,4,4,20,3,0,132,23.0065,0
oma_e40,4,4,20,3,0,133,21.4643,1
oma_e40,4,4,20,3,0,134,24.5178,1
oma_e40,4,4,20,3,0,135,23.5929,1
oma_e40,4,4,20,3,0,136,26.6291,0
oma_e40,4,4,20,3,0,137,23.6928,1
oma_e40,4,4,20,3,0,138,21.5278,0
oma_e40,4,4,20,3,0,139,24.0067,0
oma_e40,4,4,20,3,0,140,20.0901,0
oma_e40,4,4,20,3,0,141,21.4999,1
oma_e40,4,4,20,3,0,142,26.5412,0
oma_e40,4,4,20,3,0,143,25.1583,0
oma_e40,4,4,20,3,0,144,24.8115,0
oma_e40,4,4,20,3,0,145,27.0223,0
oma_e40,4,4,20,3,0,146,28.2889,0
oma_e40,4,4,20,3,0,147,24.3491,0
oma_e40,4,4,20,3,0,148,23.8174,0
oma_e40,4,4,20,3,0,149,23.5786,0
oma_e40,4,4,20,3,1,125,25.1402,0
oma_e40,4,4,20,3,1,126,21.3666,1
oma_e40,4,4,20,3,1,127,23.7912,0
oma_e40,4,4,20,3,1,128,23.7803,0
oma_e40,4,4,20,3,1,129,21.6639,0
oma_e40,4,4,20,3,1,130,18.3954,1
oma_e40,4,4,20,3,1,131,22.6712,0
oma_e40,4,4,20,3,1,132,20.6819,0
oma_e40,4,4,20,3,1,133,22.5192,1
oma_e40,4,4,20,3,1,134,23.2595,0
oma_e40,4,4,20,3,1,135,24.8958,0
oma_e40,4,4,20,3,1,136,25.5492,0
oma_e40,4,4,20,3,1,137,24.7579,1
oma_e40,4,4,20,3,1,138,22.1309,0
oma_e40,4,4,20,3,1,139,23.6361,0
oma_e40,4,4,20,3,1,140,25.4070,0
oma_e40,4,4,20,3,1,141,21.0623,0
oma_e40,4,4,20,3,1,142,21.8797,0
oma_e40,4,4,20,3,1,143,20.9521,0
oma_e40,4,4,20,3,1,144,26.7902,0
oma_e40,4,4,20,3,1,145,25.6730,0
oma_e40,4,4,20,3,1,146,27.2359,0
oma_e40,4,4,20,3,1,147,29.0857,0
oma_e40,4,4,20,3,1,148,23.5389,0
oma_e40,4,4,20,3,1,149,21.1364,0
oma_e40,4,4,20,3,2,125,23.9393,0
oma_e40,4,4,20,3,2,126,21.3142,1
oma_e40,4,4,20,3,2,127,23.4025,1
oma_e40,4,4,20,3,2,128,21.5245,0
oma_e40,4,4,20,3,2,129,21.9866,0
oma_e40,4,4,20,3,2,130,22.4536,0
oma_e40,4,4,20,3,2,131,31.1336,0
oma_e40,4,4,20,3,2,132,25.1889,0
oma_e40,4,4,20,3,2,133,18.7227,1
oma_e40,4,4,20,3,2,134,21.4018,0
oma_e40,4,4,20,3,2,135,25.2374,0
oma_e40,4,4,20,3,2,136,23.4262,0
oma_e40,4,4,20,3,2,137,23.3074,0
oma_e40,4,4,20,3,2,138,24.4509,0
oma_e40,4,4,20,3,2,139,24.0372,0
oma_e40,4,4,20,3,2,140,24.9214,0
oma_e40,4,4,20,3,2,141,24.5304,0
oma_e40,4,4,20,3,2,142,24.1673,0
oma_e40,4,4,20,3,2,143,25.3101,0
oma_e40,4,4,20,3,2,144,23.8652,0
oma_e40,4,4,20,3,2,145,25.6385,0
oma_e40,4,4,20,3,2,146,22.3433,0
oma_e40,4,4,20,3,2,147,21.9456,0
oma_e40,4,4,20,3,2,148,24.4862,0
oma_e40,4,4,20,3,2,149,18.9387,1
oma_e40,4,4,20,3,3,125,26.3890,0
oma_e40,4,4,20,3,3,126,19.9838,0
oma_e40,4,4,20,3,3,127,23.1464,0
oma_e40,4,4,20,3,3,128,27.0390,0
oma_e40,4,4,20,3,3,129,22.0186,0
oma_e40,4,4,20,3,3,130,25.3186,1
oma_e40,4,4,20,3,3,131,27.3984,0
oma_e40,4,4,20,3,3,132,24.2361,0
oma_e40,4,4,20,3,3,133,18.5235,0
oma_e40,4,4,20,3,3,134,21.4291,0
oma_e40,4,4,20,3,3,135,22.6548,0
oma_e40,4,4,20,3,3,136,21.8931,0
oma_e40,4,4,20,3,3,137,19.4240,0
oma_e40,4,4,20,3,3,138,21.7068,0
oma_e40,4,4,20,3,3,139,23.5334,0
oma_e40,4,4,20,3,3,140,21.7721,1
oma_e40,4,4,20,3,3,141,26.1801,0
oma_e40,4,4,20,3,3,142,23.4381,0
oma_e40,4,4,20,3,3,143,27.6776,0
oma_e40,4,4,20,3,3,144,26.6529,0
oma_e40,4,4,20,3,3,145,26.2536,0
oma_e40,4,4,20,3,3,146,19.7696,1
oma_e40,4,4,20,3,3,147,19.9732,0
oma_e40,4,4,20,3,3,148,23.0640,1
oma_e40,4,4,20,3,3,149,19.8680,0
oma_e40,4,4,20,3,0,150,18.4697,0
oma_e40,4,4,20,3,0,151,24.4180,0
oma_e40,4,4,20,3,0,152,24.0176,0
oma_e40,4,4,20,3,0,153,23.4970,0
oma_e40,4,4,20,3,0,154,18.2796,0
oma_e40,4,4,20,3,0,155,25.0487,1
oma_e40,4,4,20,3,0,156,26.3822,0
oma_e40,4,4,20,3,0,157,23.6200,0
oma_e40,4,4,20,3,0,158,25.0294,0
oma_e40,4,4,20,3,0,159,20.6266,0
oma_e40,4,4,20,3,0,160,21.3634,0
oma_e40,4,4,20,3,0,161,26.0078,0
oma_e40,4,4,20,3,0,162,25.1614,0
oma_e40,4,4,20,3,0,163,24.3336,0
oma_e40,4,4,20,3,0,164,22.2437,0
oma_e40,4,4,20,3,0,165,20.9075,0
oma_e40,4,4,20,3,0,166,26.2899,0
oma_e40,4,4,20,3,0,167,22.8441,1
oma_e40,4,4,20,3,0,168,24.2908,0
oma_e40,4,4,20,3,0,169,26.1144,0
oma_e40,4,4,20,3,0,170,21.2981,0
oma_e40,4,4,20,3,0,171,20.8721,1
oma_e40,4,4,20,3,0,172,21.6269,1
oma_e40,4,4,20,3,0,173,25.3143,0
oma_e40,4,4,20,3,0,174,19.0030,0
oma_e40,4,4,20,3,1,150,18.8506,1
oma_e40,4,4,20,3,1,151,27.7837,0
oma_e40,4,4,20,3,1,152,22.4402,0
oma_e40,4,4,20,3,1,153,26.8821,0
oma_e40,4,4,20,3,1,154,19.3430,1
oma_e40,4,4,20,3,1,155,28.1433,1
oma_e40,4,4,20,3,1,156,23.9833,0
oma_e40,4,4,20,3,1,157,19.5396,1
oma_e40,4,4,20,3,1,158,19.7015,1
oma_e40,4,4,20,3,1,159,24.3930,1
oma_e40,4,4,20,3,1,160,22.3158,0
oma_e40,4,4,20,3,1,161,28.6309,0
oma_e40,4,4,20,3,1,162,24.1416,0
oma_e40,4,4,20,3,1,163,19.8284,0
oma_e40,4,4,20,3,1,164,22.9134,0
oma_e40,4,4,20,3,1,165,23.3373,0
oma_e40,4,4,20,3,1,166,27.3237,0
oma_e40,4,4,20,3,1,167,23.5453,0
oma_e40,4,4,20,3,1,168,24.5597,0
oma_e40,4,4,20,3,1,169,24.0471,0
oma_e40,4,4,20,3,1,170,24.4874,0
oma_e40,4,4,20,3,1,171,19.3946,0
oma_e40,4,4,20,3,1,172,22.9953,1
oma_e40,4,4,20,3,1,173,21.9813,0
oma_e40,4,4,20,3,1,174,27.9196,0
oma_e40,4,4,20,3,2,150,21.8448,0
oma_e40,4,4,20,3,2,151,18.8560,0
oma_e40,4,4,20,3,2,152,27.9503,0
oma_e40,4,4,20,3,2,153,24.6392,0
oma_e40,4,4,20,3,2,154,32.0165,1
oma_e40,4,4,20,3,2,155,24.5968,0
oma_e40,4,4,20,3,2,156,23.9981,1
oma_e40,4,4,20,3,2,157,20.8003,1
oma_e40,4,4,20,3,2,158,26.7255,0
oma_e40,4,4,20,3,2,159,24.7203,0
oma_e40,4,4,20,3,2,160,20.6800,0
oma_e40,4,4,20,3,2,161,23.6158,0
oma_e40,4,4,20,3,2,162,20.6952,0
oma_e40,4,4,20,3,2,163,25.3177,1
oma_e40,4,4,20,3,2,164,26.8522,0
oma_e40,4,4,20,3,2,165,24.5191,0
oma_e40,4,4,20,3,2,166,21.7289,0
oma_e40,4,4,20,3,2,167,24.8221,0
oma_e40,4,4,20,3,2,168,24.5548,0
oma_e40,4,4,20,3,2,169,22.1025,0
oma_e40,4,4,20,3,2,170,23.3359,0
oma_e40,4,4,20,3,2,171,22.1957,0
oma_e40,4,4,20,3,2,172,23.2277,0
oma_e40,4,4,20,3,2,173,20.1951,0
oma_e40,4,4,20,3,2,174,19.4138,0
oma_e40,4,4,20,3,3,150,19.7470,0
oma_e40,4,4,20,3,3,151,22.8877,0
oma_e40,4,4,20,3,3,152,26.5472,0
oma_e40,4,4,20,3,3,153,22.3511,1
oma_e40,4,4,20,3,3,154,28.6896,0
oma_e40,4,4,20,3,3,155,25.1741,1
oma_e40,4,4,20,3,3,156,21.6881,0
oma_e40,4,4,20,3,3,157,32.0142,0
oma_e40,4,4,20,3,3,158,20.1481,0
oma_e40,4,4,20,3,3,159,26.3628,0
oma_e40,4,4,20,3,3,160,25.2536,0
oma_e40,4,4,20,3,3,161,21.1199,0
oma_e40,4,4,20,3,3,162,20.4112,0
oma_e40,4,4,20,3,3,163,22.6631,1
oma_e40,4,4,20,3,3,164,25.3868,0
oma_e40,4,4,20,3,3,165,22.8822,0
oma_e40,4,4,20,3,3,166,23.5734,1
oma_e40,4,4,20,3,3,167,24.9948,0
oma_e40,4,4,20,3,3,168,23.5735,1
oma_e40,4,4,20,3,3,169,24.8313,0
oma_e40,4,4,20,3,3,170,25.1867,0
oma_e40,4,4,20,3,3,171,19.9354,1
oma_e40,4,4,20,3,3,172,21.5828,0
oma_e40,4,4,20,3,3,173,21.4256,1
oma_e40,4,4,20,3,3,174,26.3028,0
oma_e40,4,4,20,3,0,175,28.8370,0
oma_e40,4,4,20,3,0,176,27.4603,0
oma_e40,4,4,20,3,0,177,23.4608,0
oma_e40,4,4,20,3,0,178,25.7754,0
oma_e40,4,4,20,3,0,179,25.0859,0
oma_e40,4,4,20,3,0,180,26.1813,0
oma_e40,4,4,20,3,0,181,22.2355,0
oma_e40,4,4,20,3,0,182,23.7347,0
oma_e40,4,4,20,3,0,183,24.5540,0
oma_e40,4,4,20,3,0,184,25.3251,0
oma_e40,4,4,20,3,0,185,23.3877,0
oma_e40,4,4,20,3,0,186,21.4303,1
oma_e40,4,4,20,3,0,187,27.0974,0
oma_e40,4,4,20,3,0,188,20.6626,0
oma_e40,4,4,20,3,0,189,26.3579,0
oma_e40,4,4,20,3,0,190,24.3680,0
oma_e40,4,4,20,3,0,191,24.4733,0
oma_e40,4,4,20,3,0,192,25.3927,1
oma_e40,4,4,20,3,0,193,27.5301,0
oma_e40,4,4,20,3,0,194,21.4364,0
oma_e40,4,4,20,3,0,195,24.8349,0
oma_e40,4,4,20,3,0,196,28.1693,0
oma_e40,4,4,20,3,0,197,25.4349,0
oma_e40,4,4,20,3,0,198,24.1484,0
oma_e40,4,4,20,3,0,199,26.6672,0
oma_e40,4,4,20,3,1,175,24.1354,0
oma_e40,4,4,20,3,1,176,23.6613,0
oma_e40,4,4,20,3,1,177,22.8286,1
oma_e40,4,4,20,3,1,178,29.3922,0
oma_e40,4,4,20,3,1,179,24.3174,0
oma_e40,4,4,20,3,1,180,23.8655,0
oma_e40,4,4,20,3,1,181,20.2596,0
oma_e40,4,4,20,3,1,182,23.3301,0
oma_e40,4,4,20,3,1,183,21.5897,0
oma_e40,4,4,20,3,1,184,24.6853,0
oma_e40,4,4,20,3,1,185,20.3854,1
oma_e40,4,4,20,3,1,186,19.8931,1
oma_e40,4,4,20,3,1,187,23.4106,0
oma_e40,4,4,20,3,1,188,23.6578,0
oma_e40,4,4,20,3,1,189,23.0254,0
oma_e40,4,4,20,3,1,190,25.3230,0
oma_e40,4,4,20,3,1,191,22.2944,0
oma_e40,4,4,20,3,1,192,23.2701,0
oma_e40,4,4,20,3,1,193,24.9072,0
oma_e40,4,4,20,3,1,194,22.8551,1
oma_e40,4,4,20,3,1,195,23.4400,0
oma_e40,4,4,20,3,1,196,20.9260,0
oma_e40,4,4,20,3,1,197,22.8166,0
oma_e40,4,4,20,3,1,198,22.6939,0
oma_e40,4,4,20,3,1,199,19.5988,1
oma_e40,4,4,20,3,2,175,20.5454,0
oma_e40,4,4,20,3,2,176,26.5379,1
oma_e40,4,4,20,3,2,177,25.9188,0
oma_e40,4,4,20,3,2,178,21.3590,1
oma_e40,4,4,20,3,2,179,24.8665,0
oma_e40,4,4,20,3,2,180,21.9763,0
oma_e40,4,4,20,3,2,181,21.6259,0
oma_e40,4,4,20,3,2,182,21.5715,0
oma_e40,4,4,20,3,2,183,24.7258,0
oma_e40,4,4,20,3,2,184,22.8454,0
oma_e40,4,4,20,3,2,185,26.5978,0
oma_e40,4,4,20,3,2,186,19.6968,0
oma_e40,4,4,20,3,2,187,25.9438,0
oma_e40,4,4,20,3,2,188,25.7875,0
oma_e40,4,4,20,3,2,189,24.5468,0
oma_e40,4,4,20,3,2,190,25.0554,0
oma_e40,4,4,20,3,2,191,24.0038,1
oma_e40,4,4,20,3,2,192,26.4329,0
oma_e40,4,4,20,3,2,193,26.9909,0
oma_e40,4,4,20,3,2,194,22.4426,0
oma_e40,4,4,20,3,2,195,33.3048,0
oma_e40,4,4,20,3,2,196,21.0659,0
oma_e40,4,4,20,3,2,197,23.9833,1
oma_e40,4,4,20,3,2,198,23.8117,0
oma_e40,4,4,20,3,2,199,23.7392,0
oma_e40,4,4,20,3,3,175,27.1105,0
oma_e40,4,4,20,3,3,176,21.7653,0
oma_e40,4,4,20,3,3,177,23.8142,0
oma_e40,4,4,20,3,3,178,25.8934,0
oma_e40,4,4,20,3,3,179,18.7322,1
oma_e40,4,4,20,3,3,180,22.4508,0
oma_e40,4,4,20,3,3,181,24.2199,0
oma_e40,4,4,20,3,3,182,20.0459,0
oma_e40,4,4,20,3,3,183,15.7442,0
oma_e40,4,4,20,3,3,184,26.3739,0
oma_e40,4,4,20,3,3,185,26.5695,0
oma_e40,4,4,20,3,3,186,23.9672,0
oma_e40,4,4,20,3,3,187,23.7244,0
oma_e40,4,4,20,3,3,188,24.9754,0
oma_e40,4,4,20,3,3,189,23.6251,0
oma_e40,4,4,20,3,3,190,22.1183,0
oma_e40,4,4,20,3,3,191,24.6876,0
oma_e40,4,4,20,3,3,192,25.3120,0
oma_e40,4,4,20,3,3,193,22.5639,0
oma_e40,4,4,20,3,3,194,25.2815,0
oma_e40,4,4,20,3,3,195,27.0644,0
oma_e40,4,4,20,3,3,196,25.2759,0
oma_e40,4,4,20,3,3,197,19.7659,0
oma_e40,4,4,20,3,3,198,23.2586,0
oma_e40,4,4,20,3,3,199,24.3113,0
oma_e40,4,4,20,4,0,0,23.2900,0
oma_e40,4,4,20,4,0,1,24.9624,0
oma_e40,4,4,20,4,0,2,22.0849,1
oma_e40,4,4,20,4,0,3,22.6636,0
oma_e40,4,4,20,4,0,4,21.9523,0
oma_e40,4,4,20,4,0,5,23.4138,0
oma_e40,4,4,20,4,0,6,26.4967,0
oma_e40,4,4,20,4,0,7,19.9749,0
oma_e40,4,4,20,4,0,8,23.2063,1
oma_e40,4,4,20,4,0,9,23.3357,0
oma_e40,4,4,20,4,0,10,23.8636,0
oma_e40,4,4,20,4,0,11,19.3767,0
oma_e40,4,4,20,4,0,12,23.6622,0
oma_e40,4,4,20,4,0,13,20.6734,0
oma_e40,4,4,20,4,0,14,22.6096,1
oma_e40,4,4,20,4,0,15,22.9789,1
oma_e40,4,4,20,4,0,16,26.0790,0
oma_e40,4,4,20,4,0,17,23.4540,0
oma_e40,4,4,20,4,0,18,22.8352,0
oma_e40,4,4,20,4,0,19,22.9768,0
oma_e40,4,4,20,4,0,20,22.4356,0
oma_e40,4,4,20,4,0,21,18.1727,1
oma_e40,4,4,20,4,0,22,28.3419,0
oma_e40,4,4,20,4,0,23,24.9147,0
oma_e40,4,4,20,4,0,24,20.7122,0
oma_e40,4,4,20,4,1,0,30.6594,0
oma_e40,4,4,20,4,1,1,21.3672,1
oma_e40,4,4,20,4,1,2,23.7383,0
oma_e40,4,4,20,4,1,3,26.1122,0
oma_e40,4,4,20,4,1,4,22.0429,0
oma_e40,4,4,20,4,1,5,20.2050,0
oma_e40,4,4,20,4,1,6,22.9402,0
oma_e40,4,4,20,4,1,7,23.1166,0
oma_e40,4,4,20,4,1,8,25.0163,0
oma_e40,4,4,20,4,1,9,20.6977,0
oma_e40,4,4,20,4,1,10,20.7604,1
oma_e40,4,4,20,4,1,11,24.3817,0
oma_e40,4,4,20,4,1,12,26.9039,0
oma_e40,4,4,20,4,1,13,22.8709,0
oma_e40,4,4,20,4,1,14,24.5293,1
oma_e40,4,4,20,4,1,15,24.8846,0
oma_e40,4,4,20,4,1,16,22.9865,0
oma_e40,4,4,20,4,1,17,23.9512,1
oma_e40,4,4,20,4,1,18,24.1551,0
oma_e40,4,4,20,4,1,19,24.9946,0
oma_e40,4,4,20,4,1,20,29.2407,0
oma_e40,4,4,20,4,1,21,23.6684,0
oma_e40,4,4,20,4,1,22,22.2935,0
oma_e40,4,4,20,4,1,23,20.8987,0
oma_e40,4,4,20,4,1,24,20.3820,0
oma_e40,4,4,20,4,2,0,22.8692,0
oma_e40,4,4,20,4,2,1,23.5837,0
oma_e40,4,4,20,4,2,2,23.3220,1
oma_e40,4,4,20,4,2,3,22.1292,0
oma_e40,4,4,20,4,2,4,26.1413,0
oma_e40,4,4,20,4,2,5,23.8259,0
oma_e40,4,4,20,4,2,6,23.6086,0
oma_e40,4,4,20,4,2,7,22.6932,0
oma_e40,4,4,20,4,2,8,19.7152,1
oma_e40,4,4,20,4,2,9,23.2234,0
oma_e40,4,4,20,4,2,10,22.8111,0
oma_e40,4,4,20,4,2,11,26.3963,0
oma_e40,4,4,20,4,2,12,23.8948,0
oma_e40,4,4,20,4,2,13,21.4217,0
oma_e40,4,4,20,4,2,14,26.7183,1
oma_e40,4,4,20,4,2,15,26.4346,1
oma_e40,4,4,20,4,2,16,25.0753,0
oma_e40,4,4,20,4,2,17,23.7106,1
oma_e40,4,4,20,4,2,18,20.9227,0
oma_e40,4,4,20,4,2,19,26.6715,0
oma_e40,4,4,20,4,2,20,21.2089,0
oma_e40,4,4,20,4,2,21,21.0460,0
oma_e40,4,4,20,4,2,22,24.3187,0
oma_e40,4,4,20,4,2,23,27.6345,0
oma_e40,4,4,20,4,2,24,26.2547,0
oma_e40,4,4,20,4,3,0,24.2821,1
oma_e40,4,4,20,4,3,1,20.1391,1
oma_e40,4,4,20,4,3,2,21.6781,0
oma_e40,4,4,20,4,3,3,21.1454,0
oma_e40,4,4,20,4,3,4,22.9355,0
oma_e40,4,4,20,4,3,5,20.2143,0
oma_e40,4,4,20,4,3,6,21.2066,0
oma_e40,4,4,20,4,3,7,23.8871,0
oma_e40,4,4,20,4,3,8,25.3751,0
oma_e40,4,4,20,4,3,9,28.1223,0
oma_e40,4,4,20,4,3,10,25.0746,0
oma_e40,4,4,20,4,3,11,22.4371,0
oma_e40,4,4,20,4,3,12,21.4878,0
oma_e40,4,4,20,4,3,13,20.5925,0
oma_e40,4,4,20,4,3,14,20.4480,0
oma_e40,4,4,20,4,3,15,20.3654,0
oma_e40,4,4,20,4,3,16,25.1520,0
oma_e40,4,4,20,4,3,17,23.7972,0
oma_e40,4,4,20,4,3,18,29.7652,0
oma_e40,4,4,20,4,3,19,18.5483,0
oma_e40,4,4,20,4,3,20,26.4847,0
oma_e40,4,4,20,4,3,21,29.4136,0
oma_e40,4,4,20,4,3,22,25.0576,0
oma_e40,4,4,20,4,3,23,25.9171,0
oma_e40,4,4,20,4,3,24,24.0960,1
oma_e40,4,4,20,4,0,25,19.0212,1
oma_e40,4,4,20,4,0,26,18.7966,0
oma_e40,4,4,20,4,0,27,23.6570,0
oma_e40,4,4,20,4,0,28,23.6342,0
oma_e40,4,4,20,4,0,29,21.8909,0
oma_e40,4,4,20,4,0,30,21.5186,0
oma_e40,4,4,20,4,0,31,23.5202,0
oma_e40,4,4,20,4,0,32,21.9174,1
oma_e40,4,4,20,4,0,33,25.4792,0
oma_e40,4,4,20,4,0,34,24.2489,0
oma_e40,4,4,20,4,0,35,22.5162,0
oma_e40,4,4,20,4,0,36,22.2113,0
oma_e40,4,4,20,4,0,37,26.0125,0
oma_e40,4,4,20,4,0,38,22.7460,1
oma_e40,4,4,20,4,0,39,27.8046,0
oma_e40,4,4,20,4,0,40,26.9088,1
oma_e40,4,4,20,4,0,41,21.9431,0
oma_e40,4,4,20,4,0,42,26.5942,0
oma_e40,4,4,20,4,0,43,22.6658,0
oma_e40,4,4,20,4,0,44,26.4398,0
oma_e40,4,4,20,4,0,45,20.1808,1
oma_e40,4,4,20,4,0,46,21.1251,0
oma_e40,4,4,20,4,0,47,21.8355,1
oma_e40,4,4,20,4,0,48,22.3700,1
oma_e40,4,4,20,4,0,49,26.8372,0
oma_e40,4,4,20,4,1,25,24.1398,0
oma_e40,4,4,20,4,1,26,17.4720,1
oma_e40,4,4,20,4,1,27,21.0301,1
oma_e40,4,4,20,4,1,28,22.2629,0
oma_e40,4,4,20,4,1,29,23.5715,0
oma_e40,4,4,20,4,1,30,21.8540,0
oma_e40,4,4,20,4,1,31,22.2253,0
oma_e40,4,4,20,4,1,32,26.6178,0
oma_e40,4,4,20,4,1,33,29.8278,0
oma_e40,4,4,20,4,1,34,24.1276,0
oma_e40,4,4,20,4,1,35,26.1753,0
oma_e40,4,4,20,4,1,36,25.5849,0
oma_e40,4,4,20,4,1,37,21.8199,0
oma_e40,4,4,20,4,1,38,20.9117,0
oma_e40,4,4,20,4,1,39,24.3578,0
oma_e40,4,4,20,4,1,40,25.8010,0
oma_e40,4,4,20,4,1,41,25.7163,0
oma_e40,4,4,20,4,1,42,34.1276,0
oma_e40,4,4,20,4,1,43,22.8147,0
oma_e40,4,4,20,4,1,44,17.9092,0
oma_e40,4,4,20,4,1,45,20.3215,1
oma_e40,4,4,20,4,1,46,23.0439,1
oma_e40,4,4,20,4,1,47,18.5582,0
oma_e40,4,4,20,4,1,48,24.8322,0
oma_e40,4,4,20,4,1,49,22.6134,0
oma_e40,4,4,20,4,2,25,23.4575,0
oma_e40,4,4,20,4,2,26,18.4592,1
oma_e40,4,4,20,4,2,27,26.8846,0
oma_e40,4,4,20,4,2,28,25.0627,0
oma_e40,4,4,20,4,2,29,22.0721,0
oma_e40,4,4,20,4,2,30,16.7296,1
oma_e40,4,4,20,4,2,31,29.3625,0
oma_e40,4,4,20,4,2,32,18.4363,0
oma_e40,4,4,20,4,2,33,23.0036,0
oma_e40,4,4,20,4,2,34,24.9112,0
oma_e40,4,4,20,4,2,35,24.0771,0
oma_e40,4,4,20,4,2,36,22.3430,0
oma_e40,4,4,20,4,2,37,19.6425,0
oma_e40,4,4,20,4,2,38,20.5904,1
oma_e40,4,4,20,4,2,39,25.4135,0
oma_e40,4,4,20,4,2,40,25.7900,0
oma_e40,4,4,20,4,2,41,23.1382,1
oma_e40,4,4,20,4,2,42,22.1972,0
oma_e40,4,4,20,4,2,43,26.8710,0
oma_e40,4,4,20,4,2,44,21.6276,0
oma_e40,4,4,20,4,2,45,24.3304,0
oma_e40,4,4,20,4,2,46,22.4872,0
oma_e40,4,4,20,4,2,47,22.7165,0
oma_e40,4,4,20,4,2,48,25.6968,0
oma_e40,4,4,20,4,2,49,22.1171,0
oma_e40,4,4,20,4,3,25,25.8603,0
oma_e40,4,4,20,4,3,26,17.9620,0
oma_e40,4,4,20,4,3,27,21.7078,0
oma_e40,4,4,20,4,3,28,24.4023,0
oma_e40,4,4,20,4,3,29,24.6892,1
oma_e40,4,4,20,4,3,30,24.0451,1
oma_e40,4,4,20,4,3,31,21.8593,0
oma_e40,4,4,20,4,3,32,26.0555,0
oma_e40,4,4,20,4,3,33,30.0988,0
oma_e40,4,4,20,4,3,34,24.0856,0
oma_e40,4,4,20,4,3,35,25.6702,0
oma_e40,4,4,20,4,3,36,22.2489,1
oma_e40,4,4,20,4,3,37,21.4128,0
oma_e40,4,4,20,4,3,38,25.2836,0
oma_e40,4,4,20,4,3,39,27.9824,0
oma_e40,4,4,20,4,3,40,26.4282,0
oma_e40,4,4,20,4,3,41,21.9148,1
oma_e40,4,4,20,4,3,42,22.7809,0
oma_e40,4,4,20,4,3,43,22.3328,0
oma_e40,4,4,20,4,3,44,21.8749,0
oma_e40,4,4,20,4,3,45,23.1553,0
oma_e40,4,4,20,4,3,46,24.7497,0
oma_e40,4,4,20,4,3,47,20.7721,0
oma_e40,4,4,20,4,3,48,23.6716,0
oma_e40,4,4,20,4,3,49,23.0435,0
oma_e40,4,4,20,4,0,50,25.5378,0
oma_e40,4,4,20,4,0,51,25.2256,0
oma_e40,4,4,20,4,0,52,20.4540,0
oma_e40,4,4,20,4,0,53,24.8912,0
oma_e40,4,4,20,4,0,54,21.7370,0
oma_e40,4,4,20,4,0,55,17.3243,0
oma_e40,4,4,20,4,0,56,20.8273,0
oma_e40,4,4,20,4,0,57,20.9228,0
oma_e40,4,4,20,4,0,58,25.1919,0
oma_e40,4,4,20,4,0,59,26.0957,1
oma_e40,4,4,20,4,0,60,25.4775,0
oma_e40,4,4,20,4,0,61,24.3355,0
oma_e40,4,4,20,4,0,62,23.1594,1
oma_e40,4,4,20,4,0,63,23.6527,0
oma_e40,4,4,20,4,0,64,26.9009,0
oma_e40,4,4,20,4,0,65,20.1871,0
oma_e40,4,4,20,4,0,66,23.5455,0
oma_e40,4,4,20,4,0,67,27.4827,0
oma_e40,4,4,20,4,0,68,23.8601,0
oma_e40,4,4,20,4,0,69,23.7887,0
oma_e40,4,4,20,4,0,70,28.8338,0
oma_e40,4,4,20,4,0,71,24.0857,0
oma_e40,4,4,20,4,0,72,24.7011,0
oma_e40,4,4,20,4,0,73,26.7306,0
oma_e40,4,4,20,4,0,74,21.7290,0
oma_e40,4,4,20,4,1,50,23.3966,1
oma_e40,4,4,20,4,1,51,23.6230,0
oma_e40,4,4,20,4,1,52,24.9615,0
oma_e40,4,4,20,4,1,53,23.9702,0
oma_e40,4,4,20,4,1,54,17.6104,0
oma_e40,4,4,20,4,1,55,26.0157,0
oma_e40,4,4,20,4,1,56,27.1926,0
oma_e40,4,4,20,4,1,57,22.7484,0
oma_e40,4,4,20,4,1,58,26.7264,0
oma_e40,4,4,20,4,1,59,21.2785,0
oma_e40,4,4,20,4,1,60,27.1177,0
oma_e40,4,4,20,4,1,61,23.9677,0
oma_e40,4,4,20,4,1,62,25.8292,0
oma_e40,4,4,20,4,1,63,31.2350,1
oma_e40,4,4,20,4,1,64,26.2156,0
oma_e40,4,4,20,4,1,65,27.6380,0
oma_e40,4,4,20,4,1,66,26.0185,0
oma_e40,4,4,20,4,1,67,23.1326,0
oma_e40,4,4,20,4,1,68,21.9766,0
oma_e40,4,4,20,4,1,69,25.8634,1
oma_e40,4,4,20,4,1,70,22.9986,0
oma_e40,4,4,20,4,1,71,28.5815,0
oma_e40,4,4,20,4,1,72,26.2490,0
oma_e40,4,4,20,4,1,73,21.3916,0
oma_e40,4,4,20,4,1,74,23.0560,0
oma_e40,4,4,20,4,2,50,21.8372,0
oma_e40,4,4,20,4,2,51,25.8403,0
oma_e40,4,4,20,4,2,52,25.8139,0
oma_e40,4,4,20,4,2,53,22.7262,0
oma_e40,4,4,20,4,2,54,19.3600,0
oma_e40,4,4,20,4,2,55,30.3976,0
oma_e40,4,4,20,4,2,56,28.9349,0
oma_e40,4,4,20,4,2,57,26.5757,0
oma_e40,4,4,20,4,2,58,22.4446,0
oma_e40,4,4,20,4,2,59,21.7910,0
oma_e40,4,4,20,4,2,60,21.3098,1
oma_e40,4,4,20,4,2,61,23.4800,0
oma_e40,4,4,20,4,2,62,21.9847,0
oma_e40,4,4,20,4,2,63,23.0806,0
oma_e40,4,4,20,4,2,64,20.3890,0
oma_e40,4,4,20,4,2,65,25.1000,0
oma_e40,4,4,20,4,2,66,24.0231,0
oma_e40,4,4,20,4,2,67,23.5939,0
oma_e40,4,4,20,4,2,68,22.1552,1
oma_e40,4,4,20,4,2,69,28.0568,0
oma_e40,4,4,20,4,2,70,22.4985,0
oma_e40,4,4,20,4,2,71,24.4904,0
oma_e40,4,4,20,4,2,72,24.2548,0
oma_e40,4,4,20,4,2,73,21.1872,0
oma_e40,4,4,20,4,2,74,20.1600,0
oma_e40,4,4,20,4,3,50,22.3839,0
oma_e40,4,4,20,4,3,51,28.0131,0
oma_e40,4,4,20,4,3,52,24.2276,0
oma_e40,4,4,20,4,3,53,21.9335,0
oma_e40,4,4,20,4,3,54,25.2601,0
oma_e40,4,4,20,4,3,55,24.4098,0
oma_e40,4,4,20,4,3,56,31.1543,0
oma_e40,4,4,20,4,3,57,23.9780,0
oma_e40,4,4,20,4,3,58,23.9465,0
oma_e40,4,4,20,4,3,59,26.7894,0
oma_e40,4,4,20,4,3,60,24.5960,0
oma_e40,4,4,20,4,3,61,25.6551,0
oma_e40,4,4,20,4,3,62,22.1461,0
oma_e40,4,4,20,4,3,63,26.1095,0
oma_e40,4,4,20,4,3,64,28.8236,0
oma_e40,4,4,20,4,3,65,27.3776,0
oma_e40,4,4,20,4,3,66,25.6002,0
oma_e40,4,4,20,4,3,67,21.7278,0
oma_e40,4,4,20,4,3,68,25.3544,0
oma_e40,4,4,20,4,3,69,27.5115,0
oma_e40,4,4,20,4,3,70,25.6903,0
oma_e40,4,4,20,4,3,71,23.4816,0
oma_e40,4,4,20,4,3,72,24.8902,0
oma_e40,4,4,20,4,3,73,26.0845,0
oma_e40,4,4,20,4,3,74,22.7600,1
oma_e40,4,4,20,4,0,75,20.5381,0
oma_e40,4,4,20,4,0,76,27.2758,0
oma_e40,4,4,20,4,0,77,22.1285,0
oma_e40,4,4,20,4,0,78,23.8988,0
oma_e40,4,4,20,4,0,79,27.0390,0
oma_e40,4,4,20,4,0,80,17.4480,1
oma_e40,4,4,20,4,0,81,21.4077,0
oma_e40,4,4,20,4,0,82,22.8034,0
oma_e40,4,4,20,4,0,83,19.3747,1
oma_e40,4,4,20,4,0,84,22.1012,0
oma_e40,4,4,20,4,0,85,22.4409,0
oma_e40,4,4,20,4,0,86,21.8523,1
oma_e40,4,4,20,4,0,87,21.7011,0
oma_e40,4,4,20,4,0,88,24.1691,0
oma_e40,4,4,20,4,0,89,23.2303,0
oma_e40,4,4,20,4,0,90,22.2369,0
oma_e40,4,4,20,4,0,91,22.7803,0
oma_e40,4,4,20,4,0,92,24.2590,0
oma_e40,4,4,20,4,0,93,23.0678,1
oma_e40,4,4,20,4,0,94,24.7636,1
oma_e40,4,4,20,4,0,95,23.1287,0
oma_e40,4,4,20,4,0,96,26.9021,1
oma_e40,4,4,20,4,0,97,25.0916,0
oma_e40,4,4,20,4,0,98,25.2712,0
oma_e40,4,4,20,4,0,99,24.9197,0
oma_e40,4,4,20,4,1,75,22.2830,0
oma_e40,4,4,20,4,1,76,25.1637,0
oma_e40,4,4,20,4,1,77,28.3034,0
oma_e40,4,4,20,4,1,78,23.7525,1
oma_e40,4,4,20,4,1,79,22.3747,1
oma_e40,4,4,20,4,1,80,17.2963,1
oma_e40,4,4,20,4,1,81,26.8841,1
oma_e40,4,4,20,4,1,82,30.0346,0
oma_e40,4,4,20,4,1,83,23.8605,1
oma_e40,4,4,20,4,1,84,20.1258,0
oma_e40,4,4,20,4,1,85,26.7855,1
oma_e40,4,4,20,4,1,86,27.4133,0
oma_e40,4,4,20,4,1,87,26.6077,1
oma_e40,4,4,20,4,1,88,23.5370,0
oma_e40,4,4,20,4,1,89,23.8905,0
oma_e40,4,4,20,4,1,90,20.5526,0
oma_e40,4,4,20,4,1,91,22.0236,1
oma_e40,4,4,20,4,1,92,23.2377,0
oma_e40,4,4,20,4,1,93,23.1303,0
oma_e40,4,4,20,4,1,94,27.0104,0
oma_e40,4,4,20,4,1,95,21.5311,0
oma_e40,4,4,20,4,1,96,23.3185,0
oma_e40,4,4,20,4,1,97,28.2400,0
oma_e40,4,4,20,4,1,98,21.8665,0
oma_e40,4,4,20,4,1,99,23.7354,0
oma_e40,4,4,20,4,2,75,19.1070,1
oma_e40,4,4,20,4,2,76,24.9089,0
oma_e40,4,4,20,4,2,77,23.6766,0
oma_e40,4,4,20,4,2,78,24.9200,0
oma_e40,4,4,20,4,2,79,18.9180,0
oma_e40,4,4,20,4,2,80,18.6547,1
oma_e40,4,4,20,4,2,81,23.4718,1
oma_e40,4,4,20,4,2,82,25.3821,0
oma_e40,4,4,20,4,2,83,23.1451,0
oma_e40,4,4,20,4,2,84,27.0668,0
oma_e40,4,4,20,4,2,85,21.4941,0
oma_e40,4,4,20,4,2,86,23.7963,0
oma_e40,4,4,20,4,2,87,25.5664,0
oma_e40,4,4,20,4,2,88,25.6736,0
oma_e40,4,4,20,4,2,89,22.5045,0
oma_e40,4,4,20,4,2,90,23.6519,1
oma_e40,4,4,20,4,2,91,22.4139,0
oma_e40,4,4,20,4,2,92,23.5772,0
oma_e40,4,4,20,4,2,93,23.9922,1
oma_e40,4,4,20,4,2,94,22.3285,0
oma_e40,4,4,20,4,2,95,26.6988,0
oma_e40,4,4,20,4,2,96,24.0731,0
oma_e40,4,4,20,4,2,97,24.8917,0
oma_e40,4,4,20,4,2,98,26.7448,0
oma_e40,4,4,20,4,2,99,21.1904,0
oma_e40,4,4,20,4,3,75,28.3232,0
oma_e40,4,4,20,4,3,76,25.8513,1
oma_e40,4,4,20,4,3,77,26.1013,0
oma_e40,4,4,20,4,3,78,23.1452,0
oma_e40,4,4,20,4,3,79,23.1361,0
oma_e40,4,4,20,4,3,80,19.9674,0
oma_e40,4,4,20,4,3,81,22.6233,0
oma_e40,4,4,20,4,3,82,25.7518,0
oma_e40,4,4,20,4,3,83,25.6382,0
oma_e40,4,4,20,4,3,84,26.2698,1
oma_e40,4,4,20,4,3,85,23.3696,0
oma_e40,4,4,20,4,3,86,21.7367,0
oma_e40,4,4,20,4,3,87,18.7954,0
oma_e40,4,4,20,4,3,88,25.3332,0
oma_e40,4,4,20,4,3,89,25.2697,0
oma_e40,4,4,20,4,3,90,19.2191,0
oma_e40,4,4,20,4,3,91,23.4915,0
oma_e40,4,4,20,4,3,92,23.8445,0
oma_e40,4,4,20,4,3,93,23.3229,0
oma_e40,4,4,20,4,3,94,27.8642,0
oma_e40,4,4,20,4,3,95,20.0666,0
oma_e40,4,4,20,4,3,96,25.1051,0
oma_e40,4,4,20,4,3,97,22.8609,0
oma_e40,4,4,20,4,3,98,24.7341,0
oma_e40,4,4,20,4,3,99,27.1225,0
oma_e40,4,4,20,4,0,100,19.8291,0
oma_e40,4,4,20,4,0,101,25.7892,0
oma_e40,4,4,20,4,0,102,24.8792,0
oma_e40,4,4,20,4,0,103,20.7393,0
oma_e40,4,4,20,4,0,104,23.0083,0
oma_e40,4,4,20,4,0,105,23.6840,0
oma_e40,4,4,20,4,0,106,20.0882,1
oma_e40,4,4,20,4,0,107,23.0162,1
oma_e40,4,4,20,4,0,108,26.0057,0
oma_e40,4,4,20,4,0,109,23.7855,0
oma_e40,4,4,20,4,0,110,20.9051,0
oma_e40,4,4,20,4,0,111,25.2371,0
oma_e40,4,4,20,4,0,112,22.8641,0
oma_e40,4,4,20,4,0,113,24.8545,0
oma_e40,4,4,20,4,0,114,24.0754,0
oma_e40,4,4,20,4,0,115,23.0329,0
oma_e40,4,4,20,4,0,116,23.9247,0
oma_e40,4,4,20,4,0,117,23.4306,0
oma_e40,4,4,20,4,0,118,24.0708,1
oma_e40,4,4,20,4,0,119,23.9469,0
oma_e40,4,4,20,4,0,120,20.7364,1
oma_e40,4,4,20,4,0,121,24.1039,0
oma_e40,4,4,20,4,0,122,18.6111,0
oma_e40,4,4,20,4,0,123,20.1405,0
oma_e40,4,4,20,4,0,124,21.3657,0
oma_e40,4,4,20,4,1,100,23.2582,0
oma_e40,4,4,20,4,1,101,21.4264,0
oma_e40,4,4,20,4,1,102,21.8853,1
oma_e40,4,4,20,4,1,103,24.5254,0
oma_e40,4,4,20,4,1,104,21.7549,1
oma_e40,4,4,20,4,1,105,30.1082,0
oma_e40,4,4,20,4,1,106,20.4305,1
oma_e40,4,4,20,4,1,107,28.5379,0
oma_e40,4,4,20,4,1,108,27.1143,0
oma_e40,4,4,20,4,1,109,23.5163,0
oma_e40,4,4,20,4,1,110,21.9833,1
oma_e40,4,4,20,4,1,111,25.3925,0
oma_e40,4,4,20,4,1,112,24.7038,0
oma_e40,4,4,20,4,1,113,23.7593,0
oma_e40,4,4,20,4,1,114,22.7900,1
oma_e40,4,4,20,4,1,115,22.1426,1
oma_e40,4,4,20,4,1,116,20.2617,0
oma_e40,4,4,20,4,1,117,24.2897,0
oma_e40,4,4,20,4,1,118,25.9395,0
oma_e40,4,4,20,4,1,119,20.1474,0
oma_e40,4,4,20,4,1,120,21.4106,1
oma_e40,4,4,20,4,1,121,24.3755,1
oma_e40,4,4,20,4,1,122,23.3253,0
oma_e40,4,4,20,4,1,123,27.2319,0
oma_e40,4,4,20,4,1,124,25.6886,0
oma_e40,4,4,20,4,2,100,26.2412,0
oma_e40,4,4,20,4,2,101,24.3012,0
oma_e40,4,4,20,4,2,102,22.9669,1
oma_e40,4,4,20,4,2,103,20.5922,0
oma_e40,4,4,20,4,2,104,26.1162,0
oma_e40,4,4,20,4,2,105,20.9560,0
oma_e40,4,4,20,4,2,106,21.9402,1
oma_e40,4,4,20,4,2,107,20.1897,1
oma_e40,4,4,20,4,2,108,21.6347,0
oma_e40,4,4,20,4,2,109,24.7480,0
oma_e40,4,4,20,4,2,110,25.4516,0
oma_e40,4,4,20,4,2,111,25.9116,0
oma_e40,4,4,20,4,2,112,26.2259,0
oma_e40,4,4,20,4,2,113,23.1978,1
oma_e40,4,4,20,4,2,114,25.4447,0
oma_e40,4,4,20,4,2,115,21.1322,1
oma_e40,4,4,20,4,2,116,21.9743,0
oma_e40,4,4,20,4,2,117,23.4493,1
oma_e40,4,4,20,4,2,118,21.4525,0
oma_e40,4,4,20,4,2,119,23.2700,1
oma_e40,4,4,20,4,2,120,19.8083,0
oma_e40,4,4,20,4,2,121,20.0936,0
oma_e40,4,4,20,4,2,122,23.7580,1
oma_e40,4,4,20,4,2,123,28.6877,0
oma_e40,4,4,20,4,2,124,24.0474,1
oma_e40,4,4,20,4,3,100,24.6039,0
oma_e40,4,4,20,4,3,101,22.9211,0
oma_e40,4,4,20,4,3,102,24.1179,0
oma_e40,4,4,20,4,3,103,22.2651,0
oma_e40,4,4,20,4,3,104,25.8125,1
oma_e40,4,4,20,4,3,105,22.4107,0
oma_e40,4,4,20,4,3,106,22.4630,0
oma_e40,4,4,20,4,3,107,22.9680,0
oma_e40,4,4,20,4,3,108,19.4793,0
oma_e40,4,4,20,4,3,109,20.8112,1
oma_e40,4,4,20,4,3,110,26.0611,0
oma_e40,4,4,20,4,3,111,24.8537,0
oma_e40,4,4,20,4,3,112,25.4866,0
oma_e40,4,4,20,4,3,113,21.2956,1
oma_e40,4,4,20,4,3,114,21.3559,1
oma_e40,4,4,20,4,3,115,21.3815,1
oma_e40,4,4,20,4,3,116,26.9168,0
oma_e40,4,4,20,4,3,117,22.1841,0
oma_e40,4,4,20,4,3,118,24.3185,0
oma_e40,4,4,20,4,3,119,21.2340,0
oma_e40,4,4,20,4,3,120,19.9463,1
oma_e40,4,4,20,4,3,121,20.4727,0
oma_e40,4,4,20,4,3,122,27.9471,1
oma_e40,4,4,20,4,3,123,25.6236,0
oma_e40,4,4,20,4,3,124,21.9856,0
oma_e40,4,4,20,4,0,125,21.4691,0
oma_e40,4,4,20,4,0,126,23.9575,0
oma_e40,4,4,20,4,0,127,24.0997,0
oma_e40,4,4,20,4,0,128,22.6532,0
oma_e40,4,4,20,4,0,129,18.4413,0
oma_e40,4,4,20,4,0,130,27.4234,0
oma_e40,4,4,20,4,0,131,20.3254,1
oma_e40,4,4,20,4,0,132,23.0356,0
oma_e40,4,4,20,4,0,133,23.6411,0
oma_e40,4,4,20,4,0,134,25.4906,1
oma_e40,4,4,20,4,0,135,23.9527,0
oma_e40,4,4,20,4,0,136,25.7908,0
oma_e40,4,4,20,4,0,137,23.9042,1
oma_e40,4,4,20,4,0,138,21.5337,0
oma_e40,4,4,20,4,0,139,24.4575,0
oma_e40,4,4,20,4,0,140,20.0535,0
oma_e40,4,4,20,4,0,141,21.6849,1
oma_e40,4,4,20,4,0,142,26.6884,0
oma_e40,4,4,20,4,0,143,25.3011,0
oma_e40,4,4,20,4,0,144,24.6865,0
oma_e40,4,4,20,4,0,145,28.3352,0
oma_e40,4,4,20,4,0,146,28.3411,0
oma_e40,4,4,20,4,0,147,24.5169,0
oma_e40,4,4,20,4,0,148,23.9982,0
oma_e40,4,4,20,4,0,149,23.3886,0
oma_e40,4,4,20,4,1,125,25.5620,0
oma_e40,4,4,20,4,1,126,21.8454,1
oma_e40,4,4,20,4,1,127,23.7192,0
oma_e40,4,4,20,4,1,128,23.8201,0
oma_e40,4,4,20,4,1,129,20.0981,0
oma_e40,4,4,20,4,1,130,18.2327,0
oma_e40,4,4,20,4,1,131,22.7813,0
oma_e40,4,4,20,4,1,132,20.7583,0
oma_e40,4,4,20,4,1,133,25.4385,0
oma_e40,4,4,20,4,1,134,24.0205,0
oma_e40,4,4,20,4,1,135,25.2884,0
oma_e40,4,4,20,4,1,136,25.1142,0
oma_e40,4,4,20,4,1,137,24.8135,1
oma_e40,4,4,20,4,1,138,22.1858,0
oma_e40,4,4,20,4,1,139,24.1042,0
oma_e40,4,4,20,4,1,140,25.3902,1
oma_e40,4,4,20,4,1,141,21.1744,0
oma_e40,4,4,20,4,1,142,21.9349,0
oma_e40,4,4,20,4,1,143,21.0256,0
oma_e40,4,4,20,4,1,144,26.6264,0
oma_e40,4,4,20,4,1,145,26.6929,0
oma_e40,4,4,20,4,1,146,27.2305,0
oma_e40,4,4,20,4,1,147,29.7960,0
oma_e40,4,4,20,4,1,148,23.7131,0
oma_e40,4,4,20,4,1,149,21.0170,0
oma_e40,4,4,20,4,2,125,24.3998,0
oma_e40,4,4,20,4,2,126,21.9332,0
oma_e40,4,4,20,4,2,127,23.3613,1
oma_e40,4,4,20,4,2,128,21.6173,0
oma_e40,4,4,20,4,2,129,20.1544,0
oma_e40,4,4,20,4,2,130,22.1441,0
oma_e40,4,4,20,4,2,131,31.4396,0
oma_e40,4,4,20,4,2,132,25.2342,0
oma_e40,4,4,20,4,2,133,20.2570,1
oma_e40,4,4,20,4,2,134,21.8869,0
oma_e40,4,4,20,4,2,135,25.5861,0
oma_e40,4,4,20,4,2,136,22.9781,0
oma_e40,4,4,20,4,2,137,23.3977,0
oma_e40,4,4,20,4,2,138,24.5444,0
oma_e40,4,4,20,4,2,139,24.3165,0
oma_e40,4,4,20,4,2,140,24.9372,0
oma_e40,4,4,20,4,2,141,24.6129,0
oma_e40,4,4,20,4,2,142,24.4098,0
oma_e40,4,4,20,4,2,143,25.4564,0
oma_e40,4,4,20,4,2,144,23.6979,0
oma_e40,4,4,20,4,2,145,26.4213,0
oma_e40,4,4,20,4,2,146,22.3549,0
oma_e40,4,4,20,4,2,147,22.1148,0
oma_e40,4,4,20,4,2,148,24.6539,0
oma_e40,4,4,20,4,2,149,18.8528,0
oma_e40,4,4,20,4,3,125,27.1941,0
oma_e40,4,4,20,4,3,126,20.3763,0
oma_e40,4,4,20,4,3,127,23.1628,0
oma_e40,4,4,20,4,3,128,27.0768,0
oma_e40,4,4,20,4,3,129,20.2430,1
oma_e40,4,4,20,4,3,130,24.9286,1
oma_e40,4,4,20,4,3,131,27.5542,0
oma_e40,4,4,20,4,3,132,24.2876,0
oma_e40,4,4,20,4,3,133,20.0356,0
oma_e40,4,4,20,4,3,134,22.1972,0
oma_e40,4,4,20,4,3,135,22.9551,0
oma_e40,4,4,20,4,3,136,21.4773,0
oma_e40,4,4,20,4,3,137,19.4372,0
oma_e40,4,4,20,4,3,138,21.7650,0
oma_e40,4,4,20,4,3,139,23.9709,0
oma_e40,4,4,20,4,3,140,21.7493,1
oma_e40,4,4,20,4,3,141,26.4798,0
oma_e40,4,4,20,4,3,142,23.6028,0
oma_e40,4,4,20,4,3,143,27.9864,0
oma_e40,4,4,20,4,3,144,26.5414,0
oma_e40,4,4,20,4,3,145,27.5224,0
oma_e40,4,4,20,4,3,146,19.7726,0
oma_e40,4,4,20,4,3,147,20.0696,0
oma_e40,4,4,20,4,3,148,23.2457,1
oma_e40,4,4,20,4,3,149,19.7168,0
oma_e40,4,4,20,4,0,150,20.1973,0
oma_e40,4,4,20,4,0,151,23.5556,1
oma_e40,4,4,20,4,0,152,23.5956,0
oma_e40,4,4,20,4,0,153,23.6283,0
oma_e40,4,4,20,4,0,154,18.2963,0
oma_e40,4,4,20,4,0,155,25.2683,1
oma_e40,4,4,20,4,0,156,27.1930,0
oma_e40,4,4,20,4,0,157,23.6259,0
oma_e40,4,4,20,4,0,158,25.6988,0
oma_e40,4,4,20,4,0,159,20.5462,0
oma_e40,4,4,20,4,0,160,21.4256,0
oma_e40,4,4,20,4,0,161,26.0335,0
oma_e40,4,4,20,4,0,162,21.9131,0
oma_e40,4,4,20,4,0,163,24.2448,0
oma_e40,4,4,20,4,0,164,16.7673,1
oma_e40,4,4,20,4,0,165,21.0564,0
oma_e40,4,4,20,4,0,166,26.3264,0
oma_e40,4,4,20,4,0,167,22.8872,0
oma_e40,4,4,20,4,0,168,24.3315,0
oma_e40,4,4,20,4,0,169,26.2329,0
oma_e40,4,4,20,4,0,170,22.0433,0
oma_e40,4,4,20,4,0,171,23.8084,1
oma_e40,4,4,20,4,0,172,21.3629,1
oma_e40,4,4,20,4,0,173,25.7678,1
oma_e40,4,4,20,4,0,174,18.8903,0
oma_e40,4,4,20,4,1,150,20.3196,1
oma_e40,4,4,20,4,1,151,27.0050,0
oma_e40,4,4,20,4,1,152,22.1359,0
oma_e40,4,4,20,4,1,153,27.1493,0
oma_e40,4,4,20,4,1,154,19.3336,1
oma_e40,4,4,20,4,1,155,28.9865,1
oma_e40,4,4,20,4,1,156,24.5191,0
oma_e40,4,4,20,4,1,157,19.5557,1
oma_e40,4,4,20,4,1,158,20.0281,1
oma_e40,4,4,20,4,1,159,24.2582,1
oma_e40,4,4,20,4,1,160,22.3476,0
oma_e40,4,4,20,4,1,161,28.5511,0
oma_e40,4,4,20,4,1,162,21.9794,0
oma_e40,4,4,20,4,1,163,19.7845,0
oma_e40,4,4,20,4,1,164,16.5429,1
oma_e40,4,4,20,4,1,165,23.6592,0
oma_e40,4,4,20,4,1,166,27.3159,0
oma_e40,4,4,20,4,1,167,23.6101,0
oma_e40,4,4,20,4,1,168,24.6267,0
oma_e40,4,4,20,4,1,169,24.1301,0
oma_e40,4,4,20,4,1,170,26.9605,0
oma_e40,4,4,20,4,1,171,21.5841,0
oma_e40,4,4,20,4,1,172,22.7774,1
oma_e40,4,4,20,4,1,173,22.2552,0
oma_e40,4,4,20,4,1,174,27.5609,0
oma_e40,4,4,20,4,2,150,23.5854,0
oma_e40,4,4,20,4,2,151,18.3824,0
oma_e40,4,4,20,4,2,152,27.5328,0
oma_e40,4,4,20,4,2,153,24.7464,0
oma_e40,4,4,20,4,2,154,32.0392,1
oma_e40,4,4,20,4,2,155,24.7531,0
oma_e40,4,4,20,4,2,156,24.3295,1
oma_e40,4,4,20,4,2,157,20.8147,1
oma_e40,4,4,20,4,2,158,27.9353,0
oma_e40,4,4,20,4,2,159,24.5736,0
oma_e40,4,4,20,4,2,160,20.6996,0
oma_e40,4,4,20,4,2,161,23.6282,0
oma_e40,4,4,20,4,2,162,18.9147,0
oma_e40,4,4,20,4,2,163,25.2218,1
oma_e40,4,4,20,4,2,164,17.6060,1
oma_e40,4,4,20,4,2,165,24.9771,0
oma_e40,4,4,20,4,2,166,21.7476,0
oma_e40,4,4,20,4,2,167,24.9240,0
oma_e40,4,4,20,4,2,168,24.5121,0
oma_e40,4,4,20,4,2,169,22.1841,0
oma_e40,4,4,20,4,2,170,24.5175,0
oma_e40,4,4,20,4,2,171,25.4095,0
oma_e40,4,4,20,4,2,172,22.9260,0
oma_e40,4,4,20,4,2,173,20.4956,0
oma_e40,4,4,20,4,2,174,19.2856,0
oma_e40,4,4,20,4,3,150,21.3566,0
oma_e40,4,4,20,4,3,151,22.2678,0
oma_e40,4,4,20,4,3,152,26.1126,0
oma_e40,4,4,20,4,3,153,22.5798,0
oma_e40,4,4,20,4,3,154,28.6008,0
oma_e40,4,4,20,4,3,155,25.7878,0
oma_e40,4,4,20,4,3,156,21.8743,0
oma_e40,4,4,20,4,3,157,31.9717,0
oma_e40,4,4,20,4,3,158,20.6541,0
oma_e40,4,4,20,4,3,159,26.0696,0
oma_e40,4,4,20,4,3,160,25.2980,0
oma_e40,4,4,20,4,3,161,21.1261,0
oma_e40,4,4,20,4,3,162,18.1734,1
oma_e40,4,4,20,4,3,163,22.6225,1
oma_e40,4,4,20,4,3,164,18.0642,1
oma_e40,4,4,20,4,3,165,23.1429,0
oma_e40,4,4,20,4,3,166,23.5463,1
oma_e40,4,4,20,4,3,167,25.0512,0
oma_e40,4,4,20,4,3,168,23.5796,1
oma_e40,4,4,20,4,3,169,24.9370,0
oma_e40,4,4,20,4,3,170,27.2874,0
oma_e40,4,4,20,4,3,171,22.9205,0
oma_e40,4,4,20,4,3,172,21.4155,0
oma_e40,4,4,20,4,3,173,21.7961,1
oma_e40,4,4,20,4,3,174,26.0552,0
oma_e40,4,4,20,4,0,175,28.6833,0
oma_e40,4,4,20,4,0,176,28.6989,0
oma_e40,4,4,20,4,0,177,24.9980,0
oma_e40,4,4,20,4,0,178,25.5925,0
oma_e40,4,4,20,4,0,179,24.6301,0
oma_e40,4,4,20,4,0,180,26.6292,0
oma_e40,4,4,20,4,0,181,21.0004,0
oma_e40,4,4,20,4,0,182,22.4864,0
oma_e40,4,4,20,4,0,183,23.1702,0
oma_e40,4,4,20,4,0,184,24.7250,0
oma_e40,4,4,20,4,0,185,23.7938,0
oma_e40,4,4,20,4,0,186,21.3270,1
oma_e40,4,4,20,4,0,187,27.2986,0
oma_e40,4,4,20,4,0,188,20.7303,0
oma_e40,4,4,20,4,0,189,23.9058,0
oma_e40,4,4,20,4,0,190,24.4218,0
oma_e40,4,4,20,4,0,191,21.5783,0
oma_e40,4,4,20,4,0,192,25.0881,1
oma_e40,4,4,20,4,0,193,27.7908,0
oma_e40,4,4,20,4,0,194,21.3449,0
oma_e40,4,4,20,4,0,195,24.2743,0
oma_e40,4,4,20,4,0,196,27.0843,0
oma_e40,4,4,20,4,0,197,27.3758,0
oma_e40,4,4,20,4,0,198,25.4207,0
oma_e40,4,4,20,4,0,199,26.8096,0
oma_e40,4,4,20,4,1,175,24.0834,0
oma_e40,4,4,20,4,1,176,24.8121,0
oma_e40,4,4,20,4,1,177,24.3075,0
oma_e40,4,4,20,4,1,178,28.9391,0
oma_e40,4,4,20,4,1,179,23.9920,0
oma_e40,4,4,20,4,1,180,23.8534,0
oma_e40,4,4,20,4,1,181,18.9196,0
oma_e40,4,4,20,4,1,182,21.2984,0
oma_e40,4,4,20,4,1,183,20.8715,0
oma_e40,4,4,20,4,1,184,23.9753,1
oma_e40,4,4,20,4,1,185,20.7782,0
oma_e40,4,4,20,4,1,186,19.8207,1
oma_e40,4,4,20,4,1,187,23.5555,0
oma_e40,4,4,20,4,1,188,23.6885,0
oma_e40,4,4,20,4,1,189,20.0472,1
oma_e40,4,4,20,4,1,190,25.4939,0
oma_e40,4,4,20,4,1,191,19.8196,1
oma_e40,4,4,20,4,1,192,22.9018,0
oma_e40,4,4,20,4,1,193,25.2339,0
oma_e40,4,4,20,4,1,194,22.7496,0
oma_e40,4,4,20,4,1,195,22.8413,0
oma_e40,4,4,20,4,1,196,20.5953,0
oma_e40,4,4,20,4,1,197,23.9146,0
oma_e40,4,4,20,4,1,198,23.5619,0
oma_e40,4,4,20,4,1,199,19.7053,0
oma_e40,4,4,20,4,2,175,20.4851,0
oma_e40,4,4,20,4,2,176,29.2303,1
oma_e40,4,4,20,4,2,177,27.1367,0
oma_e40,4,4,20,4,2,178,21.2672,1
oma_e40,4,4,20,4,2,179,24.4942,0
oma_e40,4,4,20,4,2,180,21.8810,0
oma_e40,4,4,20,4,2,181,20.1377,0
oma_e40,4,4,20,4,2,182,20.3403,0
oma_e40,4,4,20,4,2,183,23.7827,0
oma_e40,4,4,20,4,2,184,22.2927,0
oma_e40,4,4,20,4,2,185,27.5295,0
oma_e40,4,4,20,4,2,186,19.6220,0
oma_e40,4,4,20,4,2,187,26.0935,0
oma_e40,4,4,20,4,2,188,25.8890,0
oma_e40,4,4,20,4,2,189,21.5444,0
oma_e40,4,4,20,4,2,190,25.2469,0
oma_e40,4,4,20,4,2,191,21.2440,1
oma_e40,4,4,20,4,2,192,26.0014,0
oma_e40,4,4,20,4,2,193,27.2085,0
oma_e40,4,4,20,4,2,194,22.3149,0
oma_e40,4,4,20,4,2,195,32.5277,0
oma_e40,4,4,20,4,2,196,20.6832,0
oma_e40,4,4,20,4,2,197,26.0106,1
oma_e40,4,4,20,4,2,198,24.6560,0
oma_e40,4,4,20,4,2,199,24.0115,0
oma_e40,4,4,20,4,3,175,27.0377,0
oma_e40,4,4,20,4,3,176,22.6881,0
oma_e40,4,4,20,4,3,177,25.4148,0
oma_e40,4,4,20,4,3,178,25.7372,0
oma_e40,4,4,20,4,3,179,18.5508,1
oma_e40,4,4,20,4,3,180,22.5243,0
oma_e40,4,4,20,4,3,181,21.6701,0
oma_e40,4,4,20,4,3,182,19.1619,0
oma_e40,4,4,20,4,3,183,15.3575,0
oma_e40,4,4,20,4,3,184,25.8302,0
oma_e40,4,4,20,4,3,185,27.4244,0
oma_e40,4,4,20,4,3,186,23.9218,0
oma_e40,4,4,20,4,3,187,23.9271,0
oma_e40,4,4,20,4,3,188,25.2257,0
oma_e40,4,4,20,4,3,189,21.3445,0
oma_e40,4,4,20,4,3,190,22.2326,0
oma_e40,4,4,20,4,3,191,21.6761,1
oma_e40,4,4,20,4,3,192,25.0531,0
oma_e40,4,4,20,4,3,193,22.7363,0
oma_e40,4,4,20,4,3,194,24.9694,0
oma_e40,4,4,20,4,3,195,26.6113,0
oma_e40,4,4,20,4,3,196,24.5806,0
oma_e40,4,4,20,4,3,197,20.9279,0
oma_e40,4,4,20,4,3,198,24.3876,0
oma_e40,4,4,20,4,3,199,24.4300,0
